Current cuda device: 0
[ACS] sanity check passed on 8 volumes
Model params: 6.01M
[Sensitivity] compute_sens_per_coil=True
[LR] MultiStepLR enabled | initial=0.0002 milestones=[16, 27] gamma=0.3
[Loss] foreground_ssim + 0.3 * bbox_ssim
[Validation] official foreground/bbox metrics with equal acc4/acc8 weighting
[MaskAug] enabled | acc=[4, 8] random_ratio=0.0 schedule=exp start=16 plateau=25
[MRAugment] enabled | schedule=exp delay=30 strength=0.5 max_epochs=49
Epoch # 0 ............... promptmr8_metric_aligned_50ep_v1 ............... LR=0.0002
  mask-aug p = 0.000
  mr-aug   p = 0.000
Epoch = [  0/ 50] Iter = [   0/4651] Loss = 0.6352 Full = 0.6352 BBox = 0 Boxes = 0 Time = 2.6317s
Epoch = [  0/ 50] Iter = [ 100/4651] Loss = 0.1674 Full = 0.1229 BBox = 0.1485 Boxes = 1 Time = 215.1637s
Epoch = [  0/ 50] Iter = [ 200/4651] Loss = 0.08405 Full = 0.08405 BBox = 0 Boxes = 0 Time = 220.0052s
Epoch = [  0/ 50] Iter = [ 300/4651] Loss = 0.09765 Full = 0.09765 BBox = 0 Boxes = 0 Time = 215.8715s
Epoch = [  0/ 50] Iter = [ 400/4651] Loss = 0.1873 Full = 0.1873 BBox = 0 Boxes = 0 Time = 216.3403s
Epoch = [  0/ 50] Iter = [ 500/4651] Loss = 0.2853 Full = 0.2156 BBox = 0.2324 Boxes = 3 Time = 218.3402s
Epoch = [  0/ 50] Iter = [ 600/4651] Loss = 0.1161 Full = 0.1161 BBox = 0 Boxes = 0 Time = 216.9030s
Epoch = [  0/ 50] Iter = [ 700/4651] Loss = 0.1335 Full = 0.09143 BBox = 0.1401 Boxes = 1 Time = 216.7300s
Epoch = [  0/ 50] Iter = [ 800/4651] Loss = 0.1658 Full = 0.1658 BBox = 0 Boxes = 0 Time = 216.6241s
Epoch = [  0/ 50] Iter = [ 900/4651] Loss = 0.09538 Full = 0.07053 BBox = 0.08284 Boxes = 1 Time = 216.4107s
Epoch = [  0/ 50] Iter = [1000/4651] Loss = 0.1416 Full = 0.1009 BBox = 0.1358 Boxes = 2 Time = 216.2072s
Epoch = [  0/ 50] Iter = [1100/4651] Loss = 0.2008 Full = 0.168 BBox = 0.1092 Boxes = 1 Time = 222.1465s
Epoch = [  0/ 50] Iter = [1200/4651] Loss = 0.1391 Full = 0.1391 BBox = 0 Boxes = 0 Time = 217.5446s
Epoch = [  0/ 50] Iter = [1300/4651] Loss = 0.08378 Full = 0.08378 BBox = 0 Boxes = 0 Time = 216.2897s
Epoch = [  0/ 50] Iter = [1400/4651] Loss = 0.1283 Full = 0.09401 BBox = 0.1142 Boxes = 1 Time = 217.1825s
Epoch = [  0/ 50] Iter = [1500/4651] Loss = 0.1425 Full = 0.1425 BBox = 0 Boxes = 0 Time = 216.9880s
Epoch = [  0/ 50] Iter = [1600/4651] Loss = 0.1266 Full = 0.1266 BBox = 0 Boxes = 0 Time = 217.0513s
Epoch = [  0/ 50] Iter = [1700/4651] Loss = 0.115 Full = 0.09218 BBox = 0.07595 Boxes = 2 Time = 216.5488s
Epoch = [  0/ 50] Iter = [1800/4651] Loss = 0.07714 Full = 0.07714 BBox = 0 Boxes = 0 Time = 218.9280s
Epoch = [  0/ 50] Iter = [1900/4651] Loss = 0.258 Full = 0.2168 BBox = 0.1373 Boxes = 1 Time = 217.6368s
Epoch = [  0/ 50] Iter = [2000/4651] Loss = 0.1844 Full = 0.1844 BBox = 0 Boxes = 0 Time = 217.2080s
Epoch = [  0/ 50] Iter = [2100/4651] Loss = 0.1424 Full = 0.1424 BBox = 0 Boxes = 0 Time = 217.2859s
Epoch = [  0/ 50] Iter = [2200/4651] Loss = 0.2525 Full = 0.1801 BBox = 0.2412 Boxes = 2 Time = 217.0871s
Epoch = [  0/ 50] Iter = [2300/4651] Loss = 0.01709 Full = 0.01709 BBox = 0 Boxes = 0 Time = 216.8751s
Epoch = [  0/ 50] Iter = [2400/4651] Loss = 0.1784 Full = 0.1462 BBox = 0.1073 Boxes = 1 Time = 216.1455s
Epoch = [  0/ 50] Iter = [2500/4651] Loss = 0.1901 Full = 0.1073 BBox = 0.2762 Boxes = 1 Time = 221.5453s
Epoch = [  0/ 50] Iter = [2600/4651] Loss = 0.07364 Full = 0.05871 BBox = 0.04974 Boxes = 2 Time = 216.6668s
Epoch = [  0/ 50] Iter = [2700/4651] Loss = 0.1252 Full = 0.1252 BBox = 0 Boxes = 0 Time = 217.4732s
Epoch = [  0/ 50] Iter = [2800/4651] Loss = 0.07407 Full = 0.05664 BBox = 0.05808 Boxes = 1 Time = 217.5943s
Epoch = [  0/ 50] Iter = [2900/4651] Loss = 0.08892 Full = 0.06329 BBox = 0.08543 Boxes = 2 Time = 216.4197s
Epoch = [  0/ 50] Iter = [3000/4651] Loss = 0.1718 Full = 0.1298 BBox = 0.1401 Boxes = 1 Time = 216.1718s
Epoch = [  0/ 50] Iter = [3100/4651] Loss = 0.07964 Full = 0.07964 BBox = 0 Boxes = 0 Time = 216.9788s
Epoch = [  0/ 50] Iter = [3200/4651] Loss = 0.1427 Full = 0.1427 BBox = 0 Boxes = 0 Time = 217.2772s
Epoch = [  0/ 50] Iter = [3300/4651] Loss = 0.04527 Full = 0.04527 BBox = 0 Boxes = 0 Time = 216.4389s
Epoch = [  0/ 50] Iter = [3400/4651] Loss = 0.07453 Full = 0.07453 BBox = 0 Boxes = 0 Time = 216.0762s
Epoch = [  0/ 50] Iter = [3500/4651] Loss = 0.2388 Full = 0.2388 BBox = 0 Boxes = 0 Time = 215.6667s
Epoch = [  0/ 50] Iter = [3600/4651] Loss = 0.1633 Full = 0.1633 BBox = 0 Boxes = 0 Time = 216.2454s
Epoch = [  0/ 50] Iter = [3700/4651] Loss = 0.1188 Full = 0.08761 BBox = 0.1039 Boxes = 1 Time = 221.4202s
Epoch = [  0/ 50] Iter = [3800/4651] Loss = 0.1649 Full = 0.1649 BBox = 0 Boxes = 0 Time = 216.1855s
Epoch = [  0/ 50] Iter = [3900/4651] Loss = 0.07199 Full = 0.07199 BBox = 0 Boxes = 0 Time = 216.3792s
Epoch = [  0/ 50] Iter = [4000/4651] Loss = 0.06599 Full = 0.06599 BBox = 0 Boxes = 0 Time = 216.8315s
Epoch = [  0/ 50] Iter = [4100/4651] Loss = 0.08931 Full = 0.06715 BBox = 0.07384 Boxes = 4 Time = 217.4065s
Epoch = [  0/ 50] Iter = [4200/4651] Loss = 0.1265 Full = 0.1265 BBox = 0 Boxes = 0 Time = 217.0091s
Epoch = [  0/ 50] Iter = [4300/4651] Loss = 0.1168 Full = 0.1168 BBox = 0 Boxes = 0 Time = 217.1520s
Epoch = [  0/ 50] Iter = [4400/4651] Loss = 0.1135 Full = 0.09895 BBox = 0.04834 Boxes = 1 Time = 220.4460s
Epoch = [  0/ 50] Iter = [4500/4651] Loss = 0.1552 Full = 0.1198 BBox = 0.1178 Boxes = 1 Time = 221.6780s
Epoch = [  0/ 50] Iter = [4600/4651] Loss = 0.1172 Full = 0.08449 BBox = 0.109 Boxes = 3 Time = 216.9805s
Epoch = [   0/  50] Train = 0.1284 TrainFull = 0.1152 TrainBBox = 0.1115 ValFull = 0.1014 ValBBox = 0.0773 ValObjective = 0.1246 ValSSIMFull = 0.8986 ValSSIMBBox = 0.9227 TrainAnnotatedSlices = 1824 TrainBoxes = 2593 ValAnnotatedSlices = 110 ValBoxes = 161 ValFullSlices = 791 LR = 0.0002 NextLR = 0.0002 TrainTime = 10110.1711s ValTime = 335.2077s
  Official validation by acceleration | full={'acc4': 0.9147177982974697, 'acc8': 0.8824593885801733} bbox={'acc4': 0.9357910808001724, 'acc8': 0.9096020294560326}
@@@@@@@@@@@@@@@@@@@@NewRecord@@@@@@@@@@@@@@@@@@@@
ForwardTime = 0.4182s
Epoch # 1 ............... promptmr8_metric_aligned_50ep_v1 ............... LR=0.0002
  mask-aug p = 0.000
  mr-aug   p = 0.000
Epoch = [  1/ 50] Iter = [   0/4651] Loss = 0.08881 Full = 0.08881 BBox = 0 Boxes = 0 Time = 2.1495s
Epoch = [  1/ 50] Iter = [ 100/4651] Loss = 0.04819 Full = 0.04819 BBox = 0 Boxes = 0 Time = 216.6295s
Epoch = [  1/ 50] Iter = [ 200/4651] Loss = 0.2085 Full = 0.1457 BBox = 0.2095 Boxes = 2 Time = 216.3550s
Epoch = [  1/ 50] Iter = [ 300/4651] Loss = 0.1867 Full = 0.1475 BBox = 0.1305 Boxes = 2 Time = 216.3874s
Epoch = [  1/ 50] Iter = [ 400/4651] Loss = 0.2186 Full = 0.1499 BBox = 0.2287 Boxes = 1 Time = 216.0582s
Epoch = [  1/ 50] Iter = [ 500/4651] Loss = 0.2206 Full = 0.1799 BBox = 0.1355 Boxes = 2 Time = 217.1018s
Epoch = [  1/ 50] Iter = [ 600/4651] Loss = 0.1007 Full = 0.1007 BBox = 0 Boxes = 0 Time = 217.6547s
Epoch = [  1/ 50] Iter = [ 700/4651] Loss = 0.08796 Full = 0.07345 BBox = 0.04836 Boxes = 2 Time = 217.0939s
Epoch = [  1/ 50] Iter = [ 800/4651] Loss = 0.0624 Full = 0.0624 BBox = 0 Boxes = 0 Time = 216.3005s
Epoch = [  1/ 50] Iter = [ 900/4651] Loss = 0.1693 Full = 0.1693 BBox = 0 Boxes = 0 Time = 216.8769s
Epoch = [  1/ 50] Iter = [1000/4651] Loss = 0.1256 Full = 0.1256 BBox = 0 Boxes = 0 Time = 216.1196s
Epoch = [  1/ 50] Iter = [1100/4651] Loss = 0.2177 Full = 0.164 BBox = 0.1791 Boxes = 1 Time = 217.2885s
Epoch = [  1/ 50] Iter = [1200/4651] Loss = 0.05318 Full = 0.05318 BBox = 0 Boxes = 0 Time = 215.7797s
Epoch = [  1/ 50] Iter = [1300/4651] Loss = 0.1465 Full = 0.1465 BBox = 0 Boxes = 0 Time = 217.1051s
Epoch = [  1/ 50] Iter = [1400/4651] Loss = 0.2513 Full = 0.1861 BBox = 0.2175 Boxes = 1 Time = 216.3284s
Epoch = [  1/ 50] Iter = [1500/4651] Loss = 0.1103 Full = 0.08865 BBox = 0.07205 Boxes = 2 Time = 216.9395s
Epoch = [  1/ 50] Iter = [1600/4651] Loss = 0.07366 Full = 0.07366 BBox = 0 Boxes = 0 Time = 221.4072s
Epoch = [  1/ 50] Iter = [1700/4651] Loss = 0.04838 Full = 0.03711 BBox = 0.03757 Boxes = 1 Time = 216.8516s
Epoch = [  1/ 50] Iter = [1800/4651] Loss = 0.09503 Full = 0.07155 BBox = 0.07826 Boxes = 1 Time = 216.3732s
Epoch = [  1/ 50] Iter = [1900/4651] Loss = 0.07435 Full = 0.07435 BBox = 0 Boxes = 0 Time = 217.5621s
Epoch = [  1/ 50] Iter = [2000/4651] Loss = 0.101 Full = 0.101 BBox = 0 Boxes = 0 Time = 225.9961s
Epoch = [  1/ 50] Iter = [2100/4651] Loss = 0.1144 Full = 0.08955 BBox = 0.08282 Boxes = 2 Time = 217.8486s
Epoch = [  1/ 50] Iter = [2200/4651] Loss = 0.09356 Full = 0.09356 BBox = 0 Boxes = 0 Time = 216.9057s
Epoch = [  1/ 50] Iter = [2300/4651] Loss = 0.0984 Full = 0.0984 BBox = 0 Boxes = 0 Time = 215.2454s
Epoch = [  1/ 50] Iter = [2400/4651] Loss = 0.2189 Full = 0.1926 BBox = 0.08753 Boxes = 1 Time = 216.0261s
Epoch = [  1/ 50] Iter = [2500/4651] Loss = 0.0409 Full = 0.0409 BBox = 0 Boxes = 0 Time = 216.4067s
Epoch = [  1/ 50] Iter = [2600/4651] Loss = 0.1278 Full = 0.1278 BBox = 0 Boxes = 0 Time = 217.2494s
Epoch = [  1/ 50] Iter = [2700/4651] Loss = 0.1132 Full = 0.1132 BBox = 0 Boxes = 0 Time = 216.4265s
Epoch = [  1/ 50] Iter = [2800/4651] Loss = 0.1043 Full = 0.1043 BBox = 0 Boxes = 0 Time = 215.1981s
Epoch = [  1/ 50] Iter = [2900/4651] Loss = 0.1219 Full = 0.1219 BBox = 0 Boxes = 0 Time = 216.4306s
Epoch = [  1/ 50] Iter = [3000/4651] Loss = 0.145 Full = 0.145 BBox = 0 Boxes = 0 Time = 216.3230s
Epoch = [  1/ 50] Iter = [3100/4651] Loss = 0.07711 Full = 0.0608 BBox = 0.05437 Boxes = 2 Time = 216.1579s
Epoch = [  1/ 50] Iter = [3200/4651] Loss = 0.06205 Full = 0.04875 BBox = 0.04431 Boxes = 2 Time = 216.2076s
Epoch = [  1/ 50] Iter = [3300/4651] Loss = 0.1959 Full = 0.1469 BBox = 0.1635 Boxes = 2 Time = 217.3991s
Epoch = [  1/ 50] Iter = [3400/4651] Loss = 0.08814 Full = 0.08814 BBox = 0 Boxes = 0 Time = 216.5845s
Epoch = [  1/ 50] Iter = [3500/4651] Loss = 0.0996 Full = 0.08838 BBox = 0.03742 Boxes = 1 Time = 216.2458s
Epoch = [  1/ 50] Iter = [3600/4651] Loss = 0.08616 Full = 0.08616 BBox = 0 Boxes = 0 Time = 215.7316s
Epoch = [  1/ 50] Iter = [3700/4651] Loss = 0.09735 Full = 0.09735 BBox = 0 Boxes = 0 Time = 216.4528s
Epoch = [  1/ 50] Iter = [3800/4651] Loss = 0.03733 Full = 0.03733 BBox = 0 Boxes = 0 Time = 217.3031s
Epoch = [  1/ 50] Iter = [3900/4651] Loss = 0.1162 Full = 0.1162 BBox = 0 Boxes = 0 Time = 217.0332s
Epoch = [  1/ 50] Iter = [4000/4651] Loss = 0.1563 Full = 0.1294 BBox = 0.08952 Boxes = 2 Time = 215.9211s
Epoch = [  1/ 50] Iter = [4100/4651] Loss = 0.06345 Full = 0.05611 BBox = 0.02448 Boxes = 1 Time = 215.6708s
Epoch = [  1/ 50] Iter = [4200/4651] Loss = 0.0959 Full = 0.0959 BBox = 0 Boxes = 0 Time = 215.7430s
Epoch = [  1/ 50] Iter = [4300/4651] Loss = 0.06897 Full = 0.06897 BBox = 0 Boxes = 0 Time = 216.0505s
Epoch = [  1/ 50] Iter = [4400/4651] Loss = 0.07666 Full = 0.07666 BBox = 0 Boxes = 0 Time = 215.9779s
Epoch = [  1/ 50] Iter = [4500/4651] Loss = 0.05479 Full = 0.05479 BBox = 0 Boxes = 0 Time = 216.3291s
Epoch = [  1/ 50] Iter = [4600/4651] Loss = 0.0882 Full = 0.0882 BBox = 0 Boxes = 0 Time = 216.3717s
Epoch = [   1/  50] Train = 0.1114 TrainFull = 0.1005 TrainBBox = 0.09149 ValFull = 0.09721 ValBBox = 0.06978 ValObjective = 0.1181 ValSSIMFull = 0.9028 ValSSIMBBox = 0.9302 TrainAnnotatedSlices = 1824 TrainBoxes = 2593 ValAnnotatedSlices = 110 ValBoxes = 161 ValFullSlices = 791 LR = 0.0002 NextLR = 0.0002 TrainTime = 10088.6379s ValTime = 327.7996s
  Official validation by acceleration | full={'acc4': 0.9177969295796949, 'acc8': 0.8877794801567992} bbox={'acc4': 0.9386302962481419, 'acc8': 0.9218017370612533}
@@@@@@@@@@@@@@@@@@@@NewRecord@@@@@@@@@@@@@@@@@@@@
ForwardTime = 7.1200s
Epoch # 2 ............... promptmr8_metric_aligned_50ep_v1 ............... LR=0.0002
  mask-aug p = 0.000
  mr-aug   p = 0.000
Epoch = [  2/ 50] Iter = [   0/4651] Loss = 0.1432 Full = 0.112 BBox = 0.104 Boxes = 1 Time = 2.2053s
Epoch = [  2/ 50] Iter = [ 100/4651] Loss = 0.04824 Full = 0.04824 BBox = 0 Boxes = 0 Time = 216.4258s
Epoch = [  2/ 50] Iter = [ 200/4651] Loss = 0.1099 Full = 0.1099 BBox = 0 Boxes = 0 Time = 216.9046s
Epoch = [  2/ 50] Iter = [ 300/4651] Loss = 0.1219 Full = 0.1219 BBox = 0 Boxes = 0 Time = 217.3018s
Epoch = [  2/ 50] Iter = [ 400/4651] Loss = 0.07882 Full = 0.07882 BBox = 0 Boxes = 0 Time = 216.8878s
Epoch = [  2/ 50] Iter = [ 500/4651] Loss = 0.07122 Full = 0.07122 BBox = 0 Boxes = 0 Time = 217.0619s
Epoch = [  2/ 50] Iter = [ 600/4651] Loss = 0.1133 Full = 0.09024 BBox = 0.07675 Boxes = 3 Time = 216.1889s
Epoch = [  2/ 50] Iter = [ 700/4651] Loss = 0.1316 Full = 0.1016 BBox = 0.1002 Boxes = 3 Time = 217.6357s
Epoch = [  2/ 50] Iter = [ 800/4651] Loss = 0.1412 Full = 0.1412 BBox = 0 Boxes = 0 Time = 216.5578s
Epoch = [  2/ 50] Iter = [ 900/4651] Loss = 0.07584 Full = 0.07584 BBox = 0 Boxes = 0 Time = 216.8901s
Epoch = [  2/ 50] Iter = [1000/4651] Loss = 0.05634 Full = 0.05634 BBox = 0 Boxes = 0 Time = 216.1648s
Epoch = [  2/ 50] Iter = [1100/4651] Loss = 0.06366 Full = 0.06366 BBox = 0 Boxes = 0 Time = 216.0271s
Epoch = [  2/ 50] Iter = [1200/4651] Loss = 0.1203 Full = 0.1203 BBox = 0 Boxes = 0 Time = 216.4988s
Epoch = [  2/ 50] Iter = [1300/4651] Loss = 0.04974 Full = 0.04974 BBox = 0 Boxes = 0 Time = 215.9333s
Epoch = [  2/ 50] Iter = [1400/4651] Loss = 0.09846 Full = 0.09846 BBox = 0 Boxes = 0 Time = 215.6842s
Epoch = [  2/ 50] Iter = [1500/4651] Loss = 0.1047 Full = 0.1047 BBox = 0 Boxes = 0 Time = 216.9494s
Epoch = [  2/ 50] Iter = [1600/4651] Loss = 0.06276 Full = 0.06276 BBox = 0 Boxes = 0 Time = 215.1273s
Epoch = [  2/ 50] Iter = [1700/4651] Loss = 0.0917 Full = 0.0917 BBox = 0 Boxes = 0 Time = 216.4875s
Epoch = [  2/ 50] Iter = [1800/4651] Loss = 0.184 Full = 0.1465 BBox = 0.125 Boxes = 1 Time = 216.1008s
Epoch = [  2/ 50] Iter = [1900/4651] Loss = 0.07878 Full = 0.07878 BBox = 0 Boxes = 0 Time = 216.2513s
Epoch = [  2/ 50] Iter = [2000/4651] Loss = 0.1884 Full = 0.1604 BBox = 0.0933 Boxes = 1 Time = 216.8025s
Epoch = [  2/ 50] Iter = [2100/4651] Loss = 0.1628 Full = 0.1262 BBox = 0.1221 Boxes = 1 Time = 217.0579s
Epoch = [  2/ 50] Iter = [2200/4651] Loss = 0.0742 Full = 0.0742 BBox = 0 Boxes = 0 Time = 216.8292s
Epoch = [  2/ 50] Iter = [2300/4651] Loss = 0.08642 Full = 0.08642 BBox = 0 Boxes = 0 Time = 215.8402s
Epoch = [  2/ 50] Iter = [2400/4651] Loss = 0.08103 Full = 0.06285 BBox = 0.06061 Boxes = 1 Time = 216.4597s
Epoch = [  2/ 50] Iter = [2500/4651] Loss = 0.07097 Full = 0.05517 BBox = 0.05269 Boxes = 2 Time = 216.6010s
Epoch = [  2/ 50] Iter = [2600/4651] Loss = 0.05481 Full = 0.05481 BBox = 0 Boxes = 0 Time = 216.8696s
Epoch = [  2/ 50] Iter = [2700/4651] Loss = 0.08243 Full = 0.06216 BBox = 0.06757 Boxes = 1 Time = 216.1736s
Epoch = [  2/ 50] Iter = [2800/4651] Loss = 0.0831 Full = 0.0831 BBox = 0 Boxes = 0 Time = 216.0776s
Epoch = [  2/ 50] Iter = [2900/4651] Loss = 0.1378 Full = 0.1378 BBox = 0 Boxes = 0 Time = 217.1091s
Epoch = [  2/ 50] Iter = [3000/4651] Loss = 0.1112 Full = 0.07848 BBox = 0.109 Boxes = 1 Time = 216.2080s
Epoch = [  2/ 50] Iter = [3100/4651] Loss = 0.08528 Full = 0.08528 BBox = 0 Boxes = 0 Time = 216.4576s
Epoch = [  2/ 50] Iter = [3200/4651] Loss = 0.2071 Full = 0.1646 BBox = 0.1417 Boxes = 1 Time = 215.3204s
Epoch = [  2/ 50] Iter = [3300/4651] Loss = 0.141 Full = 0.141 BBox = 0 Boxes = 0 Time = 216.9368s
Epoch = [  2/ 50] Iter = [3400/4651] Loss = 0.2047 Full = 0.1673 BBox = 0.1245 Boxes = 1 Time = 216.9727s
Epoch = [  2/ 50] Iter = [3500/4651] Loss = 0.1411 Full = 0.1085 BBox = 0.1085 Boxes = 1 Time = 215.7582s
Epoch = [  2/ 50] Iter = [3600/4651] Loss = 0.1494 Full = 0.1146 BBox = 0.116 Boxes = 2 Time = 216.7948s
Epoch = [  2/ 50] Iter = [3700/4651] Loss = 0.1579 Full = 0.1352 BBox = 0.07538 Boxes = 1 Time = 216.7845s
Epoch = [  2/ 50] Iter = [3800/4651] Loss = 0.148 Full = 0.1204 BBox = 0.09208 Boxes = 1 Time = 217.2907s
Epoch = [  2/ 50] Iter = [3900/4651] Loss = 0.04097 Full = 0.04097 BBox = 0 Boxes = 0 Time = 217.0096s
Epoch = [  2/ 50] Iter = [4000/4651] Loss = 0.09517 Full = 0.09517 BBox = 0 Boxes = 0 Time = 215.9667s
Epoch = [  2/ 50] Iter = [4100/4651] Loss = 0.1152 Full = 0.09139 BBox = 0.07952 Boxes = 2 Time = 218.7230s
Epoch = [  2/ 50] Iter = [4200/4651] Loss = 0.107 Full = 0.107 BBox = 0 Boxes = 0 Time = 216.9698s
Epoch = [  2/ 50] Iter = [4300/4651] Loss = 0.1994 Full = 0.153 BBox = 0.1546 Boxes = 1 Time = 216.5619s
Epoch = [  2/ 50] Iter = [4400/4651] Loss = 0.1129 Full = 0.1129 BBox = 0 Boxes = 0 Time = 215.9051s
Epoch = [  2/ 50] Iter = [4500/4651] Loss = 0.112 Full = 0.112 BBox = 0 Boxes = 0 Time = 217.0714s
Epoch = [  2/ 50] Iter = [4600/4651] Loss = 0.2109 Full = 0.2109 BBox = 0 Boxes = 0 Time = 216.2752s
Epoch = [   2/  50] Train = 0.108 TrainFull = 0.09767 TrainBBox = 0.08689 ValFull = 0.0953 ValBBox = 0.06898 ValObjective = 0.116 ValSSIMFull = 0.9047 ValSSIMBBox = 0.9310 TrainAnnotatedSlices = 1824 TrainBoxes = 2593 ValAnnotatedSlices = 110 ValBoxes = 161 ValFullSlices = 791 LR = 0.0002 NextLR = 0.0002 TrainTime = 10072.4954s ValTime = 332.2466s
  Official validation by acceleration | full={'acc4': 0.9191970434177127, 'acc8': 0.8902052024689814} bbox={'acc4': 0.9410619139671326, 'acc8': 0.920973081279684}
@@@@@@@@@@@@@@@@@@@@NewRecord@@@@@@@@@@@@@@@@@@@@
ForwardTime = 6.9343s
Epoch # 3 ............... promptmr8_metric_aligned_50ep_v1 ............... LR=0.0002
  mask-aug p = 0.000
  mr-aug   p = 0.000
Epoch = [  3/ 50] Iter = [   0/4651] Loss = 0.05356 Full = 0.05356 BBox = 0 Boxes = 0 Time = 2.1976s
Epoch = [  3/ 50] Iter = [ 100/4651] Loss = 0.1025 Full = 0.1025 BBox = 0 Boxes = 0 Time = 216.2332s
Epoch = [  3/ 50] Iter = [ 200/4651] Loss = 0.03717 Full = 0.03004 BBox = 0.02376 Boxes = 1 Time = 216.5674s
Epoch = [  3/ 50] Iter = [ 300/4651] Loss = 0.1099 Full = 0.1099 BBox = 0 Boxes = 0 Time = 216.5236s
Epoch = [  3/ 50] Iter = [ 400/4651] Loss = 0.1363 Full = 0.1363 BBox = 0 Boxes = 0 Time = 217.0356s
Epoch = [  3/ 50] Iter = [ 500/4651] Loss = 0.1639 Full = 0.1242 BBox = 0.1326 Boxes = 1 Time = 215.5504s
Epoch = [  3/ 50] Iter = [ 600/4651] Loss = 0.07806 Full = 0.07806 BBox = 0 Boxes = 0 Time = 216.4198s
Epoch = [  3/ 50] Iter = [ 700/4651] Loss = 0.0524 Full = 0.0524 BBox = 0 Boxes = 0 Time = 217.3305s
Epoch = [  3/ 50] Iter = [ 800/4651] Loss = 0.1279 Full = 0.1099 BBox = 0.06006 Boxes = 1 Time = 217.0936s
Epoch = [  3/ 50] Iter = [ 900/4651] Loss = 0.1248 Full = 0.1248 BBox = 0 Boxes = 0 Time = 218.3379s
Epoch = [  3/ 50] Iter = [1000/4651] Loss = 0.2054 Full = 0.2054 BBox = 0 Boxes = 0 Time = 216.0051s
Epoch = [  3/ 50] Iter = [1100/4651] Loss = 0.1912 Full = 0.1732 BBox = 0.05991 Boxes = 1 Time = 216.9061s
Epoch = [  3/ 50] Iter = [1200/4651] Loss = 0.06078 Full = 0.06078 BBox = 0 Boxes = 0 Time = 216.3035s
Epoch = [  3/ 50] Iter = [1300/4651] Loss = 0.1548 Full = 0.1209 BBox = 0.1132 Boxes = 1 Time = 216.3014s
Epoch = [  3/ 50] Iter = [1400/4651] Loss = 0.1011 Full = 0.08135 BBox = 0.06591 Boxes = 1 Time = 217.5121s
Epoch = [  3/ 50] Iter = [1500/4651] Loss = 0.08272 Full = 0.06071 BBox = 0.07338 Boxes = 1 Time = 216.5830s
Epoch = [  3/ 50] Iter = [1600/4651] Loss = 0.1266 Full = 0.1266 BBox = 0 Boxes = 0 Time = 217.3225s
Epoch = [  3/ 50] Iter = [1700/4651] Loss = 0.07514 Full = 0.05716 BBox = 0.05995 Boxes = 1 Time = 222.7068s
Epoch = [  3/ 50] Iter = [1800/4651] Loss = 0.05201 Full = 0.03807 BBox = 0.04648 Boxes = 2 Time = 216.2896s
Epoch = [  3/ 50] Iter = [1900/4651] Loss = 0.1469 Full = 0.1469 BBox = 0 Boxes = 0 Time = 216.9797s
Epoch = [  3/ 50] Iter = [2000/4651] Loss = 0.2519 Full = 0.1855 BBox = 0.2211 Boxes = 1 Time = 216.5096s
Epoch = [  3/ 50] Iter = [2100/4651] Loss = 0.1038 Full = 0.07723 BBox = 0.08853 Boxes = 1 Time = 216.9312s
Epoch = [  3/ 50] Iter = [2200/4651] Loss = 0.1529 Full = 0.1529 BBox = 0 Boxes = 0 Time = 219.8074s
Epoch = [  3/ 50] Iter = [2300/4651] Loss = 0.03996 Full = 0.03996 BBox = 0 Boxes = 0 Time = 217.0485s
Epoch = [  3/ 50] Iter = [2400/4651] Loss = 0.172 Full = 0.172 BBox = 0 Boxes = 0 Time = 216.5258s
Epoch = [  3/ 50] Iter = [2500/4651] Loss = 0.1508 Full = 0.1508 BBox = 0 Boxes = 0 Time = 216.3203s
Epoch = [  3/ 50] Iter = [2600/4651] Loss = 0.1007 Full = 0.07962 BBox = 0.07019 Boxes = 1 Time = 216.4132s
Epoch = [  3/ 50] Iter = [2700/4651] Loss = 0.1382 Full = 0.105 BBox = 0.1105 Boxes = 1 Time = 217.1016s
Epoch = [  3/ 50] Iter = [2800/4651] Loss = 0.1061 Full = 0.09169 BBox = 0.04807 Boxes = 2 Time = 216.0593s
Epoch = [  3/ 50] Iter = [2900/4651] Loss = 0.05976 Full = 0.05976 BBox = 0 Boxes = 0 Time = 215.9904s
Epoch = [  3/ 50] Iter = [3000/4651] Loss = 0.07871 Full = 0.06311 BBox = 0.05202 Boxes = 2 Time = 215.4657s
Epoch = [  3/ 50] Iter = [3100/4651] Loss = 0.1715 Full = 0.1532 BBox = 0.06111 Boxes = 1 Time = 216.9020s
Epoch = [  3/ 50] Iter = [3200/4651] Loss = 0.06195 Full = 0.05137 BBox = 0.03525 Boxes = 1 Time = 216.8631s
Epoch = [  3/ 50] Iter = [3300/4651] Loss = 0.01341 Full = 0.01341 BBox = 0 Boxes = 0 Time = 216.0794s
Epoch = [  3/ 50] Iter = [3400/4651] Loss = 0.1198 Full = 0.1198 BBox = 0 Boxes = 0 Time = 215.9851s
Epoch = [  3/ 50] Iter = [3500/4651] Loss = 0.06078 Full = 0.06078 BBox = 0 Boxes = 0 Time = 215.9622s
Epoch = [  3/ 50] Iter = [3600/4651] Loss = 0.1021 Full = 0.07598 BBox = 0.08714 Boxes = 1 Time = 216.0529s
Epoch = [  3/ 50] Iter = [3700/4651] Loss = 0.06526 Full = 0.04616 BBox = 0.06369 Boxes = 3 Time = 213.9902s
Epoch = [  3/ 50] Iter = [3800/4651] Loss = 0.1038 Full = 0.08281 BBox = 0.07006 Boxes = 1 Time = 215.3150s
Epoch = [  3/ 50] Iter = [3900/4651] Loss = 0.07082 Full = 0.07082 BBox = 0 Boxes = 0 Time = 216.3313s
Epoch = [  3/ 50] Iter = [4000/4651] Loss = 0.07536 Full = 0.07536 BBox = 0 Boxes = 0 Time = 216.2370s
Epoch = [  3/ 50] Iter = [4100/4651] Loss = 0.06808 Full = 0.06808 BBox = 0 Boxes = 0 Time = 215.9335s
Epoch = [  3/ 50] Iter = [4200/4651] Loss = 0.03043 Full = 0.03043 BBox = 0 Boxes = 0 Time = 216.6726s
Epoch = [  3/ 50] Iter = [4300/4651] Loss = 0.06884 Full = 0.06884 BBox = 0 Boxes = 0 Time = 215.3218s
Epoch = [  3/ 50] Iter = [4400/4651] Loss = 0.118 Full = 0.08678 BBox = 0.104 Boxes = 2 Time = 216.2727s
Epoch = [  3/ 50] Iter = [4500/4651] Loss = 0.1282 Full = 0.1055 BBox = 0.07561 Boxes = 1 Time = 216.3014s
Epoch = [  3/ 50] Iter = [4600/4651] Loss = 0.118 Full = 0.118 BBox = 0 Boxes = 0 Time = 216.4289s
Epoch = [   3/  50] Train = 0.106 TrainFull = 0.09604 TrainBBox = 0.08387 ValFull = 0.09595 ValBBox = 0.06729 ValObjective = 0.1161 ValSSIMFull = 0.9040 ValSSIMBBox = 0.9327 TrainAnnotatedSlices = 1824 TrainBoxes = 2593 ValAnnotatedSlices = 110 ValBoxes = 161 ValFullSlices = 791 LR = 0.0002 NextLR = 0.0002 TrainTime = 10075.5967s ValTime = 327.1489s
  Official validation by acceleration | full={'acc4': 0.9180127720575075, 'acc8': 0.8900860326054195} bbox={'acc4': 0.9411491194618082, 'acc8': 0.92426848632318}
Epoch # 4 ............... promptmr8_metric_aligned_50ep_v1 ............... LR=0.0002
  mask-aug p = 0.000
  mr-aug   p = 0.000
Epoch = [  4/ 50] Iter = [   0/4651] Loss = 0.1215 Full = 0.1215 BBox = 0 Boxes = 0 Time = 2.1457s
Epoch = [  4/ 50] Iter = [ 100/4651] Loss = 0.01125 Full = 0.01125 BBox = 0 Boxes = 0 Time = 217.4259s
Epoch = [  4/ 50] Iter = [ 200/4651] Loss = 0.06768 Full = 0.05356 BBox = 0.04708 Boxes = 1 Time = 219.0084s
Epoch = [  4/ 50] Iter = [ 300/4651] Loss = 0.01331 Full = 0.01331 BBox = 0 Boxes = 0 Time = 217.1487s
Epoch = [  4/ 50] Iter = [ 400/4651] Loss = 0.1302 Full = 0.1302 BBox = 0 Boxes = 0 Time = 215.0009s
Epoch = [  4/ 50] Iter = [ 500/4651] Loss = 0.04693 Full = 0.03576 BBox = 0.03724 Boxes = 2 Time = 216.1361s
Epoch = [  4/ 50] Iter = [ 600/4651] Loss = 0.06966 Full = 0.05301 BBox = 0.0555 Boxes = 1 Time = 215.8769s
Epoch = [  4/ 50] Iter = [ 700/4651] Loss = 0.06382 Full = 0.05051 BBox = 0.04436 Boxes = 1 Time = 216.5143s
Epoch = [  4/ 50] Iter = [ 800/4651] Loss = 0.07374 Full = 0.05556 BBox = 0.0606 Boxes = 3 Time = 216.3309s
Epoch = [  4/ 50] Iter = [ 900/4651] Loss = 0.08716 Full = 0.08716 BBox = 0 Boxes = 0 Time = 216.9115s
Epoch = [  4/ 50] Iter = [1000/4651] Loss = 0.07185 Full = 0.07185 BBox = 0 Boxes = 0 Time = 215.3468s
Epoch = [  4/ 50] Iter = [1100/4651] Loss = 0.1779 Full = 0.1779 BBox = 0 Boxes = 0 Time = 216.7742s
Epoch = [  4/ 50] Iter = [1200/4651] Loss = 0.0771 Full = 0.0771 BBox = 0 Boxes = 0 Time = 216.3482s
Epoch = [  4/ 50] Iter = [1300/4651] Loss = 0.08242 Full = 0.08242 BBox = 0 Boxes = 0 Time = 216.2721s
Epoch = [  4/ 50] Iter = [1400/4651] Loss = 0.109 Full = 0.109 BBox = 0 Boxes = 0 Time = 214.7171s
Epoch = [  4/ 50] Iter = [1500/4651] Loss = 0.06226 Full = 0.04756 BBox = 0.04899 Boxes = 2 Time = 215.6223s
Epoch = [  4/ 50] Iter = [1600/4651] Loss = 0.1308 Full = 0.1308 BBox = 0 Boxes = 0 Time = 216.4796s
Epoch = [  4/ 50] Iter = [1700/4651] Loss = 0.133 Full = 0.09248 BBox = 0.1351 Boxes = 1 Time = 215.7142s
Epoch = [  4/ 50] Iter = [1800/4651] Loss = 0.04074 Full = 0.04074 BBox = 0 Boxes = 0 Time = 216.5142s
Epoch = [  4/ 50] Iter = [1900/4651] Loss = 0.2206 Full = 0.2206 BBox = 0 Boxes = 0 Time = 216.1301s
Epoch = [  4/ 50] Iter = [2000/4651] Loss = 0.1352 Full = 0.1116 BBox = 0.07854 Boxes = 2 Time = 216.0599s
Epoch = [  4/ 50] Iter = [2100/4651] Loss = 0.1437 Full = 0.1437 BBox = 0 Boxes = 0 Time = 215.8527s
Epoch = [  4/ 50] Iter = [2200/4651] Loss = 0.08161 Full = 0.08161 BBox = 0 Boxes = 0 Time = 216.7728s
Epoch = [  4/ 50] Iter = [2300/4651] Loss = 0.09723 Full = 0.09723 BBox = 0 Boxes = 0 Time = 216.7007s
Epoch = [  4/ 50] Iter = [2400/4651] Loss = 0.1925 Full = 0.1537 BBox = 0.1294 Boxes = 1 Time = 217.1409s
Epoch = [  4/ 50] Iter = [2500/4651] Loss = 0.01397 Full = 0.01397 BBox = 0 Boxes = 0 Time = 221.5773s
Epoch = [  4/ 50] Iter = [2600/4651] Loss = 0.02931 Full = 0.02931 BBox = 0 Boxes = 0 Time = 216.0555s
Epoch = [  4/ 50] Iter = [2700/4651] Loss = 0.1993 Full = 0.1993 BBox = 0 Boxes = 0 Time = 216.0081s
Epoch = [  4/ 50] Iter = [2800/4651] Loss = 0.01607 Full = 0.01607 BBox = 0 Boxes = 0 Time = 216.5537s
Epoch = [  4/ 50] Iter = [2900/4651] Loss = 0.183 Full = 0.183 BBox = 0 Boxes = 0 Time = 216.3065s
Epoch = [  4/ 50] Iter = [3000/4651] Loss = 0.05368 Full = 0.05368 BBox = 0 Boxes = 0 Time = 215.1486s
Epoch = [  4/ 50] Iter = [3100/4651] Loss = 0.1444 Full = 0.1066 BBox = 0.1259 Boxes = 2 Time = 221.5196s
Epoch = [  4/ 50] Iter = [3200/4651] Loss = 0.0807 Full = 0.0807 BBox = 0 Boxes = 0 Time = 215.0793s
Epoch = [  4/ 50] Iter = [3300/4651] Loss = 0.1935 Full = 0.1455 BBox = 0.1602 Boxes = 2 Time = 220.5708s
Epoch = [  4/ 50] Iter = [3400/4651] Loss = 0.1106 Full = 0.1106 BBox = 0 Boxes = 0 Time = 218.3245s
Epoch = [  4/ 50] Iter = [3500/4651] Loss = 0.09708 Full = 0.09708 BBox = 0 Boxes = 0 Time = 217.3013s
Epoch = [  4/ 50] Iter = [3600/4651] Loss = 0.08938 Full = 0.08938 BBox = 0 Boxes = 0 Time = 216.0181s
Epoch = [  4/ 50] Iter = [3700/4651] Loss = 0.08456 Full = 0.08456 BBox = 0 Boxes = 0 Time = 218.4130s
Epoch = [  4/ 50] Iter = [3800/4651] Loss = 0.1604 Full = 0.1374 BBox = 0.07648 Boxes = 1 Time = 218.8410s
Epoch = [  4/ 50] Iter = [3900/4651] Loss = 0.1142 Full = 0.08135 BBox = 0.1096 Boxes = 2 Time = 215.6274s
Epoch = [  4/ 50] Iter = [4000/4651] Loss = 0.1481 Full = 0.1481 BBox = 0 Boxes = 0 Time = 215.6024s
Epoch = [  4/ 50] Iter = [4100/4651] Loss = 0.1133 Full = 0.07441 BBox = 0.1297 Boxes = 1 Time = 215.3764s
Epoch = [  4/ 50] Iter = [4200/4651] Loss = 0.09749 Full = 0.09749 BBox = 0 Boxes = 0 Time = 216.0579s
Epoch = [  4/ 50] Iter = [4300/4651] Loss = 0.08949 Full = 0.07125 BBox = 0.06079 Boxes = 1 Time = 216.3756s
Epoch = [  4/ 50] Iter = [4400/4651] Loss = 0.07619 Full = 0.07619 BBox = 0 Boxes = 0 Time = 216.0690s
Epoch = [  4/ 50] Iter = [4500/4651] Loss = 0.04889 Full = 0.04889 BBox = 0 Boxes = 0 Time = 215.8352s
Epoch = [  4/ 50] Iter = [4600/4651] Loss = 0.08847 Full = 0.07103 BBox = 0.05813 Boxes = 1 Time = 216.0475s
Epoch = [   4/  50] Train = 0.1048 TrainFull = 0.09507 TrainBBox = 0.08191 ValFull = 0.09392 ValBBox = 0.0642 ValObjective = 0.1132 ValSSIMFull = 0.9061 ValSSIMBBox = 0.9358 TrainAnnotatedSlices = 1824 TrainBoxes = 2593 ValAnnotatedSlices = 110 ValBoxes = 161 ValFullSlices = 791 LR = 0.0002 NextLR = 0.0002 TrainTime = 10077.7106s ValTime = 326.1159s
  Official validation by acceleration | full={'acc4': 0.9200451275933287, 'acc8': 0.8921168297529221} bbox={'acc4': 0.9420431596096431, 'acc8': 0.9295516599107672}
@@@@@@@@@@@@@@@@@@@@NewRecord@@@@@@@@@@@@@@@@@@@@
ForwardTime = 7.1838s
Epoch # 5 ............... promptmr8_metric_aligned_50ep_v1 ............... LR=0.0002
  mask-aug p = 0.000
  mr-aug   p = 0.000
Epoch = [  5/ 50] Iter = [   0/4651] Loss = 0.1003 Full = 0.07807 BBox = 0.07403 Boxes = 2 Time = 2.1490s
Epoch = [  5/ 50] Iter = [ 100/4651] Loss = 0.1164 Full = 0.08204 BBox = 0.1147 Boxes = 2 Time = 215.9065s
Epoch = [  5/ 50] Iter = [ 200/4651] Loss = 0.1037 Full = 0.07375 BBox = 0.09995 Boxes = 2 Time = 217.0364s
Epoch = [  5/ 50] Iter = [ 300/4651] Loss = 0.05645 Full = 0.04676 BBox = 0.0323 Boxes = 1 Time = 216.4663s
Epoch = [  5/ 50] Iter = [ 400/4651] Loss = 0.07421 Full = 0.07421 BBox = 0 Boxes = 0 Time = 220.6629s
Epoch = [  5/ 50] Iter = [ 500/4651] Loss = 0.06884 Full = 0.05296 BBox = 0.05293 Boxes = 2 Time = 215.7267s
Epoch = [  5/ 50] Iter = [ 600/4651] Loss = 0.1077 Full = 0.1077 BBox = 0 Boxes = 0 Time = 216.1967s
Epoch = [  5/ 50] Iter = [ 700/4651] Loss = 0.1874 Full = 0.1874 BBox = 0 Boxes = 0 Time = 216.6772s
Epoch = [  5/ 50] Iter = [ 800/4651] Loss = 0.1257 Full = 0.1257 BBox = 0 Boxes = 0 Time = 217.9203s
Epoch = [  5/ 50] Iter = [ 900/4651] Loss = 0.1752 Full = 0.1752 BBox = 0 Boxes = 0 Time = 219.4613s
Epoch = [  5/ 50] Iter = [1000/4651] Loss = 0.08976 Full = 0.08976 BBox = 0 Boxes = 0 Time = 223.3624s
Epoch = [  5/ 50] Iter = [1100/4651] Loss = 0.1101 Full = 0.1101 BBox = 0 Boxes = 0 Time = 216.7135s
Epoch = [  5/ 50] Iter = [1200/4651] Loss = 0.07432 Full = 0.07432 BBox = 0 Boxes = 0 Time = 214.8894s
Epoch = [  5/ 50] Iter = [1300/4651] Loss = 0.1304 Full = 0.1057 BBox = 0.08224 Boxes = 1 Time = 216.5880s
Epoch = [  5/ 50] Iter = [1400/4651] Loss = 0.07005 Full = 0.05794 BBox = 0.04037 Boxes = 1 Time = 215.2531s
Epoch = [  5/ 50] Iter = [1500/4651] Loss = 0.04851 Full = 0.04851 BBox = 0 Boxes = 0 Time = 215.5454s
Epoch = [  5/ 50] Iter = [1600/4651] Loss = 0.06327 Full = 0.06327 BBox = 0 Boxes = 0 Time = 221.4347s
Epoch = [  5/ 50] Iter = [1700/4651] Loss = 0.05375 Full = 0.05375 BBox = 0 Boxes = 0 Time = 217.2350s
Epoch = [  5/ 50] Iter = [1800/4651] Loss = 0.04056 Full = 0.04056 BBox = 0 Boxes = 0 Time = 215.8606s
Epoch = [  5/ 50] Iter = [1900/4651] Loss = 0.06835 Full = 0.05347 BBox = 0.04959 Boxes = 1 Time = 216.2006s
Epoch = [  5/ 50] Iter = [2000/4651] Loss = 0.164 Full = 0.1195 BBox = 0.1485 Boxes = 1 Time = 216.4319s
Epoch = [  5/ 50] Iter = [2100/4651] Loss = 0.06558 Full = 0.05359 BBox = 0.03997 Boxes = 1 Time = 220.6885s
Epoch = [  5/ 50] Iter = [2200/4651] Loss = 0.07853 Full = 0.07853 BBox = 0 Boxes = 0 Time = 215.9736s
Epoch = [  5/ 50] Iter = [2300/4651] Loss = 0.02783 Full = 0.02783 BBox = 0 Boxes = 0 Time = 216.7433s
Epoch = [  5/ 50] Iter = [2400/4651] Loss = 0.08846 Full = 0.08846 BBox = 0 Boxes = 0 Time = 215.2651s
Epoch = [  5/ 50] Iter = [2500/4651] Loss = 0.05077 Full = 0.05077 BBox = 0 Boxes = 0 Time = 216.1307s
Epoch = [  5/ 50] Iter = [2600/4651] Loss = 0.2328 Full = 0.2328 BBox = 0 Boxes = 0 Time = 215.4265s
Epoch = [  5/ 50] Iter = [2700/4651] Loss = 0.1074 Full = 0.09163 BBox = 0.05256 Boxes = 1 Time = 216.2468s
Epoch = [  5/ 50] Iter = [2800/4651] Loss = 0.1093 Full = 0.1093 BBox = 0 Boxes = 0 Time = 216.0551s
Epoch = [  5/ 50] Iter = [2900/4651] Loss = 0.0504 Full = 0.0504 BBox = 0 Boxes = 0 Time = 222.2337s
Epoch = [  5/ 50] Iter = [3000/4651] Loss = 0.084 Full = 0.084 BBox = 0 Boxes = 0 Time = 216.0410s
Epoch = [  5/ 50] Iter = [3100/4651] Loss = 0.1058 Full = 0.1058 BBox = 0 Boxes = 0 Time = 215.8534s
Epoch = [  5/ 50] Iter = [3200/4651] Loss = 0.05016 Full = 0.05016 BBox = 0 Boxes = 0 Time = 216.9442s
Epoch = [  5/ 50] Iter = [3300/4651] Loss = 0.2233 Full = 0.1668 BBox = 0.1883 Boxes = 1 Time = 217.9560s
Epoch = [  5/ 50] Iter = [3400/4651] Loss = 0.09461 Full = 0.07614 BBox = 0.06155 Boxes = 1 Time = 216.1461s
Epoch = [  5/ 50] Iter = [3500/4651] Loss = 0.08214 Full = 0.08214 BBox = 0 Boxes = 0 Time = 215.9625s
Epoch = [  5/ 50] Iter = [3600/4651] Loss = 0.08688 Full = 0.08688 BBox = 0 Boxes = 0 Time = 217.9223s
Epoch = [  5/ 50] Iter = [3700/4651] Loss = 0.1525 Full = 0.1525 BBox = 0 Boxes = 0 Time = 218.1791s
Epoch = [  5/ 50] Iter = [3800/4651] Loss = 0.06773 Full = 0.06773 BBox = 0 Boxes = 0 Time = 216.4948s
Epoch = [  5/ 50] Iter = [3900/4651] Loss = 0.03565 Full = 0.03565 BBox = 0 Boxes = 0 Time = 216.2932s
Epoch = [  5/ 50] Iter = [4000/4651] Loss = 0.07519 Full = 0.07519 BBox = 0 Boxes = 0 Time = 216.1639s
Epoch = [  5/ 50] Iter = [4100/4651] Loss = 0.06004 Full = 0.06004 BBox = 0 Boxes = 0 Time = 216.6070s
Epoch = [  5/ 50] Iter = [4200/4651] Loss = 0.08015 Full = 0.06188 BBox = 0.0609 Boxes = 1 Time = 217.8181s
Epoch = [  5/ 50] Iter = [4300/4651] Loss = 0.06037 Full = 0.04892 BBox = 0.03816 Boxes = 2 Time = 216.4582s
Epoch = [  5/ 50] Iter = [4400/4651] Loss = 0.1129 Full = 0.1129 BBox = 0 Boxes = 0 Time = 216.8047s
Epoch = [  5/ 50] Iter = [4500/4651] Loss = 0.0524 Full = 0.0524 BBox = 0 Boxes = 0 Time = 217.3301s
Epoch = [  5/ 50] Iter = [4600/4651] Loss = 0.1027 Full = 0.08115 BBox = 0.07168 Boxes = 3 Time = 218.3971s
Epoch = [   5/  50] Train = 0.1038 TrainFull = 0.09431 TrainBBox = 0.08035 ValFull = 0.09324 ValBBox = 0.06251 ValObjective = 0.112 ValSSIMFull = 0.9068 ValSSIMBBox = 0.9375 TrainAnnotatedSlices = 1824 TrainBoxes = 2593 ValAnnotatedSlices = 110 ValBoxes = 161 ValFullSlices = 791 LR = 0.0002 NextLR = 0.0002 TrainTime = 10097.9059s ValTime = 327.1511s
  Official validation by acceleration | full={'acc4': 0.9203598043842456, 'acc8': 0.8931598784402013} bbox={'acc4': 0.9428282641918859, 'acc8': 0.9321467125857318}
@@@@@@@@@@@@@@@@@@@@NewRecord@@@@@@@@@@@@@@@@@@@@
ForwardTime = 7.2017s
Epoch # 6 ............... promptmr8_metric_aligned_50ep_v1 ............... LR=0.0002
  mask-aug p = 0.000
  mr-aug   p = 0.000
Epoch = [  6/ 50] Iter = [   0/4651] Loss = 0.07481 Full = 0.06132 BBox = 0.04496 Boxes = 1 Time = 2.1495s
Epoch = [  6/ 50] Iter = [ 100/4651] Loss = 0.1 Full = 0.1 BBox = 0 Boxes = 0 Time = 217.2660s
Epoch = [  6/ 50] Iter = [ 200/4651] Loss = 0.2151 Full = 0.1699 BBox = 0.1507 Boxes = 1 Time = 217.5023s
Epoch = [  6/ 50] Iter = [ 300/4651] Loss = 0.1069 Full = 0.1069 BBox = 0 Boxes = 0 Time = 216.2675s
Epoch = [  6/ 50] Iter = [ 400/4651] Loss = 0.07571 Full = 0.05172 BBox = 0.07997 Boxes = 1 Time = 217.0700s
Epoch = [  6/ 50] Iter = [ 500/4651] Loss = 0.09357 Full = 0.069 BBox = 0.08191 Boxes = 1 Time = 217.4704s
Epoch = [  6/ 50] Iter = [ 600/4651] Loss = 0.0632 Full = 0.05174 BBox = 0.03819 Boxes = 1 Time = 217.4846s
Epoch = [  6/ 50] Iter = [ 700/4651] Loss = 0.1101 Full = 0.1101 BBox = 0 Boxes = 0 Time = 217.2021s
Epoch = [  6/ 50] Iter = [ 800/4651] Loss = 0.07459 Full = 0.07459 BBox = 0 Boxes = 0 Time = 217.1396s
Epoch = [  6/ 50] Iter = [ 900/4651] Loss = 0.1435 Full = 0.1435 BBox = 0 Boxes = 0 Time = 217.1125s
Epoch = [  6/ 50] Iter = [1000/4651] Loss = 0.2113 Full = 0.2113 BBox = 0 Boxes = 0 Time = 217.1956s
Epoch = [  6/ 50] Iter = [1100/4651] Loss = 0.1053 Full = 0.1053 BBox = 0 Boxes = 0 Time = 217.0530s
Epoch = [  6/ 50] Iter = [1200/4651] Loss = 0.08004 Full = 0.06287 BBox = 0.05726 Boxes = 1 Time = 217.8238s
Epoch = [  6/ 50] Iter = [1300/4651] Loss = 0.1828 Full = 0.1682 BBox = 0.04875 Boxes = 1 Time = 217.5513s
Epoch = [  6/ 50] Iter = [1400/4651] Loss = 0.07145 Full = 0.07145 BBox = 0 Boxes = 0 Time = 217.8309s
Epoch = [  6/ 50] Iter = [1500/4651] Loss = 0.07855 Full = 0.07855 BBox = 0 Boxes = 0 Time = 216.6753s
Epoch = [  6/ 50] Iter = [1600/4651] Loss = 0.1428 Full = 0.1428 BBox = 0 Boxes = 0 Time = 217.5389s
Epoch = [  6/ 50] Iter = [1700/4651] Loss = 0.0647 Full = 0.04902 BBox = 0.05227 Boxes = 5 Time = 216.0880s
Epoch = [  6/ 50] Iter = [1800/4651] Loss = 0.09311 Full = 0.09311 BBox = 0 Boxes = 0 Time = 215.7581s
Epoch = [  6/ 50] Iter = [1900/4651] Loss = 0.2132 Full = 0.1712 BBox = 0.1399 Boxes = 1 Time = 222.5194s
Epoch = [  6/ 50] Iter = [2000/4651] Loss = 0.1153 Full = 0.1153 BBox = 0 Boxes = 0 Time = 216.9183s
Epoch = [  6/ 50] Iter = [2100/4651] Loss = 0.1182 Full = 0.1182 BBox = 0 Boxes = 0 Time = 216.4047s
Epoch = [  6/ 50] Iter = [2200/4651] Loss = 0.1135 Full = 0.09816 BBox = 0.05122 Boxes = 1 Time = 216.2168s
Epoch = [  6/ 50] Iter = [2300/4651] Loss = 0.07353 Full = 0.07353 BBox = 0 Boxes = 0 Time = 216.9340s
Epoch = [  6/ 50] Iter = [2400/4651] Loss = 0.1518 Full = 0.1518 BBox = 0 Boxes = 0 Time = 215.9346s
Epoch = [  6/ 50] Iter = [2500/4651] Loss = 0.1718 Full = 0.1372 BBox = 0.115 Boxes = 2 Time = 217.0555s
Epoch = [  6/ 50] Iter = [2600/4651] Loss = 0.04754 Full = 0.03225 BBox = 0.05095 Boxes = 1 Time = 216.6736s
Epoch = [  6/ 50] Iter = [2700/4651] Loss = 0.08555 Full = 0.08555 BBox = 0 Boxes = 0 Time = 217.0589s
Epoch = [  6/ 50] Iter = [2800/4651] Loss = 0.07558 Full = 0.07558 BBox = 0 Boxes = 0 Time = 221.6299s
Epoch = [  6/ 50] Iter = [2900/4651] Loss = 0.196 Full = 0.1494 BBox = 0.1551 Boxes = 3 Time = 217.9224s
Epoch = [  6/ 50] Iter = [3000/4651] Loss = 0.08734 Full = 0.08734 BBox = 0 Boxes = 0 Time = 216.8284s
Epoch = [  6/ 50] Iter = [3100/4651] Loss = 0.235 Full = 0.1842 BBox = 0.1695 Boxes = 1 Time = 216.6100s
Epoch = [  6/ 50] Iter = [3200/4651] Loss = 0.1035 Full = 0.08218 BBox = 0.0711 Boxes = 1 Time = 216.3427s
Epoch = [  6/ 50] Iter = [3300/4651] Loss = 0.09358 Full = 0.09358 BBox = 0 Boxes = 0 Time = 217.1417s
Epoch = [  6/ 50] Iter = [3400/4651] Loss = 0.1272 Full = 0.1086 BBox = 0.06226 Boxes = 1 Time = 217.0088s
Epoch = [  6/ 50] Iter = [3500/4651] Loss = 0.07117 Full = 0.04947 BBox = 0.07234 Boxes = 1 Time = 216.7465s
Epoch = [  6/ 50] Iter = [3600/4651] Loss = 0.07717 Full = 0.07717 BBox = 0 Boxes = 0 Time = 217.2264s
Epoch = [  6/ 50] Iter = [3700/4651] Loss = 0.07525 Full = 0.07525 BBox = 0 Boxes = 0 Time = 217.2899s
Epoch = [  6/ 50] Iter = [3800/4651] Loss = 0.05574 Full = 0.05574 BBox = 0 Boxes = 0 Time = 222.5687s
Epoch = [  6/ 50] Iter = [3900/4651] Loss = 0.04835 Full = 0.04835 BBox = 0 Boxes = 0 Time = 216.4944s
Epoch = [  6/ 50] Iter = [4000/4651] Loss = 0.03004 Full = 0.03004 BBox = 0 Boxes = 0 Time = 217.2019s
Epoch = [  6/ 50] Iter = [4100/4651] Loss = 0.1156 Full = 0.09215 BBox = 0.0781 Boxes = 1 Time = 216.8173s
Epoch = [  6/ 50] Iter = [4200/4651] Loss = 0.16 Full = 0.1381 BBox = 0.07322 Boxes = 2 Time = 216.9176s
Epoch = [  6/ 50] Iter = [4300/4651] Loss = 0.1317 Full = 0.1098 BBox = 0.07325 Boxes = 1 Time = 217.9529s
Epoch = [  6/ 50] Iter = [4400/4651] Loss = 0.05878 Full = 0.04771 BBox = 0.03692 Boxes = 1 Time = 217.0945s
Epoch = [  6/ 50] Iter = [4500/4651] Loss = 0.1032 Full = 0.1032 BBox = 0 Boxes = 0 Time = 216.2100s
Epoch = [  6/ 50] Iter = [4600/4651] Loss = 0.07874 Full = 0.07874 BBox = 0 Boxes = 0 Time = 219.9866s
Epoch = [   6/  50] Train = 0.1031 TrainFull = 0.09371 TrainBBox = 0.07917 ValFull = 0.09385 ValBBox = 0.06332 ValObjective = 0.1128 ValSSIMFull = 0.9062 ValSSIMBBox = 0.9367 TrainAnnotatedSlices = 1824 TrainBoxes = 2593 ValAnnotatedSlices = 110 ValBoxes = 161 ValFullSlices = 791 LR = 0.0002 NextLR = 0.0002 TrainTime = 10113.1300s ValTime = 327.2922s
  Official validation by acceleration | full={'acc4': 0.919409792458396, 'acc8': 0.8928999577959379} bbox={'acc4': 0.9427708398515933, 'acc8': 0.9305875378626364}
Epoch # 7 ............... promptmr8_metric_aligned_50ep_v1 ............... LR=0.0002
  mask-aug p = 0.000
  mr-aug   p = 0.000
Epoch = [  7/ 50] Iter = [   0/4651] Loss = 0.05219 Full = 0.05219 BBox = 0 Boxes = 0 Time = 2.1439s
Epoch = [  7/ 50] Iter = [ 100/4651] Loss = 0.1055 Full = 0.1055 BBox = 0 Boxes = 0 Time = 222.1501s
Epoch = [  7/ 50] Iter = [ 200/4651] Loss = 0.08113 Full = 0.08113 BBox = 0 Boxes = 0 Time = 216.1082s
Epoch = [  7/ 50] Iter = [ 300/4651] Loss = 0.1172 Full = 0.08417 BBox = 0.1102 Boxes = 2 Time = 216.2455s
Epoch = [  7/ 50] Iter = [ 400/4651] Loss = 0.1525 Full = 0.1228 BBox = 0.09882 Boxes = 1 Time = 217.6546s
Epoch = [  7/ 50] Iter = [ 500/4651] Loss = 0.1374 Full = 0.1222 BBox = 0.05056 Boxes = 1 Time = 216.6317s
Epoch = [  7/ 50] Iter = [ 600/4651] Loss = 0.06675 Full = 0.05702 BBox = 0.03243 Boxes = 1 Time = 216.7945s
Epoch = [  7/ 50] Iter = [ 700/4651] Loss = 0.1453 Full = 0.1125 BBox = 0.1093 Boxes = 2 Time = 221.9772s
Epoch = [  7/ 50] Iter = [ 800/4651] Loss = 0.1218 Full = 0.1218 BBox = 0 Boxes = 0 Time = 217.6870s
Epoch = [  7/ 50] Iter = [ 900/4651] Loss = 0.04396 Full = 0.03425 BBox = 0.03236 Boxes = 1 Time = 216.3661s
Epoch = [  7/ 50] Iter = [1000/4651] Loss = 0.1349 Full = 0.1349 BBox = 0 Boxes = 0 Time = 221.7486s
Epoch = [  7/ 50] Iter = [1100/4651] Loss = 0.1272 Full = 0.09863 BBox = 0.09538 Boxes = 1 Time = 215.5039s
Epoch = [  7/ 50] Iter = [1200/4651] Loss = 0.1524 Full = 0.1524 BBox = 0 Boxes = 0 Time = 216.8623s
Epoch = [  7/ 50] Iter = [1300/4651] Loss = 0.2008 Full = 0.1493 BBox = 0.1717 Boxes = 2 Time = 217.6544s
Epoch = [  7/ 50] Iter = [1400/4651] Loss = 0.1044 Full = 0.08503 BBox = 0.06447 Boxes = 1 Time = 216.5184s
Epoch = [  7/ 50] Iter = [1500/4651] Loss = 0.07969 Full = 0.06276 BBox = 0.05641 Boxes = 2 Time = 217.7987s
Epoch = [  7/ 50] Iter = [1600/4651] Loss = 0.1259 Full = 0.1259 BBox = 0 Boxes = 0 Time = 217.2581s
Epoch = [  7/ 50] Iter = [1700/4651] Loss = 0.1844 Full = 0.1844 BBox = 0 Boxes = 0 Time = 217.0560s
Epoch = [  7/ 50] Iter = [1800/4651] Loss = 0.06579 Full = 0.05624 BBox = 0.03183 Boxes = 3 Time = 217.1932s
Epoch = [  7/ 50] Iter = [1900/4651] Loss = 0.08919 Full = 0.08919 BBox = 0 Boxes = 0 Time = 216.5288s
Epoch = [  7/ 50] Iter = [2000/4651] Loss = 0.2055 Full = 0.2055 BBox = 0 Boxes = 0 Time = 217.0942s
Epoch = [  7/ 50] Iter = [2100/4651] Loss = 0.04096 Full = 0.02977 BBox = 0.03731 Boxes = 2 Time = 216.8280s
Epoch = [  7/ 50] Iter = [2200/4651] Loss = 0.08618 Full = 0.08618 BBox = 0 Boxes = 0 Time = 216.4219s
Epoch = [  7/ 50] Iter = [2300/4651] Loss = 0.07544 Full = 0.07544 BBox = 0 Boxes = 0 Time = 217.3992s
Epoch = [  7/ 50] Iter = [2400/4651] Loss = 0.04024 Full = 0.03183 BBox = 0.02803 Boxes = 1 Time = 216.7161s
Epoch = [  7/ 50] Iter = [2500/4651] Loss = 0.05915 Full = 0.04964 BBox = 0.03172 Boxes = 2 Time = 216.6869s
Epoch = [  7/ 50] Iter = [2600/4651] Loss = 0.1182 Full = 0.09309 BBox = 0.08379 Boxes = 1 Time = 216.8712s
Epoch = [  7/ 50] Iter = [2700/4651] Loss = 0.1133 Full = 0.0963 BBox = 0.05664 Boxes = 1 Time = 216.9096s
Epoch = [  7/ 50] Iter = [2800/4651] Loss = 0.09078 Full = 0.09078 BBox = 0 Boxes = 0 Time = 219.7606s
Epoch = [  7/ 50] Iter = [2900/4651] Loss = 0.1134 Full = 0.1134 BBox = 0 Boxes = 0 Time = 217.8342s
Epoch = [  7/ 50] Iter = [3000/4651] Loss = 0.1286 Full = 0.1286 BBox = 0 Boxes = 0 Time = 217.6253s
Epoch = [  7/ 50] Iter = [3100/4651] Loss = 0.09448 Full = 0.09448 BBox = 0 Boxes = 0 Time = 221.1594s
Epoch = [  7/ 50] Iter = [3200/4651] Loss = 0.1037 Full = 0.1037 BBox = 0 Boxes = 0 Time = 216.6029s
Epoch = [  7/ 50] Iter = [3300/4651] Loss = 0.05283 Full = 0.05283 BBox = 0 Boxes = 0 Time = 217.7500s
Epoch = [  7/ 50] Iter = [3400/4651] Loss = 0.1111 Full = 0.1111 BBox = 0 Boxes = 0 Time = 216.8517s
Epoch = [  7/ 50] Iter = [3500/4651] Loss = 0.07526 Full = 0.07526 BBox = 0 Boxes = 0 Time = 216.5967s
Epoch = [  7/ 50] Iter = [3600/4651] Loss = 0.06475 Full = 0.06475 BBox = 0 Boxes = 0 Time = 217.9429s
Epoch = [  7/ 50] Iter = [3700/4651] Loss = 0.2052 Full = 0.2052 BBox = 0 Boxes = 0 Time = 217.0725s
Epoch = [  7/ 50] Iter = [3800/4651] Loss = 0.07348 Full = 0.05905 BBox = 0.04809 Boxes = 1 Time = 216.7750s
Epoch = [  7/ 50] Iter = [3900/4651] Loss = 0.1042 Full = 0.07327 BBox = 0.1032 Boxes = 1 Time = 216.9347s
Epoch = [  7/ 50] Iter = [4000/4651] Loss = 0.1011 Full = 0.1011 BBox = 0 Boxes = 0 Time = 217.3962s
Epoch = [  7/ 50] Iter = [4100/4651] Loss = 0.08098 Full = 0.08098 BBox = 0 Boxes = 0 Time = 218.1503s
Epoch = [  7/ 50] Iter = [4200/4651] Loss = 0.03405 Full = 0.03405 BBox = 0 Boxes = 0 Time = 217.7665s
Epoch = [  7/ 50] Iter = [4300/4651] Loss = 0.08101 Full = 0.08101 BBox = 0 Boxes = 0 Time = 222.2172s
Epoch = [  7/ 50] Iter = [4400/4651] Loss = 0.1286 Full = 0.1286 BBox = 0 Boxes = 0 Time = 217.2852s
Epoch = [  7/ 50] Iter = [4500/4651] Loss = 0.07278 Full = 0.07278 BBox = 0 Boxes = 0 Time = 217.6395s
Epoch = [  7/ 50] Iter = [4600/4651] Loss = 0.03809 Full = 0.03809 BBox = 0 Boxes = 0 Time = 218.4264s
Epoch = [   7/  50] Train = 0.1024 TrainFull = 0.0932 TrainBBox = 0.07775 ValFull = 0.09288 ValBBox = 0.06237 ValObjective = 0.1116 ValSSIMFull = 0.9071 ValSSIMBBox = 0.9376 TrainAnnotatedSlices = 1824 TrainBoxes = 2593 ValAnnotatedSlices = 110 ValBoxes = 161 ValFullSlices = 791 LR = 0.0002 NextLR = 0.0002 TrainTime = 10122.3684s ValTime = 327.0867s
  Official validation by acceleration | full={'acc4': 0.9206297788631711, 'acc8': 0.8936200910247862} bbox={'acc4': 0.9435250413752048, 'acc8': 0.9317447907394834}
@@@@@@@@@@@@@@@@@@@@NewRecord@@@@@@@@@@@@@@@@@@@@
ForwardTime = 7.0541s
Epoch # 8 ............... promptmr8_metric_aligned_50ep_v1 ............... LR=0.0002
  mask-aug p = 0.000
  mr-aug   p = 0.000
Epoch = [  8/ 50] Iter = [   0/4651] Loss = 0.06176 Full = 0.06176 BBox = 0 Boxes = 0 Time = 2.1524s
Epoch = [  8/ 50] Iter = [ 100/4651] Loss = 0.1023 Full = 0.08162 BBox = 0.06886 Boxes = 1 Time = 215.9522s
Epoch = [  8/ 50] Iter = [ 200/4651] Loss = 0.05375 Full = 0.05375 BBox = 0 Boxes = 0 Time = 217.9658s
Epoch = [  8/ 50] Iter = [ 300/4651] Loss = 0.1236 Full = 0.1236 BBox = 0 Boxes = 0 Time = 217.1064s
Epoch = [  8/ 50] Iter = [ 400/4651] Loss = 0.1595 Full = 0.1595 BBox = 0 Boxes = 0 Time = 215.9543s
Epoch = [  8/ 50] Iter = [ 500/4651] Loss = 0.1995 Full = 0.1472 BBox = 0.1746 Boxes = 1 Time = 218.4239s
Epoch = [  8/ 50] Iter = [ 600/4651] Loss = 0.04937 Full = 0.03722 BBox = 0.04049 Boxes = 2 Time = 216.4037s
Epoch = [  8/ 50] Iter = [ 700/4651] Loss = 0.01856 Full = 0.01856 BBox = 0 Boxes = 0 Time = 217.9626s
Epoch = [  8/ 50] Iter = [ 800/4651] Loss = 0.1353 Full = 0.1353 BBox = 0 Boxes = 0 Time = 218.0097s
Epoch = [  8/ 50] Iter = [ 900/4651] Loss = 0.08 Full = 0.08 BBox = 0 Boxes = 0 Time = 216.5099s
Epoch = [  8/ 50] Iter = [1000/4651] Loss = 0.08822 Full = 0.08822 BBox = 0 Boxes = 0 Time = 217.5390s
Epoch = [  8/ 50] Iter = [1100/4651] Loss = 0.07772 Full = 0.07772 BBox = 0 Boxes = 0 Time = 221.6081s
Epoch = [  8/ 50] Iter = [1200/4651] Loss = 0.04835 Full = 0.03606 BBox = 0.04099 Boxes = 1 Time = 218.2138s
Epoch = [  8/ 50] Iter = [1300/4651] Loss = 0.1099 Full = 0.09308 BBox = 0.05611 Boxes = 1 Time = 217.9287s
Epoch = [  8/ 50] Iter = [1400/4651] Loss = 0.1044 Full = 0.08535 BBox = 0.06344 Boxes = 1 Time = 217.5791s
Epoch = [  8/ 50] Iter = [1500/4651] Loss = 0.1569 Full = 0.1307 BBox = 0.08737 Boxes = 2 Time = 218.0365s
Epoch = [  8/ 50] Iter = [1600/4651] Loss = 0.1027 Full = 0.08527 BBox = 0.05796 Boxes = 1 Time = 222.1831s
Epoch = [  8/ 50] Iter = [1700/4651] Loss = 0.07653 Full = 0.07653 BBox = 0 Boxes = 0 Time = 216.9853s
Epoch = [  8/ 50] Iter = [1800/4651] Loss = 0.1993 Full = 0.1435 BBox = 0.1862 Boxes = 2 Time = 221.8038s
Epoch = [  8/ 50] Iter = [1900/4651] Loss = 0.1699 Full = 0.1441 BBox = 0.08607 Boxes = 1 Time = 218.0951s
Epoch = [  8/ 50] Iter = [2000/4651] Loss = 0.1534 Full = 0.1219 BBox = 0.1048 Boxes = 2 Time = 216.9844s
Epoch = [  8/ 50] Iter = [2100/4651] Loss = 0.05078 Full = 0.05078 BBox = 0 Boxes = 0 Time = 216.0211s
Epoch = [  8/ 50] Iter = [2200/4651] Loss = 0.1743 Full = 0.1743 BBox = 0 Boxes = 0 Time = 217.0008s
Epoch = [  8/ 50] Iter = [2300/4651] Loss = 0.06868 Full = 0.05376 BBox = 0.04974 Boxes = 1 Time = 221.8827s
Epoch = [  8/ 50] Iter = [2400/4651] Loss = 0.07233 Full = 0.07233 BBox = 0 Boxes = 0 Time = 216.8200s
Epoch = [  8/ 50] Iter = [2500/4651] Loss = 0.0488 Full = 0.0488 BBox = 0 Boxes = 0 Time = 216.5873s
Epoch = [  8/ 50] Iter = [2600/4651] Loss = 0.08503 Full = 0.08503 BBox = 0 Boxes = 0 Time = 216.0715s
Epoch = [  8/ 50] Iter = [2700/4651] Loss = 0.1328 Full = 0.1328 BBox = 0 Boxes = 0 Time = 216.3333s
Epoch = [  8/ 50] Iter = [2800/4651] Loss = 0.04409 Full = 0.04409 BBox = 0 Boxes = 0 Time = 217.2692s
Epoch = [  8/ 50] Iter = [2900/4651] Loss = 0.04692 Full = 0.04692 BBox = 0 Boxes = 0 Time = 218.1310s
Epoch = [  8/ 50] Iter = [3000/4651] Loss = 0.05532 Full = 0.04152 BBox = 0.046 Boxes = 3 Time = 217.8057s
Epoch = [  8/ 50] Iter = [3100/4651] Loss = 0.04437 Full = 0.04437 BBox = 0 Boxes = 0 Time = 217.2705s
Epoch = [  8/ 50] Iter = [3200/4651] Loss = 0.1207 Full = 0.1207 BBox = 0 Boxes = 0 Time = 217.0973s
Epoch = [  8/ 50] Iter = [3300/4651] Loss = 0.2005 Full = 0.1695 BBox = 0.1035 Boxes = 1 Time = 217.2003s
Epoch = [  8/ 50] Iter = [3400/4651] Loss = 0.07224 Full = 0.07224 BBox = 0 Boxes = 0 Time = 217.2455s
Epoch = [  8/ 50] Iter = [3500/4651] Loss = 0.1297 Full = 0.1089 BBox = 0.06921 Boxes = 2 Time = 217.4582s
Epoch = [  8/ 50] Iter = [3600/4651] Loss = 0.138 Full = 0.1047 BBox = 0.1111 Boxes = 1 Time = 216.7836s
Epoch = [  8/ 50] Iter = [3700/4651] Loss = 0.04989 Full = 0.04989 BBox = 0 Boxes = 0 Time = 215.6886s
Epoch = [  8/ 50] Iter = [3800/4651] Loss = 0.1804 Full = 0.1311 BBox = 0.1642 Boxes = 2 Time = 216.6145s
Epoch = [  8/ 50] Iter = [3900/4651] Loss = 0.08252 Full = 0.0622 BBox = 0.06772 Boxes = 3 Time = 216.0821s
Epoch = [  8/ 50] Iter = [4000/4651] Loss = 0.07024 Full = 0.07024 BBox = 0 Boxes = 0 Time = 217.4891s
Epoch = [  8/ 50] Iter = [4100/4651] Loss = 0.04664 Full = 0.03646 BBox = 0.03391 Boxes = 1 Time = 217.3036s
Epoch = [  8/ 50] Iter = [4200/4651] Loss = 0.148 Full = 0.1258 BBox = 0.07402 Boxes = 2 Time = 216.4960s
Epoch = [  8/ 50] Iter = [4300/4651] Loss = 0.06228 Full = 0.06228 BBox = 0 Boxes = 0 Time = 217.0301s
Epoch = [  8/ 50] Iter = [4400/4651] Loss = 0.1117 Full = 0.1117 BBox = 0 Boxes = 0 Time = 226.3072s
Epoch = [  8/ 50] Iter = [4500/4651] Loss = 0.07559 Full = 0.07559 BBox = 0 Boxes = 0 Time = 217.0570s
Epoch = [  8/ 50] Iter = [4600/4651] Loss = 0.09414 Full = 0.09414 BBox = 0 Boxes = 0 Time = 216.9936s
Epoch = [   8/  50] Train = 0.1019 TrainFull = 0.0928 TrainBBox = 0.07685 ValFull = 0.0922 ValBBox = 0.06193 ValObjective = 0.1108 ValSSIMFull = 0.9078 ValSSIMBBox = 0.9381 TrainAnnotatedSlices = 1824 TrainBoxes = 2593 ValAnnotatedSlices = 110 ValBoxes = 161 ValFullSlices = 791 LR = 0.0002 NextLR = 0.0002 TrainTime = 10125.6549s ValTime = 326.8951s
  Official validation by acceleration | full={'acc4': 0.9212818986367828, 'acc8': 0.8943097291824719} bbox={'acc4': 0.9442909114828734, 'acc8': 0.9318412950745335}
@@@@@@@@@@@@@@@@@@@@NewRecord@@@@@@@@@@@@@@@@@@@@
ForwardTime = 7.1029s
Epoch # 9 ............... promptmr8_metric_aligned_50ep_v1 ............... LR=0.0002
  mask-aug p = 0.000
  mr-aug   p = 0.000
Epoch = [  9/ 50] Iter = [   0/4651] Loss = 0.148 Full = 0.1059 BBox = 0.1404 Boxes = 1 Time = 2.1506s
Epoch = [  9/ 50] Iter = [ 100/4651] Loss = 0.07562 Full = 0.07562 BBox = 0 Boxes = 0 Time = 216.6611s
Epoch = [  9/ 50] Iter = [ 200/4651] Loss = 0.09142 Full = 0.09142 BBox = 0 Boxes = 0 Time = 217.3928s
Epoch = [  9/ 50] Iter = [ 300/4651] Loss = 0.07014 Full = 0.07014 BBox = 0 Boxes = 0 Time = 216.5006s
Epoch = [  9/ 50] Iter = [ 400/4651] Loss = 0.1298 Full = 0.1021 BBox = 0.09233 Boxes = 1 Time = 216.6071s
Epoch = [  9/ 50] Iter = [ 500/4651] Loss = 0.06327 Full = 0.05133 BBox = 0.03979 Boxes = 1 Time = 215.8303s
Epoch = [  9/ 50] Iter = [ 600/4651] Loss = 0.09541 Full = 0.08485 BBox = 0.0352 Boxes = 1 Time = 216.4188s
Epoch = [  9/ 50] Iter = [ 700/4651] Loss = 0.05665 Full = 0.05665 BBox = 0 Boxes = 0 Time = 221.5917s
Epoch = [  9/ 50] Iter = [ 800/4651] Loss = 0.1332 Full = 0.1332 BBox = 0 Boxes = 0 Time = 216.4666s
Epoch = [  9/ 50] Iter = [ 900/4651] Loss = 0.09879 Full = 0.09879 BBox = 0 Boxes = 0 Time = 217.4147s
Epoch = [  9/ 50] Iter = [1000/4651] Loss = 0.07528 Full = 0.05569 BBox = 0.06529 Boxes = 2 Time = 221.5242s
Epoch = [  9/ 50] Iter = [1100/4651] Loss = 0.1345 Full = 0.1345 BBox = 0 Boxes = 0 Time = 216.1745s
Epoch = [  9/ 50] Iter = [1200/4651] Loss = 0.05708 Full = 0.05708 BBox = 0 Boxes = 0 Time = 216.2862s
Epoch = [  9/ 50] Iter = [1300/4651] Loss = 0.07612 Full = 0.07612 BBox = 0 Boxes = 0 Time = 222.0308s
Epoch = [  9/ 50] Iter = [1400/4651] Loss = 0.1108 Full = 0.1108 BBox = 0 Boxes = 0 Time = 216.2530s
Epoch = [  9/ 50] Iter = [1500/4651] Loss = 0.1409 Full = 0.1188 BBox = 0.07369 Boxes = 1 Time = 216.0280s
Epoch = [  9/ 50] Iter = [1600/4651] Loss = 0.1039 Full = 0.1039 BBox = 0 Boxes = 0 Time = 216.8288s
Epoch = [  9/ 50] Iter = [1700/4651] Loss = 0.1898 Full = 0.1414 BBox = 0.1614 Boxes = 1 Time = 216.3347s
Epoch = [  9/ 50] Iter = [1800/4651] Loss = 0.1467 Full = 0.1256 BBox = 0.07033 Boxes = 1 Time = 217.0729s
Epoch = [  9/ 50] Iter = [1900/4651] Loss = 0.08041 Full = 0.08041 BBox = 0 Boxes = 0 Time = 220.5924s
Epoch = [  9/ 50] Iter = [2000/4651] Loss = 0.1071 Full = 0.1071 BBox = 0 Boxes = 0 Time = 215.1716s
Epoch = [  9/ 50] Iter = [2100/4651] Loss = 0.171 Full = 0.1445 BBox = 0.08834 Boxes = 1 Time = 215.9286s
Epoch = [  9/ 50] Iter = [2200/4651] Loss = 0.0724 Full = 0.0724 BBox = 0 Boxes = 0 Time = 217.7862s
Epoch = [  9/ 50] Iter = [2300/4651] Loss = 0.1792 Full = 0.1792 BBox = 0 Boxes = 0 Time = 219.9018s
Epoch = [  9/ 50] Iter = [2400/4651] Loss = 0.03549 Full = 0.03549 BBox = 0 Boxes = 0 Time = 216.6064s
Epoch = [  9/ 50] Iter = [2500/4651] Loss = 0.06867 Full = 0.06867 BBox = 0 Boxes = 0 Time = 217.1271s
Epoch = [  9/ 50] Iter = [2600/4651] Loss = 0.1745 Full = 0.1745 BBox = 0 Boxes = 0 Time = 215.7959s
Epoch = [  9/ 50] Iter = [2700/4651] Loss = 0.0641 Full = 0.05234 BBox = 0.03917 Boxes = 1 Time = 216.1764s
Epoch = [  9/ 50] Iter = [2800/4651] Loss = 0.2033 Full = 0.156 BBox = 0.1576 Boxes = 1 Time = 221.8403s
Epoch = [  9/ 50] Iter = [2900/4651] Loss = 0.05011 Full = 0.05011 BBox = 0 Boxes = 0 Time = 215.8014s
Epoch = [  9/ 50] Iter = [3000/4651] Loss = 0.07657 Full = 0.07657 BBox = 0 Boxes = 0 Time = 215.8492s
Epoch = [  9/ 50] Iter = [3100/4651] Loss = 0.1068 Full = 0.09492 BBox = 0.03976 Boxes = 2 Time = 215.4270s
Epoch = [  9/ 50] Iter = [3200/4651] Loss = 0.08401 Full = 0.08401 BBox = 0 Boxes = 0 Time = 216.3737s
Epoch = [  9/ 50] Iter = [3300/4651] Loss = 0.053 Full = 0.053 BBox = 0 Boxes = 0 Time = 216.1007s
Epoch = [  9/ 50] Iter = [3400/4651] Loss = 0.1812 Full = 0.1812 BBox = 0 Boxes = 0 Time = 217.1021s
Epoch = [  9/ 50] Iter = [3500/4651] Loss = 0.07185 Full = 0.05397 BBox = 0.0596 Boxes = 2 Time = 216.4475s
Epoch = [  9/ 50] Iter = [3600/4651] Loss = 0.0989 Full = 0.07852 BBox = 0.06793 Boxes = 1 Time = 216.3996s
Epoch = [  9/ 50] Iter = [3700/4651] Loss = 0.1211 Full = 0.1084 BBox = 0.04226 Boxes = 1 Time = 217.3006s
Epoch = [  9/ 50] Iter = [3800/4651] Loss = 0.1621 Full = 0.1303 BBox = 0.1063 Boxes = 1 Time = 223.0547s
Epoch = [  9/ 50] Iter = [3900/4651] Loss = 0.1494 Full = 0.1331 BBox = 0.05445 Boxes = 1 Time = 216.3190s
Epoch = [  9/ 50] Iter = [4000/4651] Loss = 0.06271 Full = 0.053 BBox = 0.03235 Boxes = 2 Time = 216.5361s
Epoch = [  9/ 50] Iter = [4100/4651] Loss = 0.0823 Full = 0.06119 BBox = 0.07036 Boxes = 2 Time = 216.1033s
Epoch = [  9/ 50] Iter = [4200/4651] Loss = 0.05145 Full = 0.05145 BBox = 0 Boxes = 0 Time = 217.0269s
Epoch = [  9/ 50] Iter = [4300/4651] Loss = 0.1298 Full = 0.1044 BBox = 0.08489 Boxes = 1 Time = 216.1964s
Epoch = [  9/ 50] Iter = [4400/4651] Loss = 0.1042 Full = 0.1042 BBox = 0 Boxes = 0 Time = 216.3301s
Epoch = [  9/ 50] Iter = [4500/4651] Loss = 0.1253 Full = 0.09449 BBox = 0.1026 Boxes = 3 Time = 215.7713s
Epoch = [  9/ 50] Iter = [4600/4651] Loss = 0.03536 Full = 0.03536 BBox = 0 Boxes = 0 Time = 216.3912s
Epoch = [   9/  50] Train = 0.1014 TrainFull = 0.09239 TrainBBox = 0.07599 ValFull = 0.09188 ValBBox = 0.06071 ValObjective = 0.1101 ValSSIMFull = 0.9081 ValSSIMBBox = 0.9393 TrainAnnotatedSlices = 1824 TrainBoxes = 2593 ValAnnotatedSlices = 110 ValBoxes = 161 ValFullSlices = 791 LR = 0.0002 NextLR = 0.0002 TrainTime = 10101.8130s ValTime = 331.7548s
  Official validation by acceleration | full={'acc4': 0.921461840665897, 'acc8': 0.8947757077403367} bbox={'acc4': 0.944280598208169, 'acc8': 0.9343055806778096}
@@@@@@@@@@@@@@@@@@@@NewRecord@@@@@@@@@@@@@@@@@@@@
ForwardTime = 7.2069s
Epoch #10 ............... promptmr8_metric_aligned_50ep_v1 ............... LR=0.0002
  mask-aug p = 0.000
  mr-aug   p = 0.000
Epoch = [ 10/ 50] Iter = [   0/4651] Loss = 0.1176 Full = 0.1176 BBox = 0 Boxes = 0 Time = 2.1921s
Epoch = [ 10/ 50] Iter = [ 100/4651] Loss = 0.1467 Full = 0.1073 BBox = 0.1313 Boxes = 1 Time = 215.6398s
Epoch = [ 10/ 50] Iter = [ 200/4651] Loss = 0.08854 Full = 0.07691 BBox = 0.03877 Boxes = 1 Time = 216.4004s
Epoch = [ 10/ 50] Iter = [ 300/4651] Loss = 0.04792 Full = 0.04162 BBox = 0.021 Boxes = 1 Time = 217.2966s
Epoch = [ 10/ 50] Iter = [ 400/4651] Loss = 0.1778 Full = 0.1778 BBox = 0 Boxes = 0 Time = 226.4067s
Epoch = [ 10/ 50] Iter = [ 500/4651] Loss = 0.06871 Full = 0.06871 BBox = 0 Boxes = 0 Time = 216.4574s
Epoch = [ 10/ 50] Iter = [ 600/4651] Loss = 0.1278 Full = 0.1278 BBox = 0 Boxes = 0 Time = 215.6249s
Epoch = [ 10/ 50] Iter = [ 700/4651] Loss = 0.1595 Full = 0.1359 BBox = 0.07865 Boxes = 1 Time = 215.9408s
Epoch = [ 10/ 50] Iter = [ 800/4651] Loss = 0.07674 Full = 0.07674 BBox = 0 Boxes = 0 Time = 217.3145s
Epoch = [ 10/ 50] Iter = [ 900/4651] Loss = 0.09545 Full = 0.09545 BBox = 0 Boxes = 0 Time = 216.4633s
Epoch = [ 10/ 50] Iter = [1000/4651] Loss = 0.1815 Full = 0.1815 BBox = 0 Boxes = 0 Time = 215.4035s
Epoch = [ 10/ 50] Iter = [1100/4651] Loss = 0.06971 Full = 0.06971 BBox = 0 Boxes = 0 Time = 216.4758s
Epoch = [ 10/ 50] Iter = [1200/4651] Loss = 0.06359 Full = 0.04964 BBox = 0.04652 Boxes = 2 Time = 215.6524s
Epoch = [ 10/ 50] Iter = [1300/4651] Loss = 0.04313 Full = 0.04313 BBox = 0 Boxes = 0 Time = 217.2325s
Epoch = [ 10/ 50] Iter = [1400/4651] Loss = 0.08695 Full = 0.08695 BBox = 0 Boxes = 0 Time = 215.6431s
Epoch = [ 10/ 50] Iter = [1500/4651] Loss = 0.07276 Full = 0.07276 BBox = 0 Boxes = 0 Time = 216.1778s
Epoch = [ 10/ 50] Iter = [1600/4651] Loss = 0.1206 Full = 0.08751 BBox = 0.1104 Boxes = 3 Time = 216.4897s
Epoch = [ 10/ 50] Iter = [1700/4651] Loss = 0.1117 Full = 0.1117 BBox = 0 Boxes = 0 Time = 222.2097s
Epoch = [ 10/ 50] Iter = [1800/4651] Loss = 0.06163 Full = 0.06163 BBox = 0 Boxes = 0 Time = 216.2751s
Epoch = [ 10/ 50] Iter = [1900/4651] Loss = 0.1122 Full = 0.1122 BBox = 0 Boxes = 0 Time = 220.1793s
Epoch = [ 10/ 50] Iter = [2000/4651] Loss = 0.1856 Full = 0.1404 BBox = 0.1504 Boxes = 1 Time = 216.1208s
Epoch = [ 10/ 50] Iter = [2100/4651] Loss = 0.1525 Full = 0.1525 BBox = 0 Boxes = 0 Time = 215.4117s
Epoch = [ 10/ 50] Iter = [2200/4651] Loss = 0.1167 Full = 0.1167 BBox = 0 Boxes = 0 Time = 216.7364s
Epoch = [ 10/ 50] Iter = [2300/4651] Loss = 0.08589 Full = 0.08589 BBox = 0 Boxes = 0 Time = 216.0414s
Epoch = [ 10/ 50] Iter = [2400/4651] Loss = 0.05062 Full = 0.05062 BBox = 0 Boxes = 0 Time = 217.4813s
Epoch = [ 10/ 50] Iter = [2500/4651] Loss = 0.1971 Full = 0.1521 BBox = 0.1502 Boxes = 1 Time = 222.2671s
Epoch = [ 10/ 50] Iter = [2600/4651] Loss = 0.06708 Full = 0.05294 BBox = 0.04712 Boxes = 1 Time = 217.0164s
Epoch = [ 10/ 50] Iter = [2700/4651] Loss = 0.1427 Full = 0.1427 BBox = 0 Boxes = 0 Time = 222.8374s
Epoch = [ 10/ 50] Iter = [2800/4651] Loss = 0.06166 Full = 0.05485 BBox = 0.0227 Boxes = 1 Time = 218.0545s
Epoch = [ 10/ 50] Iter = [2900/4651] Loss = 0.08932 Full = 0.08932 BBox = 0 Boxes = 0 Time = 215.9000s
Epoch = [ 10/ 50] Iter = [3000/4651] Loss = 0.1256 Full = 0.1256 BBox = 0 Boxes = 0 Time = 215.9612s
Epoch = [ 10/ 50] Iter = [3100/4651] Loss = 0.1461 Full = 0.1118 BBox = 0.1141 Boxes = 1 Time = 216.4127s
Epoch = [ 10/ 50] Iter = [3200/4651] Loss = 0.07258 Full = 0.07258 BBox = 0 Boxes = 0 Time = 216.1273s
Epoch = [ 10/ 50] Iter = [3300/4651] Loss = 0.0617 Full = 0.04969 BBox = 0.04005 Boxes = 1 Time = 216.3179s
Epoch = [ 10/ 50] Iter = [3400/4651] Loss = 0.1548 Full = 0.1548 BBox = 0 Boxes = 0 Time = 215.5487s
Epoch = [ 10/ 50] Iter = [3500/4651] Loss = 0.1104 Full = 0.1104 BBox = 0 Boxes = 0 Time = 221.2754s
Epoch = [ 10/ 50] Iter = [3600/4651] Loss = 0.1557 Full = 0.1557 BBox = 0 Boxes = 0 Time = 216.9209s
Epoch = [ 10/ 50] Iter = [3700/4651] Loss = 0.06503 Full = 0.06503 BBox = 0 Boxes = 0 Time = 215.6188s
Epoch = [ 10/ 50] Iter = [3800/4651] Loss = 0.05908 Full = 0.05908 BBox = 0 Boxes = 0 Time = 215.4595s
Epoch = [ 10/ 50] Iter = [3900/4651] Loss = 0.09639 Full = 0.07087 BBox = 0.08506 Boxes = 1 Time = 215.3306s
Epoch = [ 10/ 50] Iter = [4000/4651] Loss = 0.07497 Full = 0.07497 BBox = 0 Boxes = 0 Time = 216.7370s
Epoch = [ 10/ 50] Iter = [4100/4651] Loss = 0.1585 Full = 0.1585 BBox = 0 Boxes = 0 Time = 220.5201s
Epoch = [ 10/ 50] Iter = [4200/4651] Loss = 0.092 Full = 0.092 BBox = 0 Boxes = 0 Time = 215.5253s
Epoch = [ 10/ 50] Iter = [4300/4651] Loss = 0.1488 Full = 0.1488 BBox = 0 Boxes = 0 Time = 216.5235s
Epoch = [ 10/ 50] Iter = [4400/4651] Loss = 0.05378 Full = 0.05378 BBox = 0 Boxes = 0 Time = 216.5003s
Epoch = [ 10/ 50] Iter = [4500/4651] Loss = 0.1381 Full = 0.1381 BBox = 0 Boxes = 0 Time = 216.5228s
Epoch = [ 10/ 50] Iter = [4600/4651] Loss = 0.05177 Full = 0.03923 BBox = 0.04179 Boxes = 2 Time = 217.4694s
Epoch = [  10/  50] Train = 0.1009 TrainFull = 0.09202 TrainBBox = 0.07501 ValFull = 0.0925 ValBBox = 0.06221 ValObjective = 0.1112 ValSSIMFull = 0.9075 ValSSIMBBox = 0.9378 TrainAnnotatedSlices = 1824 TrainBoxes = 2593 ValAnnotatedSlices = 110 ValBoxes = 161 ValFullSlices = 791 LR = 0.0002 NextLR = 0.0002 TrainTime = 10101.6808s ValTime = 326.6652s
  Official validation by acceleration | full={'acc4': 0.9206324618044298, 'acc8': 0.8943771198391914} bbox={'acc4': 0.9437595589138638, 'acc8': 0.9318263177518491}
Epoch #11 ............... promptmr8_metric_aligned_50ep_v1 ............... LR=0.0002
  mask-aug p = 0.000
  mr-aug   p = 0.000
Epoch = [ 11/ 50] Iter = [   0/4651] Loss = 0.03642 Full = 0.03642 BBox = 0 Boxes = 0 Time = 2.2120s
Epoch = [ 11/ 50] Iter = [ 100/4651] Loss = 0.1119 Full = 0.1119 BBox = 0 Boxes = 0 Time = 216.0621s
Epoch = [ 11/ 50] Iter = [ 200/4651] Loss = 0.09208 Full = 0.09208 BBox = 0 Boxes = 0 Time = 215.9551s
Epoch = [ 11/ 50] Iter = [ 300/4651] Loss = 0.1241 Full = 0.1241 BBox = 0 Boxes = 0 Time = 216.6583s
Epoch = [ 11/ 50] Iter = [ 400/4651] Loss = 0.03516 Full = 0.03516 BBox = 0 Boxes = 0 Time = 216.4702s
Epoch = [ 11/ 50] Iter = [ 500/4651] Loss = 0.103 Full = 0.07418 BBox = 0.09617 Boxes = 2 Time = 214.7377s
Epoch = [ 11/ 50] Iter = [ 600/4651] Loss = 0.03168 Full = 0.03168 BBox = 0 Boxes = 0 Time = 215.5775s
Epoch = [ 11/ 50] Iter = [ 700/4651] Loss = 0.08468 Full = 0.08468 BBox = 0 Boxes = 0 Time = 216.6925s
Epoch = [ 11/ 50] Iter = [ 800/4651] Loss = 0.1524 Full = 0.1524 BBox = 0 Boxes = 0 Time = 216.7095s
Epoch = [ 11/ 50] Iter = [ 900/4651] Loss = 0.1603 Full = 0.1603 BBox = 0 Boxes = 0 Time = 217.1254s
Epoch = [ 11/ 50] Iter = [1000/4651] Loss = 0.1679 Full = 0.1679 BBox = 0 Boxes = 0 Time = 220.7474s
Epoch = [ 11/ 50] Iter = [1100/4651] Loss = 0.0871 Full = 0.0871 BBox = 0 Boxes = 0 Time = 215.0710s
Epoch = [ 11/ 50] Iter = [1200/4651] Loss = 0.1751 Full = 0.13 BBox = 0.1501 Boxes = 1 Time = 216.3952s
Epoch = [ 11/ 50] Iter = [1300/4651] Loss = 0.06494 Full = 0.06494 BBox = 0 Boxes = 0 Time = 216.5167s
Epoch = [ 11/ 50] Iter = [1400/4651] Loss = 0.11 Full = 0.08109 BBox = 0.09647 Boxes = 2 Time = 215.1097s
Epoch = [ 11/ 50] Iter = [1500/4651] Loss = 0.04747 Full = 0.04747 BBox = 0 Boxes = 0 Time = 231.0444s
Epoch = [ 11/ 50] Iter = [1600/4651] Loss = 0.1659 Full = 0.1659 BBox = 0 Boxes = 0 Time = 216.5044s
Epoch = [ 11/ 50] Iter = [1700/4651] Loss = 0.06869 Full = 0.06869 BBox = 0 Boxes = 0 Time = 215.5624s
Epoch = [ 11/ 50] Iter = [1800/4651] Loss = 0.09335 Full = 0.09335 BBox = 0 Boxes = 0 Time = 216.1391s
Epoch = [ 11/ 50] Iter = [1900/4651] Loss = 0.1126 Full = 0.1126 BBox = 0 Boxes = 0 Time = 227.1426s
Epoch = [ 11/ 50] Iter = [2000/4651] Loss = 0.09294 Full = 0.09294 BBox = 0 Boxes = 0 Time = 217.0573s
Epoch = [ 11/ 50] Iter = [2100/4651] Loss = 0.1384 Full = 0.1384 BBox = 0 Boxes = 0 Time = 217.8306s
Epoch = [ 11/ 50] Iter = [2200/4651] Loss = 0.103 Full = 0.09234 BBox = 0.03567 Boxes = 1 Time = 215.4793s
Epoch = [ 11/ 50] Iter = [2300/4651] Loss = 0.07508 Full = 0.07508 BBox = 0 Boxes = 0 Time = 216.6713s
Epoch = [ 11/ 50] Iter = [2400/4651] Loss = 0.1696 Full = 0.1308 BBox = 0.1296 Boxes = 1 Time = 216.7460s
Epoch = [ 11/ 50] Iter = [2500/4651] Loss = 0.07691 Full = 0.06823 BBox = 0.02895 Boxes = 1 Time = 215.4179s
Epoch = [ 11/ 50] Iter = [2600/4651] Loss = 0.1035 Full = 0.1035 BBox = 0 Boxes = 0 Time = 216.7184s
Epoch = [ 11/ 50] Iter = [2700/4651] Loss = 0.04523 Full = 0.04523 BBox = 0 Boxes = 0 Time = 215.4547s
Epoch = [ 11/ 50] Iter = [2800/4651] Loss = 0.1464 Full = 0.1062 BBox = 0.134 Boxes = 1 Time = 216.3066s
Epoch = [ 11/ 50] Iter = [2900/4651] Loss = 0.04334 Full = 0.04334 BBox = 0 Boxes = 0 Time = 215.4371s
Epoch = [ 11/ 50] Iter = [3000/4651] Loss = 0.09191 Full = 0.09191 BBox = 0 Boxes = 0 Time = 215.1006s
Epoch = [ 11/ 50] Iter = [3100/4651] Loss = 0.1492 Full = 0.1492 BBox = 0 Boxes = 0 Time = 215.9013s
Epoch = [ 11/ 50] Iter = [3200/4651] Loss = 0.1296 Full = 0.1296 BBox = 0 Boxes = 0 Time = 215.3173s
Epoch = [ 11/ 50] Iter = [3300/4651] Loss = 0.09543 Full = 0.09543 BBox = 0 Boxes = 0 Time = 216.2022s
Epoch = [ 11/ 50] Iter = [3400/4651] Loss = 0.09608 Full = 0.06552 BBox = 0.1018 Boxes = 1 Time = 215.2764s
Epoch = [ 11/ 50] Iter = [3500/4651] Loss = 0.1651 Full = 0.1651 BBox = 0 Boxes = 0 Time = 215.5748s
Epoch = [ 11/ 50] Iter = [3600/4651] Loss = 0.05508 Full = 0.05508 BBox = 0 Boxes = 0 Time = 217.0090s
Epoch = [ 11/ 50] Iter = [3700/4651] Loss = 0.07546 Full = 0.07546 BBox = 0 Boxes = 0 Time = 216.8973s
Epoch = [ 11/ 50] Iter = [3800/4651] Loss = 0.07938 Full = 0.06569 BBox = 0.04566 Boxes = 1 Time = 215.7811s
Epoch = [ 11/ 50] Iter = [3900/4651] Loss = 0.1368 Full = 0.1368 BBox = 0 Boxes = 0 Time = 221.1756s
Epoch = [ 11/ 50] Iter = [4000/4651] Loss = 0.111 Full = 0.07996 BBox = 0.1036 Boxes = 2 Time = 215.8661s
Epoch = [ 11/ 50] Iter = [4100/4651] Loss = 0.03507 Full = 0.03507 BBox = 0 Boxes = 0 Time = 216.2807s
Epoch = [ 11/ 50] Iter = [4200/4651] Loss = 0.1511 Full = 0.1105 BBox = 0.135 Boxes = 1 Time = 216.9294s
Epoch = [ 11/ 50] Iter = [4300/4651] Loss = 0.06749 Full = 0.06749 BBox = 0 Boxes = 0 Time = 216.2930s
Epoch = [ 11/ 50] Iter = [4400/4651] Loss = 0.07179 Full = 0.07179 BBox = 0 Boxes = 0 Time = 216.8211s
Epoch = [ 11/ 50] Iter = [4500/4651] Loss = 0.0557 Full = 0.0557 BBox = 0 Boxes = 0 Time = 215.1840s
Epoch = [ 11/ 50] Iter = [4600/4651] Loss = 0.05183 Full = 0.04221 BBox = 0.03204 Boxes = 1 Time = 216.7732s
Epoch = [  11/  50] Train = 0.1006 TrainFull = 0.09177 TrainBBox = 0.07427 ValFull = 0.09176 ValBBox = 0.06076 ValObjective = 0.11 ValSSIMFull = 0.9082 ValSSIMBBox = 0.9392 TrainAnnotatedSlices = 1824 TrainBoxes = 2593 ValAnnotatedSlices = 110 ValBoxes = 161 ValFullSlices = 791 LR = 0.0002 NextLR = 0.0002 TrainTime = 10088.9633s ValTime = 337.0931s
  Official validation by acceleration | full={'acc4': 0.9214920799913805, 'acc8': 0.8949810011933247} bbox={'acc4': 0.9444930948943735, 'acc8': 0.9339799836829856}
@@@@@@@@@@@@@@@@@@@@NewRecord@@@@@@@@@@@@@@@@@@@@
ForwardTime = 7.3664s
Epoch #12 ............... promptmr8_metric_aligned_50ep_v1 ............... LR=0.0002
  mask-aug p = 0.000
  mr-aug   p = 0.000
Epoch = [ 12/ 50] Iter = [   0/4651] Loss = 0.1022 Full = 0.1022 BBox = 0 Boxes = 0 Time = 2.1575s
Epoch = [ 12/ 50] Iter = [ 100/4651] Loss = 0.09255 Full = 0.09255 BBox = 0 Boxes = 0 Time = 215.5683s
Epoch = [ 12/ 50] Iter = [ 200/4651] Loss = 0.05284 Full = 0.05284 BBox = 0 Boxes = 0 Time = 221.8062s
Epoch = [ 12/ 50] Iter = [ 300/4651] Loss = 0.08068 Full = 0.08068 BBox = 0 Boxes = 0 Time = 217.0245s
Epoch = [ 12/ 50] Iter = [ 400/4651] Loss = 0.1225 Full = 0.1225 BBox = 0 Boxes = 0 Time = 216.8811s
Epoch = [ 12/ 50] Iter = [ 500/4651] Loss = 0.0575 Full = 0.04791 BBox = 0.03197 Boxes = 2 Time = 215.7877s
Epoch = [ 12/ 50] Iter = [ 600/4651] Loss = 0.1203 Full = 0.1103 BBox = 0.03335 Boxes = 1 Time = 215.3432s
Epoch = [ 12/ 50] Iter = [ 700/4651] Loss = 0.06925 Full = 0.05958 BBox = 0.03223 Boxes = 1 Time = 215.7785s
Epoch = [ 12/ 50] Iter = [ 800/4651] Loss = 0.1324 Full = 0.1324 BBox = 0 Boxes = 0 Time = 215.0302s
Epoch = [ 12/ 50] Iter = [ 900/4651] Loss = 0.07402 Full = 0.07402 BBox = 0 Boxes = 0 Time = 221.9699s
Epoch = [ 12/ 50] Iter = [1000/4651] Loss = 0.1026 Full = 0.07328 BBox = 0.09786 Boxes = 1 Time = 216.1610s
Epoch = [ 12/ 50] Iter = [1100/4651] Loss = 0.07611 Full = 0.07611 BBox = 0 Boxes = 0 Time = 216.2207s
Epoch = [ 12/ 50] Iter = [1200/4651] Loss = 0.06189 Full = 0.05271 BBox = 0.0306 Boxes = 2 Time = 216.5411s
Epoch = [ 12/ 50] Iter = [1300/4651] Loss = 0.06171 Full = 0.0509 BBox = 0.03602 Boxes = 1 Time = 215.9946s
Epoch = [ 12/ 50] Iter = [1400/4651] Loss = 0.06441 Full = 0.06441 BBox = 0 Boxes = 0 Time = 216.3224s
Epoch = [ 12/ 50] Iter = [1500/4651] Loss = 0.04781 Full = 0.04781 BBox = 0 Boxes = 0 Time = 221.4856s
Epoch = [ 12/ 50] Iter = [1600/4651] Loss = 0.1789 Full = 0.1325 BBox = 0.1548 Boxes = 2 Time = 216.1964s
Epoch = [ 12/ 50] Iter = [1700/4651] Loss = 0.05905 Full = 0.05905 BBox = 0 Boxes = 0 Time = 216.5224s
Epoch = [ 12/ 50] Iter = [1800/4651] Loss = 0.06169 Full = 0.06169 BBox = 0 Boxes = 0 Time = 216.6384s
Epoch = [ 12/ 50] Iter = [1900/4651] Loss = 0.0731 Full = 0.06459 BBox = 0.02838 Boxes = 1 Time = 214.9158s
Epoch = [ 12/ 50] Iter = [2000/4651] Loss = 0.06562 Full = 0.06562 BBox = 0 Boxes = 0 Time = 215.8459s
Epoch = [ 12/ 50] Iter = [2100/4651] Loss = 0.1091 Full = 0.0925 BBox = 0.05531 Boxes = 1 Time = 216.9066s
Epoch = [ 12/ 50] Iter = [2200/4651] Loss = 0.1495 Full = 0.1093 BBox = 0.1338 Boxes = 1 Time = 216.9134s
Epoch = [ 12/ 50] Iter = [2300/4651] Loss = 0.04588 Full = 0.04588 BBox = 0 Boxes = 0 Time = 215.4894s
Epoch = [ 12/ 50] Iter = [2400/4651] Loss = 0.06296 Full = 0.0492 BBox = 0.04585 Boxes = 3 Time = 215.4094s
Epoch = [ 12/ 50] Iter = [2500/4651] Loss = 0.06881 Full = 0.06881 BBox = 0 Boxes = 0 Time = 215.7819s
Epoch = [ 12/ 50] Iter = [2600/4651] Loss = 0.1381 Full = 0.1082 BBox = 0.09996 Boxes = 1 Time = 216.4311s
Epoch = [ 12/ 50] Iter = [2700/4651] Loss = 0.172 Full = 0.172 BBox = 0 Boxes = 0 Time = 215.5861s
Epoch = [ 12/ 50] Iter = [2800/4651] Loss = 0.08425 Full = 0.06902 BBox = 0.05075 Boxes = 1 Time = 216.8257s
Epoch = [ 12/ 50] Iter = [2900/4651] Loss = 0.1017 Full = 0.08638 BBox = 0.05092 Boxes = 2 Time = 220.7846s
Epoch = [ 12/ 50] Iter = [3000/4651] Loss = 0.07862 Full = 0.07862 BBox = 0 Boxes = 0 Time = 216.4729s
Epoch = [ 12/ 50] Iter = [3100/4651] Loss = 0.07677 Full = 0.07677 BBox = 0 Boxes = 0 Time = 216.3658s
Epoch = [ 12/ 50] Iter = [3200/4651] Loss = 0.1043 Full = 0.09261 BBox = 0.03908 Boxes = 2 Time = 216.2593s
Epoch = [ 12/ 50] Iter = [3300/4651] Loss = 0.07731 Full = 0.06413 BBox = 0.04393 Boxes = 1 Time = 214.6449s
Epoch = [ 12/ 50] Iter = [3400/4651] Loss = 0.07716 Full = 0.07716 BBox = 0 Boxes = 0 Time = 215.9027s
Epoch = [ 12/ 50] Iter = [3500/4651] Loss = 0.1293 Full = 0.1293 BBox = 0 Boxes = 0 Time = 216.1669s
Epoch = [ 12/ 50] Iter = [3600/4651] Loss = 0.1686 Full = 0.1288 BBox = 0.1327 Boxes = 1 Time = 216.6030s
Epoch = [ 12/ 50] Iter = [3700/4651] Loss = 0.04849 Full = 0.03927 BBox = 0.03074 Boxes = 1 Time = 215.4056s
Epoch = [ 12/ 50] Iter = [3800/4651] Loss = 0.08181 Full = 0.08181 BBox = 0 Boxes = 0 Time = 215.6723s
Epoch = [ 12/ 50] Iter = [3900/4651] Loss = 0.07795 Full = 0.07795 BBox = 0 Boxes = 0 Time = 216.0022s
Epoch = [ 12/ 50] Iter = [4000/4651] Loss = 0.04674 Full = 0.03668 BBox = 0.03354 Boxes = 1 Time = 215.8496s
Epoch = [ 12/ 50] Iter = [4100/4651] Loss = 0.1068 Full = 0.1068 BBox = 0 Boxes = 0 Time = 216.1490s
Epoch = [ 12/ 50] Iter = [4200/4651] Loss = 0.09987 Full = 0.09987 BBox = 0 Boxes = 0 Time = 216.6033s
Epoch = [ 12/ 50] Iter = [4300/4651] Loss = 0.08137 Full = 0.08137 BBox = 0 Boxes = 0 Time = 217.0652s
Epoch = [ 12/ 50] Iter = [4400/4651] Loss = 0.1446 Full = 0.1182 BBox = 0.08807 Boxes = 1 Time = 216.0238s
Epoch = [ 12/ 50] Iter = [4500/4651] Loss = 0.113 Full = 0.09352 BBox = 0.06504 Boxes = 1 Time = 215.8679s
Epoch = [ 12/ 50] Iter = [4600/4651] Loss = 0.07971 Full = 0.07971 BBox = 0 Boxes = 0 Time = 215.4811s
Epoch = [  12/  50] Train = 0.1002 TrainFull = 0.09151 TrainBBox = 0.07358 ValFull = 0.09158 ValBBox = 0.06102 ValObjective = 0.1099 ValSSIMFull = 0.9084 ValSSIMBBox = 0.9390 TrainAnnotatedSlices = 1824 TrainBoxes = 2593 ValAnnotatedSlices = 110 ValBoxes = 161 ValFullSlices = 791 LR = 0.0002 NextLR = 0.0002 TrainTime = 10070.8784s ValTime = 325.9508s
  Official validation by acceleration | full={'acc4': 0.921539100880119, 'acc8': 0.8953040917403996} bbox={'acc4': 0.9446311982992653, 'acc8': 0.9333305579644663}
@@@@@@@@@@@@@@@@@@@@NewRecord@@@@@@@@@@@@@@@@@@@@
ForwardTime = 7.2449s
Epoch #13 ............... promptmr8_metric_aligned_50ep_v1 ............... LR=0.0002
  mask-aug p = 0.000
  mr-aug   p = 0.000
Epoch = [ 13/ 50] Iter = [   0/4651] Loss = 0.07247 Full = 0.07247 BBox = 0 Boxes = 0 Time = 2.1531s
Epoch = [ 13/ 50] Iter = [ 100/4651] Loss = 0.04814 Full = 0.04814 BBox = 0 Boxes = 0 Time = 215.9207s
Epoch = [ 13/ 50] Iter = [ 200/4651] Loss = 0.1386 Full = 0.1386 BBox = 0 Boxes = 0 Time = 215.8824s
Epoch = [ 13/ 50] Iter = [ 300/4651] Loss = 0.0672 Full = 0.05204 BBox = 0.05053 Boxes = 1 Time = 216.3314s
Epoch = [ 13/ 50] Iter = [ 400/4651] Loss = 0.03651 Full = 0.03651 BBox = 0 Boxes = 0 Time = 216.4051s
Epoch = [ 13/ 50] Iter = [ 500/4651] Loss = 0.08497 Full = 0.08497 BBox = 0 Boxes = 0 Time = 217.0957s
Epoch = [ 13/ 50] Iter = [ 600/4651] Loss = 0.04735 Full = 0.04735 BBox = 0 Boxes = 0 Time = 216.1218s
Epoch = [ 13/ 50] Iter = [ 700/4651] Loss = 0.1458 Full = 0.1259 BBox = 0.06641 Boxes = 2 Time = 217.1025s
Epoch = [ 13/ 50] Iter = [ 800/4651] Loss = 0.05647 Full = 0.04543 BBox = 0.0368 Boxes = 1 Time = 217.1028s
Epoch = [ 13/ 50] Iter = [ 900/4651] Loss = 0.0297 Full = 0.0297 BBox = 0 Boxes = 0 Time = 215.7727s
Epoch = [ 13/ 50] Iter = [1000/4651] Loss = 0.07567 Full = 0.07567 BBox = 0 Boxes = 0 Time = 215.2787s
Epoch = [ 13/ 50] Iter = [1100/4651] Loss = 0.07411 Full = 0.07411 BBox = 0 Boxes = 0 Time = 216.3254s
Epoch = [ 13/ 50] Iter = [1200/4651] Loss = 0.04576 Full = 0.03597 BBox = 0.03261 Boxes = 1 Time = 216.1716s
Epoch = [ 13/ 50] Iter = [1300/4651] Loss = 0.1147 Full = 0.1147 BBox = 0 Boxes = 0 Time = 215.8381s
Epoch = [ 13/ 50] Iter = [1400/4651] Loss = 0.0632 Full = 0.0632 BBox = 0 Boxes = 0 Time = 216.0004s
Epoch = [ 13/ 50] Iter = [1500/4651] Loss = 0.04216 Full = 0.04216 BBox = 0 Boxes = 0 Time = 214.8192s
Epoch = [ 13/ 50] Iter = [1600/4651] Loss = 0.1422 Full = 0.1101 BBox = 0.1068 Boxes = 1 Time = 215.3390s
Epoch = [ 13/ 50] Iter = [1700/4651] Loss = 0.08488 Full = 0.08488 BBox = 0 Boxes = 0 Time = 215.8134s
Epoch = [ 13/ 50] Iter = [1800/4651] Loss = 0.05928 Full = 0.05928 BBox = 0 Boxes = 0 Time = 216.1355s
Epoch = [ 13/ 50] Iter = [1900/4651] Loss = 0.07783 Full = 0.07783 BBox = 0 Boxes = 0 Time = 216.5601s
Epoch = [ 13/ 50] Iter = [2000/4651] Loss = 0.07861 Full = 0.07861 BBox = 0 Boxes = 0 Time = 215.9458s
Epoch = [ 13/ 50] Iter = [2100/4651] Loss = 0.03719 Full = 0.03719 BBox = 0 Boxes = 0 Time = 216.4167s
Epoch = [ 13/ 50] Iter = [2200/4651] Loss = 0.1493 Full = 0.1493 BBox = 0 Boxes = 0 Time = 215.7480s
Epoch = [ 13/ 50] Iter = [2300/4651] Loss = 0.08096 Full = 0.08096 BBox = 0 Boxes = 0 Time = 216.5760s
Epoch = [ 13/ 50] Iter = [2400/4651] Loss = 0.08185 Full = 0.08185 BBox = 0 Boxes = 0 Time = 216.8459s
Epoch = [ 13/ 50] Iter = [2500/4651] Loss = 0.1545 Full = 0.1545 BBox = 0 Boxes = 0 Time = 215.3812s
Epoch = [ 13/ 50] Iter = [2600/4651] Loss = 0.06997 Full = 0.06997 BBox = 0 Boxes = 0 Time = 216.9827s
Epoch = [ 13/ 50] Iter = [2700/4651] Loss = 0.0765 Full = 0.0765 BBox = 0 Boxes = 0 Time = 216.0801s
Epoch = [ 13/ 50] Iter = [2800/4651] Loss = 0.1136 Full = 0.1136 BBox = 0 Boxes = 0 Time = 216.3598s
Epoch = [ 13/ 50] Iter = [2900/4651] Loss = 0.156 Full = 0.156 BBox = 0 Boxes = 0 Time = 215.1594s
Epoch = [ 13/ 50] Iter = [3000/4651] Loss = 0.264 Full = 0.2481 BBox = 0.05301 Boxes = 1 Time = 217.1732s
Epoch = [ 13/ 50] Iter = [3100/4651] Loss = 0.05107 Full = 0.04129 BBox = 0.03259 Boxes = 2 Time = 215.7302s
Epoch = [ 13/ 50] Iter = [3200/4651] Loss = 0.1111 Full = 0.1111 BBox = 0 Boxes = 0 Time = 216.8333s
Epoch = [ 13/ 50] Iter = [3300/4651] Loss = 0.04878 Full = 0.04878 BBox = 0 Boxes = 0 Time = 216.3316s
Epoch = [ 13/ 50] Iter = [3400/4651] Loss = 0.277 Full = 0.2379 BBox = 0.1303 Boxes = 1 Time = 216.9863s
Epoch = [ 13/ 50] Iter = [3500/4651] Loss = 0.04592 Full = 0.04592 BBox = 0 Boxes = 0 Time = 217.9754s
Epoch = [ 13/ 50] Iter = [3600/4651] Loss = 0.1614 Full = 0.1614 BBox = 0 Boxes = 0 Time = 217.3075s
Epoch = [ 13/ 50] Iter = [3700/4651] Loss = 0.09561 Full = 0.0733 BBox = 0.07434 Boxes = 1 Time = 216.6155s
Epoch = [ 13/ 50] Iter = [3800/4651] Loss = 0.06233 Full = 0.06233 BBox = 0 Boxes = 0 Time = 216.6179s
Epoch = [ 13/ 50] Iter = [3900/4651] Loss = 0.06076 Full = 0.06076 BBox = 0 Boxes = 0 Time = 217.8766s
Epoch = [ 13/ 50] Iter = [4000/4651] Loss = 0.05573 Full = 0.05573 BBox = 0 Boxes = 0 Time = 217.6519s
Epoch = [ 13/ 50] Iter = [4100/4651] Loss = 0.137 Full = 0.1064 BBox = 0.102 Boxes = 3 Time = 228.8956s
Epoch = [ 13/ 50] Iter = [4200/4651] Loss = 0.1103 Full = 0.09655 BBox = 0.04594 Boxes = 2 Time = 217.0829s
Epoch = [ 13/ 50] Iter = [4300/4651] Loss = 0.1642 Full = 0.127 BBox = 0.124 Boxes = 1 Time = 216.6631s
Epoch = [ 13/ 50] Iter = [4400/4651] Loss = 0.05423 Full = 0.05423 BBox = 0 Boxes = 0 Time = 217.2844s
Epoch = [ 13/ 50] Iter = [4500/4651] Loss = 0.07646 Full = 0.05533 BBox = 0.07044 Boxes = 2 Time = 217.3672s
Epoch = [ 13/ 50] Iter = [4600/4651] Loss = 0.1284 Full = 0.1098 BBox = 0.06182 Boxes = 1 Time = 216.9972s
Epoch = [  13/  50] Train = 0.09986 TrainFull = 0.09123 TrainBBox = 0.07291 ValFull = 0.09144 ValBBox = 0.05987 ValObjective = 0.1094 ValSSIMFull = 0.9086 ValSSIMBBox = 0.9401 TrainAnnotatedSlices = 1824 TrainBoxes = 2593 ValAnnotatedSlices = 110 ValBoxes = 161 ValFullSlices = 791 LR = 0.0002 NextLR = 0.0002 TrainTime = 10079.5837s ValTime = 327.5463s
  Official validation by acceleration | full={'acc4': 0.9217541415509779, 'acc8': 0.8953584511764348} bbox={'acc4': 0.9444400116661998, 'acc8': 0.9358270631896125}
@@@@@@@@@@@@@@@@@@@@NewRecord@@@@@@@@@@@@@@@@@@@@
ForwardTime = 7.0671s
Epoch #14 ............... promptmr8_metric_aligned_50ep_v1 ............... LR=0.0002
  mask-aug p = 0.000
  mr-aug   p = 0.000
Epoch = [ 14/ 50] Iter = [   0/4651] Loss = 0.04491 Full = 0.04491 BBox = 0 Boxes = 0 Time = 2.1511s
Epoch = [ 14/ 50] Iter = [ 100/4651] Loss = 0.06833 Full = 0.05142 BBox = 0.05637 Boxes = 3 Time = 216.8973s
Epoch = [ 14/ 50] Iter = [ 200/4651] Loss = 0.07241 Full = 0.07241 BBox = 0 Boxes = 0 Time = 218.8784s
Epoch = [ 14/ 50] Iter = [ 300/4651] Loss = 0.164 Full = 0.1267 BBox = 0.1243 Boxes = 1 Time = 217.0230s
Epoch = [ 14/ 50] Iter = [ 400/4651] Loss = 0.07856 Full = 0.07856 BBox = 0 Boxes = 0 Time = 219.5112s
Epoch = [ 14/ 50] Iter = [ 500/4651] Loss = 0.03786 Full = 0.03786 BBox = 0 Boxes = 0 Time = 221.0205s
Epoch = [ 14/ 50] Iter = [ 600/4651] Loss = 0.1038 Full = 0.1038 BBox = 0 Boxes = 0 Time = 217.0388s
Epoch = [ 14/ 50] Iter = [ 700/4651] Loss = 0.05857 Full = 0.04731 BBox = 0.03753 Boxes = 1 Time = 219.0114s
Epoch = [ 14/ 50] Iter = [ 800/4651] Loss = 0.06231 Full = 0.04758 BBox = 0.04908 Boxes = 5 Time = 216.8783s
Epoch = [ 14/ 50] Iter = [ 900/4651] Loss = 0.0314 Full = 0.0314 BBox = 0 Boxes = 0 Time = 217.5002s
Epoch = [ 14/ 50] Iter = [1000/4651] Loss = 0.1293 Full = 0.1293 BBox = 0 Boxes = 0 Time = 217.8497s
Epoch = [ 14/ 50] Iter = [1100/4651] Loss = 0.1938 Full = 0.1568 BBox = 0.123 Boxes = 1 Time = 216.7541s
Epoch = [ 14/ 50] Iter = [1200/4651] Loss = 0.06916 Full = 0.06916 BBox = 0 Boxes = 0 Time = 218.0731s
Epoch = [ 14/ 50] Iter = [1300/4651] Loss = 0.05104 Full = 0.05104 BBox = 0 Boxes = 0 Time = 216.9380s
Epoch = [ 14/ 50] Iter = [1400/4651] Loss = 0.1287 Full = 0.1287 BBox = 0 Boxes = 0 Time = 217.2486s
Epoch = [ 14/ 50] Iter = [1500/4651] Loss = 0.09176 Full = 0.06944 BBox = 0.0744 Boxes = 1 Time = 218.5409s
Epoch = [ 14/ 50] Iter = [1600/4651] Loss = 0.06751 Full = 0.06751 BBox = 0 Boxes = 0 Time = 217.1367s
Epoch = [ 14/ 50] Iter = [1700/4651] Loss = 0.1104 Full = 0.1104 BBox = 0 Boxes = 0 Time = 217.5521s
Epoch = [ 14/ 50] Iter = [1800/4651] Loss = 0.0879 Full = 0.0879 BBox = 0 Boxes = 0 Time = 216.3618s
Epoch = [ 14/ 50] Iter = [1900/4651] Loss = 0.07597 Full = 0.07597 BBox = 0 Boxes = 0 Time = 217.0482s
Epoch = [ 14/ 50] Iter = [2000/4651] Loss = 0.0485 Full = 0.0485 BBox = 0 Boxes = 0 Time = 218.1367s
Epoch = [ 14/ 50] Iter = [2100/4651] Loss = 0.07355 Full = 0.07355 BBox = 0 Boxes = 0 Time = 216.6702s
Epoch = [ 14/ 50] Iter = [2200/4651] Loss = 0.1287 Full = 0.1287 BBox = 0 Boxes = 0 Time = 222.4730s
Epoch = [ 14/ 50] Iter = [2300/4651] Loss = 0.04073 Full = 0.04073 BBox = 0 Boxes = 0 Time = 216.9186s
Epoch = [ 14/ 50] Iter = [2400/4651] Loss = 0.1258 Full = 0.1131 BBox = 0.04253 Boxes = 1 Time = 216.8289s
Epoch = [ 14/ 50] Iter = [2500/4651] Loss = 0.08155 Full = 0.08155 BBox = 0 Boxes = 0 Time = 216.7482s
Epoch = [ 14/ 50] Iter = [2600/4651] Loss = 0.04432 Full = 0.04432 BBox = 0 Boxes = 0 Time = 215.7975s
Epoch = [ 14/ 50] Iter = [2700/4651] Loss = 0.0764 Full = 0.0764 BBox = 0 Boxes = 0 Time = 217.1376s
Epoch = [ 14/ 50] Iter = [2800/4651] Loss = 0.1282 Full = 0.1282 BBox = 0 Boxes = 0 Time = 216.9926s
Epoch = [ 14/ 50] Iter = [2900/4651] Loss = 0.191 Full = 0.1501 BBox = 0.1363 Boxes = 1 Time = 216.5404s
Epoch = [ 14/ 50] Iter = [3000/4651] Loss = 0.1855 Full = 0.1367 BBox = 0.1626 Boxes = 1 Time = 222.1196s
Epoch = [ 14/ 50] Iter = [3100/4651] Loss = 0.2544 Full = 0.2203 BBox = 0.1136 Boxes = 1 Time = 216.1919s
Epoch = [ 14/ 50] Iter = [3200/4651] Loss = 0.06433 Full = 0.06433 BBox = 0 Boxes = 0 Time = 217.3288s
Epoch = [ 14/ 50] Iter = [3300/4651] Loss = 0.1415 Full = 0.1415 BBox = 0 Boxes = 0 Time = 217.8169s
Epoch = [ 14/ 50] Iter = [3400/4651] Loss = 0.1221 Full = 0.08947 BBox = 0.1089 Boxes = 1 Time = 217.3375s
Epoch = [ 14/ 50] Iter = [3500/4651] Loss = 0.1053 Full = 0.1053 BBox = 0 Boxes = 0 Time = 217.2215s
Epoch = [ 14/ 50] Iter = [3600/4651] Loss = 0.05955 Full = 0.05955 BBox = 0 Boxes = 0 Time = 222.9144s
Epoch = [ 14/ 50] Iter = [3700/4651] Loss = 0.164 Full = 0.1388 BBox = 0.08381 Boxes = 1 Time = 219.6145s
Epoch = [ 14/ 50] Iter = [3800/4651] Loss = 0.0863 Full = 0.0863 BBox = 0 Boxes = 0 Time = 217.4478s
Epoch = [ 14/ 50] Iter = [3900/4651] Loss = 0.08804 Full = 0.08804 BBox = 0 Boxes = 0 Time = 217.0885s
Epoch = [ 14/ 50] Iter = [4000/4651] Loss = 0.07435 Full = 0.07435 BBox = 0 Boxes = 0 Time = 217.5910s
Epoch = [ 14/ 50] Iter = [4100/4651] Loss = 0.1102 Full = 0.08172 BBox = 0.09493 Boxes = 3 Time = 221.8206s
Epoch = [ 14/ 50] Iter = [4200/4651] Loss = 0.1997 Full = 0.1565 BBox = 0.144 Boxes = 1 Time = 216.4112s
Epoch = [ 14/ 50] Iter = [4300/4651] Loss = 0.1019 Full = 0.07727 BBox = 0.08199 Boxes = 2 Time = 216.3337s
Epoch = [ 14/ 50] Iter = [4400/4651] Loss = 0.1367 Full = 0.1026 BBox = 0.1137 Boxes = 3 Time = 217.3238s
Epoch = [ 14/ 50] Iter = [4500/4651] Loss = 0.101 Full = 0.08404 BBox = 0.05639 Boxes = 1 Time = 222.4725s
Epoch = [ 14/ 50] Iter = [4600/4651] Loss = 0.07031 Full = 0.05718 BBox = 0.04378 Boxes = 1 Time = 216.6297s
Epoch = [  14/  50] Train = 0.09955 TrainFull = 0.091 TrainBBox = 0.07221 ValFull = 0.0917 ValBBox = 0.06062 ValObjective = 0.1099 ValSSIMFull = 0.9083 ValSSIMBBox = 0.9394 TrainAnnotatedSlices = 1824 TrainBoxes = 2593 ValAnnotatedSlices = 110 ValBoxes = 161 ValFullSlices = 791 LR = 0.0002 NextLR = 0.0002 TrainTime = 10136.2236s ValTime = 332.7057s
  Official validation by acceleration | full={'acc4': 0.9215576519837251, 'acc8': 0.8950383079548677} bbox={'acc4': 0.9444533586502075, 'acc8': 0.9342975848250918}
Epoch #15 ............... promptmr8_metric_aligned_50ep_v1 ............... LR=0.0002
  mask-aug p = 0.000
  mr-aug   p = 0.000
Epoch = [ 15/ 50] Iter = [   0/4651] Loss = 0.133 Full = 0.1051 BBox = 0.09277 Boxes = 1 Time = 2.1444s
Epoch = [ 15/ 50] Iter = [ 100/4651] Loss = 0.07502 Full = 0.07502 BBox = 0 Boxes = 0 Time = 222.9252s
Epoch = [ 15/ 50] Iter = [ 200/4651] Loss = 0.1085 Full = 0.08604 BBox = 0.07473 Boxes = 2 Time = 216.7972s
Epoch = [ 15/ 50] Iter = [ 300/4651] Loss = 0.1331 Full = 0.1331 BBox = 0 Boxes = 0 Time = 221.4035s
Epoch = [ 15/ 50] Iter = [ 400/4651] Loss = 0.1513 Full = 0.1088 BBox = 0.1416 Boxes = 1 Time = 217.8524s
Epoch = [ 15/ 50] Iter = [ 500/4651] Loss = 0.07956 Full = 0.07956 BBox = 0 Boxes = 0 Time = 216.3966s
Epoch = [ 15/ 50] Iter = [ 600/4651] Loss = 0.1277 Full = 0.1098 BBox = 0.05977 Boxes = 1 Time = 216.6136s
Epoch = [ 15/ 50] Iter = [ 700/4651] Loss = 0.06781 Full = 0.06781 BBox = 0 Boxes = 0 Time = 216.3515s
Epoch = [ 15/ 50] Iter = [ 800/4651] Loss = 0.03791 Full = 0.03791 BBox = 0 Boxes = 0 Time = 216.7704s
Epoch = [ 15/ 50] Iter = [ 900/4651] Loss = 0.08147 Full = 0.08147 BBox = 0 Boxes = 0 Time = 220.7958s
Epoch = [ 15/ 50] Iter = [1000/4651] Loss = 0.1248 Full = 0.109 BBox = 0.05259 Boxes = 1 Time = 217.1036s
Epoch = [ 15/ 50] Iter = [1100/4651] Loss = 0.07427 Full = 0.07427 BBox = 0 Boxes = 0 Time = 217.5010s
Epoch = [ 15/ 50] Iter = [1200/4651] Loss = 0.1369 Full = 0.1112 BBox = 0.08583 Boxes = 2 Time = 217.9933s
Epoch = [ 15/ 50] Iter = [1300/4651] Loss = 0.1397 Full = 0.1397 BBox = 0 Boxes = 0 Time = 217.6540s
Epoch = [ 15/ 50] Iter = [1400/4651] Loss = 0.08539 Full = 0.06707 BBox = 0.06107 Boxes = 1 Time = 216.4887s
Epoch = [ 15/ 50] Iter = [1500/4651] Loss = 0.08055 Full = 0.08055 BBox = 0 Boxes = 0 Time = 217.4868s
Epoch = [ 15/ 50] Iter = [1600/4651] Loss = 0.09142 Full = 0.07651 BBox = 0.0497 Boxes = 1 Time = 216.8634s
Epoch = [ 15/ 50] Iter = [1700/4651] Loss = 0.07499 Full = 0.07499 BBox = 0 Boxes = 0 Time = 220.8627s
Epoch = [ 15/ 50] Iter = [1800/4651] Loss = 0.1165 Full = 0.1165 BBox = 0 Boxes = 0 Time = 216.5733s
Epoch = [ 15/ 50] Iter = [1900/4651] Loss = 0.04519 Full = 0.04519 BBox = 0 Boxes = 0 Time = 218.0749s
Epoch = [ 15/ 50] Iter = [2000/4651] Loss = 0.1477 Full = 0.1172 BBox = 0.1016 Boxes = 1 Time = 218.5284s
Epoch = [ 15/ 50] Iter = [2100/4651] Loss = 0.07644 Full = 0.06777 BBox = 0.02888 Boxes = 1 Time = 221.6602s
Epoch = [ 15/ 50] Iter = [2200/4651] Loss = 0.0949 Full = 0.0949 BBox = 0 Boxes = 0 Time = 221.3692s
Epoch = [ 15/ 50] Iter = [2300/4651] Loss = 0.1561 Full = 0.1346 BBox = 0.07148 Boxes = 1 Time = 222.0520s
Epoch = [ 15/ 50] Iter = [2400/4651] Loss = 0.1423 Full = 0.1244 BBox = 0.05962 Boxes = 2 Time = 221.8158s
Epoch = [ 15/ 50] Iter = [2500/4651] Loss = 0.1583 Full = 0.136 BBox = 0.07442 Boxes = 1 Time = 220.0745s
Epoch = [ 15/ 50] Iter = [2600/4651] Loss = 0.07791 Full = 0.07791 BBox = 0 Boxes = 0 Time = 221.8659s
Epoch = [ 15/ 50] Iter = [2700/4651] Loss = 0.06466 Full = 0.05253 BBox = 0.04045 Boxes = 1 Time = 228.4244s
Epoch = [ 15/ 50] Iter = [2800/4651] Loss = 0.06118 Full = 0.05096 BBox = 0.03406 Boxes = 1 Time = 222.9940s
Epoch = [ 15/ 50] Iter = [2900/4651] Loss = 0.1394 Full = 0.1153 BBox = 0.0803 Boxes = 3 Time = 221.7640s
Epoch = [ 15/ 50] Iter = [3000/4651] Loss = 0.06133 Full = 0.05086 BBox = 0.03491 Boxes = 1 Time = 226.2013s
Epoch = [ 15/ 50] Iter = [3100/4651] Loss = 0.06484 Full = 0.06484 BBox = 0 Boxes = 0 Time = 222.4812s
Epoch = [ 15/ 50] Iter = [3200/4651] Loss = 0.06361 Full = 0.06361 BBox = 0 Boxes = 0 Time = 221.4144s
Epoch = [ 15/ 50] Iter = [3300/4651] Loss = 0.2096 Full = 0.2096 BBox = 0 Boxes = 0 Time = 220.7594s
Epoch = [ 15/ 50] Iter = [3400/4651] Loss = 0.08255 Full = 0.08255 BBox = 0 Boxes = 0 Time = 221.4620s
Epoch = [ 15/ 50] Iter = [3500/4651] Loss = 0.04567 Full = 0.04567 BBox = 0 Boxes = 0 Time = 221.0017s
Epoch = [ 15/ 50] Iter = [3600/4651] Loss = 0.1587 Full = 0.1587 BBox = 0 Boxes = 0 Time = 226.6643s
Epoch = [ 15/ 50] Iter = [3700/4651] Loss = 0.04149 Full = 0.04149 BBox = 0 Boxes = 0 Time = 221.8858s
Epoch = [ 15/ 50] Iter = [3800/4651] Loss = 0.0918 Full = 0.0918 BBox = 0 Boxes = 0 Time = 221.5292s
Epoch = [ 15/ 50] Iter = [3900/4651] Loss = 0.1015 Full = 0.1015 BBox = 0 Boxes = 0 Time = 222.7153s
Epoch = [ 15/ 50] Iter = [4000/4651] Loss = 0.07092 Full = 0.07092 BBox = 0 Boxes = 0 Time = 221.1798s
Epoch = [ 15/ 50] Iter = [4100/4651] Loss = 0.08873 Full = 0.08873 BBox = 0 Boxes = 0 Time = 226.6394s
Epoch = [ 15/ 50] Iter = [4200/4651] Loss = 0.19 Full = 0.19 BBox = 0 Boxes = 0 Time = 221.8652s
Epoch = [ 15/ 50] Iter = [4300/4651] Loss = 0.1364 Full = 0.1364 BBox = 0 Boxes = 0 Time = 221.2202s
Epoch = [ 15/ 50] Iter = [4400/4651] Loss = 0.07611 Full = 0.06162 BBox = 0.0483 Boxes = 2 Time = 221.0288s
Epoch = [ 15/ 50] Iter = [4500/4651] Loss = 0.1036 Full = 0.07989 BBox = 0.07898 Boxes = 1 Time = 221.6594s
Epoch = [ 15/ 50] Iter = [4600/4651] Loss = 0.0913 Full = 0.0619 BBox = 0.09798 Boxes = 1 Time = 222.3350s
Epoch = [  15/  50] Train = 0.09931 TrainFull = 0.09082 TrainBBox = 0.07173 ValFull = 0.09156 ValBBox = 0.0608 ValObjective = 0.1098 ValSSIMFull = 0.9084 ValSSIMBBox = 0.9392 TrainAnnotatedSlices = 1824 TrainBoxes = 2593 ValAnnotatedSlices = 110 ValBoxes = 161 ValFullSlices = 791 LR = 0.0002 NextLR = 6e-05 TrainTime = 10258.1105s ValTime = 331.3798s
  Official validation by acceleration | full={'acc4': 0.9215545649903413, 'acc8': 0.8953235091951987} bbox={'acc4': 0.944366166524798, 'acc8': 0.9340297855712749}
Epoch #16 ............... promptmr8_metric_aligned_50ep_v1 ............... LR=6e-05
  mask-aug p = 0.000
  mr-aug   p = 0.000
Epoch = [ 16/ 50] Iter = [   0/4651] Loss = 0.07901 Full = 0.07901 BBox = 0 Boxes = 0 Time = 2.2553s
Epoch = [ 16/ 50] Iter = [ 100/4651] Loss = 0.1468 Full = 0.1193 BBox = 0.09174 Boxes = 2 Time = 221.5483s
Epoch = [ 16/ 50] Iter = [ 200/4651] Loss = 0.01784 Full = 0.01784 BBox = 0 Boxes = 0 Time = 222.1939s
Epoch = [ 16/ 50] Iter = [ 300/4651] Loss = 0.0371 Full = 0.0371 BBox = 0 Boxes = 0 Time = 220.6915s
Epoch = [ 16/ 50] Iter = [ 400/4651] Loss = 0.1823 Full = 0.1823 BBox = 0 Boxes = 0 Time = 221.4978s
Epoch = [ 16/ 50] Iter = [ 500/4651] Loss = 0.08832 Full = 0.06701 BBox = 0.07103 Boxes = 1 Time = 222.1054s
Epoch = [ 16/ 50] Iter = [ 600/4651] Loss = 0.03849 Full = 0.03849 BBox = 0 Boxes = 0 Time = 222.2196s
Epoch = [ 16/ 50] Iter = [ 700/4651] Loss = 0.07046 Full = 0.07046 BBox = 0 Boxes = 0 Time = 222.9735s
Epoch = [ 16/ 50] Iter = [ 800/4651] Loss = 0.06286 Full = 0.06286 BBox = 0 Boxes = 0 Time = 222.3808s
Epoch = [ 16/ 50] Iter = [ 900/4651] Loss = 0.09134 Full = 0.06893 BBox = 0.0747 Boxes = 4 Time = 221.4833s
Epoch = [ 16/ 50] Iter = [1000/4651] Loss = 0.04434 Full = 0.04434 BBox = 0 Boxes = 0 Time = 222.6605s
Epoch = [ 16/ 50] Iter = [1100/4651] Loss = 0.05949 Full = 0.05949 BBox = 0 Boxes = 0 Time = 221.6752s
Epoch = [ 16/ 50] Iter = [1200/4651] Loss = 0.1146 Full = 0.1146 BBox = 0 Boxes = 0 Time = 222.1333s
Epoch = [ 16/ 50] Iter = [1300/4651] Loss = 0.1506 Full = 0.1506 BBox = 0 Boxes = 0 Time = 222.0161s
Epoch = [ 16/ 50] Iter = [1400/4651] Loss = 0.05932 Full = 0.05932 BBox = 0 Boxes = 0 Time = 221.2513s
Epoch = [ 16/ 50] Iter = [1500/4651] Loss = 0.05462 Full = 0.05462 BBox = 0 Boxes = 0 Time = 220.2909s
Epoch = [ 16/ 50] Iter = [1600/4651] Loss = 0.09528 Full = 0.09528 BBox = 0 Boxes = 0 Time = 222.9724s
Epoch = [ 16/ 50] Iter = [1700/4651] Loss = 0.1496 Full = 0.1165 BBox = 0.1105 Boxes = 1 Time = 221.4730s
Epoch = [ 16/ 50] Iter = [1800/4651] Loss = 0.07505 Full = 0.07505 BBox = 0 Boxes = 0 Time = 222.9534s
Epoch = [ 16/ 50] Iter = [1900/4651] Loss = 0.1905 Full = 0.1458 BBox = 0.1491 Boxes = 1 Time = 220.7286s
Epoch = [ 16/ 50] Iter = [2000/4651] Loss = 0.09813 Full = 0.07402 BBox = 0.08038 Boxes = 1 Time = 221.8812s
Epoch = [ 16/ 50] Iter = [2100/4651] Loss = 0.2117 Full = 0.1817 BBox = 0.09994 Boxes = 1 Time = 222.6196s
Epoch = [ 16/ 50] Iter = [2200/4651] Loss = 0.1074 Full = 0.09179 BBox = 0.0521 Boxes = 2 Time = 221.2230s
Epoch = [ 16/ 50] Iter = [2300/4651] Loss = 0.103 Full = 0.08711 BBox = 0.05288 Boxes = 2 Time = 221.2414s
Epoch = [ 16/ 50] Iter = [2400/4651] Loss = 0.21 Full = 0.21 BBox = 0 Boxes = 0 Time = 223.6438s
Epoch = [ 16/ 50] Iter = [2500/4651] Loss = 0.09889 Full = 0.09889 BBox = 0 Boxes = 0 Time = 221.2492s
Epoch = [ 16/ 50] Iter = [2600/4651] Loss = 0.1226 Full = 0.1226 BBox = 0 Boxes = 0 Time = 221.4290s
Epoch = [ 16/ 50] Iter = [2700/4651] Loss = 0.06952 Full = 0.05547 BBox = 0.04684 Boxes = 1 Time = 225.6025s
Epoch = [ 16/ 50] Iter = [2800/4651] Loss = 0.09928 Full = 0.07582 BBox = 0.07819 Boxes = 1 Time = 222.6099s
Epoch = [ 16/ 50] Iter = [2900/4651] Loss = 0.1002 Full = 0.1002 BBox = 0 Boxes = 0 Time = 220.8074s
Epoch = [ 16/ 50] Iter = [3000/4651] Loss = 0.1091 Full = 0.09034 BBox = 0.06244 Boxes = 1 Time = 217.6742s
Epoch = [ 16/ 50] Iter = [3100/4651] Loss = 0.09052 Full = 0.06888 BBox = 0.07215 Boxes = 1 Time = 217.2956s
Epoch = [ 16/ 50] Iter = [3200/4651] Loss = 0.2036 Full = 0.2036 BBox = 0 Boxes = 0 Time = 216.7960s
Epoch = [ 16/ 50] Iter = [3300/4651] Loss = 0.09255 Full = 0.09255 BBox = 0 Boxes = 0 Time = 217.0105s
Epoch = [ 16/ 50] Iter = [3400/4651] Loss = 0.111 Full = 0.09076 BBox = 0.06743 Boxes = 1 Time = 216.5267s
Epoch = [ 16/ 50] Iter = [3500/4651] Loss = 0.0733 Full = 0.0733 BBox = 0 Boxes = 0 Time = 222.0733s
Epoch = [ 16/ 50] Iter = [3600/4651] Loss = 0.05007 Full = 0.05007 BBox = 0 Boxes = 0 Time = 218.5387s
Epoch = [ 16/ 50] Iter = [3700/4651] Loss = 0.08427 Full = 0.08427 BBox = 0 Boxes = 0 Time = 217.7559s
Epoch = [ 16/ 50] Iter = [3800/4651] Loss = 0.06277 Full = 0.06277 BBox = 0 Boxes = 0 Time = 216.8399s
Epoch = [ 16/ 50] Iter = [3900/4651] Loss = 0.1036 Full = 0.09292 BBox = 0.0356 Boxes = 1 Time = 216.9044s
Epoch = [ 16/ 50] Iter = [4000/4651] Loss = 0.1039 Full = 0.1039 BBox = 0 Boxes = 0 Time = 217.5744s
Epoch = [ 16/ 50] Iter = [4100/4651] Loss = 0.1786 Full = 0.1786 BBox = 0 Boxes = 0 Time = 216.9694s
Epoch = [ 16/ 50] Iter = [4200/4651] Loss = 0.122 Full = 0.09991 BBox = 0.07348 Boxes = 2 Time = 216.2578s
Epoch = [ 16/ 50] Iter = [4300/4651] Loss = 0.05305 Full = 0.04199 BBox = 0.03686 Boxes = 2 Time = 216.7128s
Epoch = [ 16/ 50] Iter = [4400/4651] Loss = 0.06051 Full = 0.04746 BBox = 0.04352 Boxes = 5 Time = 216.3190s
Epoch = [ 16/ 50] Iter = [4500/4651] Loss = 0.08009 Full = 0.08009 BBox = 0 Boxes = 0 Time = 222.1969s
Epoch = [ 16/ 50] Iter = [4600/4651] Loss = 0.08288 Full = 0.08288 BBox = 0 Boxes = 0 Time = 216.3846s
Epoch = [  16/  50] Train = 0.09766 TrainFull = 0.08952 TrainBBox = 0.0689 ValFull = 0.09087 ValBBox = 0.05957 ValObjective = 0.1087 ValSSIMFull = 0.9091 ValSSIMBBox = 0.9404 TrainAnnotatedSlices = 1824 TrainBoxes = 2593 ValAnnotatedSlices = 110 ValBoxes = 161 ValFullSlices = 791 LR = 6e-05 NextLR = 6e-05 TrainTime = 10247.4939s ValTime = 332.7538s
  Official validation by acceleration | full={'acc4': 0.9220362459412371, 'acc8': 0.8962299451231956} bbox={'acc4': 0.9449637415253114, 'acc8': 0.9359053428526278}
@@@@@@@@@@@@@@@@@@@@NewRecord@@@@@@@@@@@@@@@@@@@@
ForwardTime = 7.0104s
Epoch #17 ............... promptmr8_metric_aligned_50ep_v1 ............... LR=6e-05
  mask-aug p = 0.429
  mr-aug   p = 0.000
Epoch = [ 17/ 50] Iter = [   0/4651] Loss = 0.06927 Full = 0.06927 BBox = 0 Boxes = 0 Time = 2.2002s
Epoch = [ 17/ 50] Iter = [ 100/4651] Loss = 0.05561 Full = 0.04619 BBox = 0.03141 Boxes = 1 Time = 217.8743s
Epoch = [ 17/ 50] Iter = [ 200/4651] Loss = 0.08687 Full = 0.08687 BBox = 0 Boxes = 0 Time = 216.4800s
Epoch = [ 17/ 50] Iter = [ 300/4651] Loss = 0.08711 Full = 0.06769 BBox = 0.06472 Boxes = 2 Time = 216.1581s
Epoch = [ 17/ 50] Iter = [ 400/4651] Loss = 0.1548 Full = 0.1095 BBox = 0.1509 Boxes = 1 Time = 217.2257s
Epoch = [ 17/ 50] Iter = [ 500/4651] Loss = 0.09127 Full = 0.07327 BBox = 0.05998 Boxes = 2 Time = 215.9949s
Epoch = [ 17/ 50] Iter = [ 600/4651] Loss = 0.1653 Full = 0.1653 BBox = 0 Boxes = 0 Time = 215.6615s
Epoch = [ 17/ 50] Iter = [ 700/4651] Loss = 0.2121 Full = 0.2121 BBox = 0 Boxes = 0 Time = 215.9401s
Epoch = [ 17/ 50] Iter = [ 800/4651] Loss = 0.08609 Full = 0.08609 BBox = 0 Boxes = 0 Time = 215.3753s
Epoch = [ 17/ 50] Iter = [ 900/4651] Loss = 0.1093 Full = 0.1093 BBox = 0 Boxes = 0 Time = 216.1577s
Epoch = [ 17/ 50] Iter = [1000/4651] Loss = 0.01138 Full = 0.01138 BBox = 0 Boxes = 0 Time = 216.1140s
Epoch = [ 17/ 50] Iter = [1100/4651] Loss = 0.07904 Full = 0.07904 BBox = 0 Boxes = 0 Time = 217.3181s
Epoch = [ 17/ 50] Iter = [1200/4651] Loss = 0.1232 Full = 0.1232 BBox = 0 Boxes = 0 Time = 216.9953s
Epoch = [ 17/ 50] Iter = [1300/4651] Loss = 0.08686 Full = 0.06635 BBox = 0.06838 Boxes = 1 Time = 216.0584s
Epoch = [ 17/ 50] Iter = [1400/4651] Loss = 0.07355 Full = 0.07355 BBox = 0 Boxes = 0 Time = 216.8628s
Epoch = [ 17/ 50] Iter = [1500/4651] Loss = 0.0348 Full = 0.0348 BBox = 0 Boxes = 0 Time = 216.4508s
Epoch = [ 17/ 50] Iter = [1600/4651] Loss = 0.1076 Full = 0.08047 BBox = 0.09039 Boxes = 2 Time = 216.8579s
Epoch = [ 17/ 50] Iter = [1700/4651] Loss = 0.04113 Full = 0.03208 BBox = 0.03017 Boxes = 2 Time = 220.1652s
Epoch = [ 17/ 50] Iter = [1800/4651] Loss = 0.06919 Full = 0.06919 BBox = 0 Boxes = 0 Time = 220.8231s
Epoch = [ 17/ 50] Iter = [1900/4651] Loss = 0.08124 Full = 0.05952 BBox = 0.0724 Boxes = 1 Time = 221.6634s
Epoch = [ 17/ 50] Iter = [2000/4651] Loss = 0.1238 Full = 0.1238 BBox = 0 Boxes = 0 Time = 217.0471s
Epoch = [ 17/ 50] Iter = [2100/4651] Loss = 0.1113 Full = 0.08144 BBox = 0.09956 Boxes = 1 Time = 216.4730s
Epoch = [ 17/ 50] Iter = [2200/4651] Loss = 0.04185 Full = 0.04185 BBox = 0 Boxes = 0 Time = 216.0611s
Epoch = [ 17/ 50] Iter = [2300/4651] Loss = 0.06455 Full = 0.06455 BBox = 0 Boxes = 0 Time = 215.6577s
Epoch = [ 17/ 50] Iter = [2400/4651] Loss = 0.1214 Full = 0.1214 BBox = 0 Boxes = 0 Time = 218.3710s
Epoch = [ 17/ 50] Iter = [2500/4651] Loss = 0.185 Full = 0.131 BBox = 0.1798 Boxes = 2 Time = 222.7890s
Epoch = [ 17/ 50] Iter = [2600/4651] Loss = 0.09545 Full = 0.08795 BBox = 0.02502 Boxes = 1 Time = 215.6454s
Epoch = [ 17/ 50] Iter = [2700/4651] Loss = 0.05636 Full = 0.05636 BBox = 0 Boxes = 0 Time = 216.0196s
Epoch = [ 17/ 50] Iter = [2800/4651] Loss = 0.143 Full = 0.143 BBox = 0 Boxes = 0 Time = 217.0784s
Epoch = [ 17/ 50] Iter = [2900/4651] Loss = 0.08873 Full = 0.05964 BBox = 0.09697 Boxes = 1 Time = 216.5424s
Epoch = [ 17/ 50] Iter = [3000/4651] Loss = 0.09511 Full = 0.09511 BBox = 0 Boxes = 0 Time = 216.8415s
Epoch = [ 17/ 50] Iter = [3100/4651] Loss = 0.1316 Full = 0.1316 BBox = 0 Boxes = 0 Time = 216.6618s
Epoch = [ 17/ 50] Iter = [3200/4651] Loss = 0.06859 Full = 0.05029 BBox = 0.06098 Boxes = 2 Time = 216.0221s
Epoch = [ 17/ 50] Iter = [3300/4651] Loss = 0.04737 Full = 0.04737 BBox = 0 Boxes = 0 Time = 217.0966s
Epoch = [ 17/ 50] Iter = [3400/4651] Loss = 0.08333 Full = 0.08333 BBox = 0 Boxes = 0 Time = 216.2456s
Epoch = [ 17/ 50] Iter = [3500/4651] Loss = 0.0572 Full = 0.0487 BBox = 0.02832 Boxes = 1 Time = 221.7394s
Epoch = [ 17/ 50] Iter = [3600/4651] Loss = 0.04251 Full = 0.04251 BBox = 0 Boxes = 0 Time = 216.5698s
Epoch = [ 17/ 50] Iter = [3700/4651] Loss = 0.1505 Full = 0.1505 BBox = 0 Boxes = 0 Time = 215.5293s
Epoch = [ 17/ 50] Iter = [3800/4651] Loss = 0.1956 Full = 0.1956 BBox = 0 Boxes = 0 Time = 216.2780s
Epoch = [ 17/ 50] Iter = [3900/4651] Loss = 0.07454 Full = 0.06603 BBox = 0.0284 Boxes = 1 Time = 216.7218s
Epoch = [ 17/ 50] Iter = [4000/4651] Loss = 0.05477 Full = 0.05477 BBox = 0 Boxes = 0 Time = 217.1019s
Epoch = [ 17/ 50] Iter = [4100/4651] Loss = 0.04226 Full = 0.04226 BBox = 0 Boxes = 0 Time = 216.5569s
Epoch = [ 17/ 50] Iter = [4200/4651] Loss = 0.1575 Full = 0.1575 BBox = 0 Boxes = 0 Time = 216.4490s
Epoch = [ 17/ 50] Iter = [4300/4651] Loss = 0.06531 Full = 0.06531 BBox = 0 Boxes = 0 Time = 216.8682s
Epoch = [ 17/ 50] Iter = [4400/4651] Loss = 0.04797 Full = 0.04064 BBox = 0.02442 Boxes = 1 Time = 215.2856s
Epoch = [ 17/ 50] Iter = [4500/4651] Loss = 0.08025 Full = 0.06109 BBox = 0.06385 Boxes = 2 Time = 218.6445s
Epoch = [ 17/ 50] Iter = [4600/4651] Loss = 0.1936 Full = 0.1936 BBox = 0 Boxes = 0 Time = 219.3393s
Epoch = [  17/  50] Train = 0.09724 TrainFull = 0.08885 TrainBBox = 0.07116 ValFull = 0.09077 ValBBox = 0.05945 ValObjective = 0.1086 ValSSIMFull = 0.9092 ValSSIMBBox = 0.9405 TrainAnnotatedSlices = 1824 TrainBoxes = 2593 ValAnnotatedSlices = 110 ValBoxes = 161 ValFullSlices = 791 LR = 6e-05 NextLR = 6e-05 TrainTime = 10098.3050s ValTime = 332.0544s
  Official validation by acceleration | full={'acc4': 0.9220832233346944, 'acc8': 0.896382464406391} bbox={'acc4': 0.945206832662921, 'acc8': 0.9358886270611374}
@@@@@@@@@@@@@@@@@@@@NewRecord@@@@@@@@@@@@@@@@@@@@
ForwardTime = 7.1057s
Epoch #18 ............... promptmr8_metric_aligned_50ep_v1 ............... LR=6e-05
  mask-aug p = 0.675
  mr-aug   p = 0.000
Epoch = [ 18/ 50] Iter = [   0/4651] Loss = 0.07228 Full = 0.07228 BBox = 0 Boxes = 0 Time = 2.1540s
Epoch = [ 18/ 50] Iter = [ 100/4651] Loss = 0.092 Full = 0.092 BBox = 0 Boxes = 0 Time = 216.2249s
Epoch = [ 18/ 50] Iter = [ 200/4651] Loss = 0.07708 Full = 0.06131 BBox = 0.05257 Boxes = 3 Time = 215.6749s
Epoch = [ 18/ 50] Iter = [ 300/4651] Loss = 0.08842 Full = 0.08842 BBox = 0 Boxes = 0 Time = 225.2207s
Epoch = [ 18/ 50] Iter = [ 400/4651] Loss = 0.02951 Full = 0.02951 BBox = 0 Boxes = 0 Time = 216.3309s
Epoch = [ 18/ 50] Iter = [ 500/4651] Loss = 0.05846 Full = 0.04985 BBox = 0.02869 Boxes = 1 Time = 216.9628s
Epoch = [ 18/ 50] Iter = [ 600/4651] Loss = 0.06099 Full = 0.04565 BBox = 0.05113 Boxes = 2 Time = 217.3035s
Epoch = [ 18/ 50] Iter = [ 700/4651] Loss = 0.0474 Full = 0.0474 BBox = 0 Boxes = 0 Time = 216.2388s
Epoch = [ 18/ 50] Iter = [ 800/4651] Loss = 0.0803 Full = 0.0803 BBox = 0 Boxes = 0 Time = 216.7084s
Epoch = [ 18/ 50] Iter = [ 900/4651] Loss = 0.2586 Full = 0.2586 BBox = 0 Boxes = 0 Time = 215.4474s
Epoch = [ 18/ 50] Iter = [1000/4651] Loss = 0.0392 Full = 0.0392 BBox = 0 Boxes = 0 Time = 214.7305s
Epoch = [ 18/ 50] Iter = [1100/4651] Loss = 0.06628 Full = 0.04753 BBox = 0.06252 Boxes = 2 Time = 215.7612s
Epoch = [ 18/ 50] Iter = [1200/4651] Loss = 0.1027 Full = 0.0933 BBox = 0.03118 Boxes = 2 Time = 216.7716s
Epoch = [ 18/ 50] Iter = [1300/4651] Loss = 0.03749 Full = 0.03749 BBox = 0 Boxes = 0 Time = 215.5342s
Epoch = [ 18/ 50] Iter = [1400/4651] Loss = 0.04559 Full = 0.04559 BBox = 0 Boxes = 0 Time = 216.6172s
Epoch = [ 18/ 50] Iter = [1500/4651] Loss = 0.07259 Full = 0.07259 BBox = 0 Boxes = 0 Time = 216.4042s
Epoch = [ 18/ 50] Iter = [1600/4651] Loss = 0.1238 Full = 0.1081 BBox = 0.05215 Boxes = 2 Time = 215.9610s
Epoch = [ 18/ 50] Iter = [1700/4651] Loss = 0.03703 Full = 0.03703 BBox = 0 Boxes = 0 Time = 216.2533s
Epoch = [ 18/ 50] Iter = [1800/4651] Loss = 0.1033 Full = 0.1033 BBox = 0 Boxes = 0 Time = 215.8247s
Epoch = [ 18/ 50] Iter = [1900/4651] Loss = 0.1135 Full = 0.1135 BBox = 0 Boxes = 0 Time = 215.9580s
Epoch = [ 18/ 50] Iter = [2000/4651] Loss = 0.06208 Full = 0.06208 BBox = 0 Boxes = 0 Time = 216.2013s
Epoch = [ 18/ 50] Iter = [2100/4651] Loss = 0.1006 Full = 0.08418 BBox = 0.05476 Boxes = 1 Time = 217.1492s
Epoch = [ 18/ 50] Iter = [2200/4651] Loss = 0.1427 Full = 0.1427 BBox = 0 Boxes = 0 Time = 216.1665s
Epoch = [ 18/ 50] Iter = [2300/4651] Loss = 0.08107 Full = 0.08107 BBox = 0 Boxes = 0 Time = 215.9948s
Epoch = [ 18/ 50] Iter = [2400/4651] Loss = 0.05802 Full = 0.05802 BBox = 0 Boxes = 0 Time = 216.7676s
Epoch = [ 18/ 50] Iter = [2500/4651] Loss = 0.1102 Full = 0.09542 BBox = 0.04911 Boxes = 1 Time = 215.5762s
Epoch = [ 18/ 50] Iter = [2600/4651] Loss = 0.1149 Full = 0.08334 BBox = 0.1053 Boxes = 1 Time = 216.5948s
Epoch = [ 18/ 50] Iter = [2700/4651] Loss = 0.08043 Full = 0.08043 BBox = 0 Boxes = 0 Time = 216.3533s
Epoch = [ 18/ 50] Iter = [2800/4651] Loss = 0.157 Full = 0.1298 BBox = 0.09039 Boxes = 2 Time = 216.5557s
Epoch = [ 18/ 50] Iter = [2900/4651] Loss = 0.1187 Full = 0.1187 BBox = 0 Boxes = 0 Time = 216.0685s
Epoch = [ 18/ 50] Iter = [3000/4651] Loss = 0.1879 Full = 0.1879 BBox = 0 Boxes = 0 Time = 215.9646s
Epoch = [ 18/ 50] Iter = [3100/4651] Loss = 0.09941 Full = 0.09941 BBox = 0 Boxes = 0 Time = 222.0500s
Epoch = [ 18/ 50] Iter = [3200/4651] Loss = 0.08082 Full = 0.06947 BBox = 0.0378 Boxes = 1 Time = 215.7352s
Epoch = [ 18/ 50] Iter = [3300/4651] Loss = 0.05781 Full = 0.05781 BBox = 0 Boxes = 0 Time = 215.1839s
Epoch = [ 18/ 50] Iter = [3400/4651] Loss = 0.06475 Full = 0.06475 BBox = 0 Boxes = 0 Time = 215.7470s
Epoch = [ 18/ 50] Iter = [3500/4651] Loss = 0.03702 Full = 0.03023 BBox = 0.02263 Boxes = 1 Time = 216.1752s
Epoch = [ 18/ 50] Iter = [3600/4651] Loss = 0.1524 Full = 0.1347 BBox = 0.05881 Boxes = 1 Time = 218.9700s
Epoch = [ 18/ 50] Iter = [3700/4651] Loss = 0.1428 Full = 0.1237 BBox = 0.06366 Boxes = 1 Time = 216.2644s
Epoch = [ 18/ 50] Iter = [3800/4651] Loss = 0.101 Full = 0.101 BBox = 0 Boxes = 0 Time = 216.3491s
Epoch = [ 18/ 50] Iter = [3900/4651] Loss = 0.03452 Full = 0.03452 BBox = 0 Boxes = 0 Time = 216.6028s
Epoch = [ 18/ 50] Iter = [4000/4651] Loss = 0.03323 Full = 0.02769 BBox = 0.01849 Boxes = 1 Time = 216.0530s
Epoch = [ 18/ 50] Iter = [4100/4651] Loss = 0.137 Full = 0.137 BBox = 0 Boxes = 0 Time = 216.2349s
Epoch = [ 18/ 50] Iter = [4200/4651] Loss = 0.07123 Full = 0.07123 BBox = 0 Boxes = 0 Time = 216.1762s
Epoch = [ 18/ 50] Iter = [4300/4651] Loss = 0.2307 Full = 0.1769 BBox = 0.1793 Boxes = 4 Time = 217.3518s
Epoch = [ 18/ 50] Iter = [4400/4651] Loss = 0.0935 Full = 0.0935 BBox = 0 Boxes = 0 Time = 216.4772s
Epoch = [ 18/ 50] Iter = [4500/4651] Loss = 0.05934 Full = 0.05934 BBox = 0 Boxes = 0 Time = 216.6895s
Epoch = [ 18/ 50] Iter = [4600/4651] Loss = 0.09861 Full = 0.09861 BBox = 0 Boxes = 0 Time = 216.3390s
Epoch = [  18/  50] Train = 0.09696 TrainFull = 0.08842 TrainBBox = 0.07241 ValFull = 0.09079 ValBBox = 0.05962 ValObjective = 0.1087 ValSSIMFull = 0.9092 ValSSIMBBox = 0.9404 TrainAnnotatedSlices = 1824 TrainBoxes = 2593 ValAnnotatedSlices = 110 ValBoxes = 161 ValFullSlices = 791 LR = 6e-05 NextLR = 6e-05 TrainTime = 10073.1882s ValTime = 326.0134s
  Official validation by acceleration | full={'acc4': 0.9221215289113562, 'acc8': 0.8963021220018467} bbox={'acc4': 0.9449767548347188, 'acc8': 0.9357844458685981}
Epoch #19 ............... promptmr8_metric_aligned_50ep_v1 ............... LR=6e-05
  mask-aug p = 0.817
  mr-aug   p = 0.000
Epoch = [ 19/ 50] Iter = [   0/4651] Loss = 0.08877 Full = 0.07467 BBox = 0.04701 Boxes = 2 Time = 2.2589s
Epoch = [ 19/ 50] Iter = [ 100/4651] Loss = 0.1568 Full = 0.1087 BBox = 0.1603 Boxes = 1 Time = 220.6278s
Epoch = [ 19/ 50] Iter = [ 200/4651] Loss = 0.1179 Full = 0.09644 BBox = 0.0714 Boxes = 2 Time = 221.2398s
Epoch = [ 19/ 50] Iter = [ 300/4651] Loss = 0.03877 Full = 0.03877 BBox = 0 Boxes = 0 Time = 216.4988s
Epoch = [ 19/ 50] Iter = [ 400/4651] Loss = 0.1002 Full = 0.1002 BBox = 0 Boxes = 0 Time = 216.3511s
Epoch = [ 19/ 50] Iter = [ 500/4651] Loss = 0.08942 Full = 0.06881 BBox = 0.0687 Boxes = 1 Time = 215.8564s
Epoch = [ 19/ 50] Iter = [ 600/4651] Loss = 0.1217 Full = 0.101 BBox = 0.06878 Boxes = 1 Time = 217.0471s
Epoch = [ 19/ 50] Iter = [ 700/4651] Loss = 0.03644 Full = 0.03644 BBox = 0 Boxes = 0 Time = 215.1078s
Epoch = [ 19/ 50] Iter = [ 800/4651] Loss = 0.0674 Full = 0.05277 BBox = 0.04875 Boxes = 5 Time = 217.9878s
Epoch = [ 19/ 50] Iter = [ 900/4651] Loss = 0.1943 Full = 0.1399 BBox = 0.1814 Boxes = 1 Time = 215.3338s
Epoch = [ 19/ 50] Iter = [1000/4651] Loss = 0.09136 Full = 0.09136 BBox = 0 Boxes = 0 Time = 217.0146s
Epoch = [ 19/ 50] Iter = [1100/4651] Loss = 0.06067 Full = 0.05238 BBox = 0.02764 Boxes = 1 Time = 215.7037s
Epoch = [ 19/ 50] Iter = [1200/4651] Loss = 0.08394 Full = 0.08394 BBox = 0 Boxes = 0 Time = 216.1807s
Epoch = [ 19/ 50] Iter = [1300/4651] Loss = 0.1841 Full = 0.1841 BBox = 0 Boxes = 0 Time = 216.1248s
Epoch = [ 19/ 50] Iter = [1400/4651] Loss = 0.05342 Full = 0.04251 BBox = 0.03636 Boxes = 2 Time = 216.7427s
Epoch = [ 19/ 50] Iter = [1500/4651] Loss = 0.08829 Full = 0.08829 BBox = 0 Boxes = 0 Time = 221.1383s
Epoch = [ 19/ 50] Iter = [1600/4651] Loss = 0.08796 Full = 0.08796 BBox = 0 Boxes = 0 Time = 215.6007s
Epoch = [ 19/ 50] Iter = [1700/4651] Loss = 0.05344 Full = 0.04117 BBox = 0.04091 Boxes = 1 Time = 217.7817s
Epoch = [ 19/ 50] Iter = [1800/4651] Loss = 0.0833 Full = 0.07478 BBox = 0.02839 Boxes = 1 Time = 215.3272s
Epoch = [ 19/ 50] Iter = [1900/4651] Loss = 0.02877 Full = 0.02877 BBox = 0 Boxes = 0 Time = 216.2501s
Epoch = [ 19/ 50] Iter = [2000/4651] Loss = 0.08629 Full = 0.08629 BBox = 0 Boxes = 0 Time = 215.6063s
Epoch = [ 19/ 50] Iter = [2100/4651] Loss = 0.1114 Full = 0.09553 BBox = 0.0529 Boxes = 3 Time = 220.7435s
Epoch = [ 19/ 50] Iter = [2200/4651] Loss = 0.1637 Full = 0.1637 BBox = 0 Boxes = 0 Time = 217.2160s
Epoch = [ 19/ 50] Iter = [2300/4651] Loss = 0.08775 Full = 0.08775 BBox = 0 Boxes = 0 Time = 217.1909s
Epoch = [ 19/ 50] Iter = [2400/4651] Loss = 0.1797 Full = 0.1797 BBox = 0 Boxes = 0 Time = 216.5525s
Epoch = [ 19/ 50] Iter = [2500/4651] Loss = 0.09579 Full = 0.08299 BBox = 0.04267 Boxes = 2 Time = 216.8059s
Epoch = [ 19/ 50] Iter = [2600/4651] Loss = 0.1863 Full = 0.14 BBox = 0.1544 Boxes = 1 Time = 215.9325s
Epoch = [ 19/ 50] Iter = [2700/4651] Loss = 0.04103 Full = 0.04103 BBox = 0 Boxes = 0 Time = 216.7845s
Epoch = [ 19/ 50] Iter = [2800/4651] Loss = 0.09548 Full = 0.09548 BBox = 0 Boxes = 0 Time = 215.9384s
Epoch = [ 19/ 50] Iter = [2900/4651] Loss = 0.1485 Full = 0.1278 BBox = 0.06884 Boxes = 1 Time = 215.8744s
Epoch = [ 19/ 50] Iter = [3000/4651] Loss = 0.03512 Full = 0.02682 BBox = 0.02765 Boxes = 3 Time = 216.7906s
Epoch = [ 19/ 50] Iter = [3100/4651] Loss = 0.05329 Full = 0.05329 BBox = 0 Boxes = 0 Time = 216.0664s
Epoch = [ 19/ 50] Iter = [3200/4651] Loss = 0.1682 Full = 0.1682 BBox = 0 Boxes = 0 Time = 215.7186s
Epoch = [ 19/ 50] Iter = [3300/4651] Loss = 0.1427 Full = 0.1276 BBox = 0.05042 Boxes = 1 Time = 215.1824s
Epoch = [ 19/ 50] Iter = [3400/4651] Loss = 0.1538 Full = 0.1337 BBox = 0.0671 Boxes = 1 Time = 215.6321s
Epoch = [ 19/ 50] Iter = [3500/4651] Loss = 0.09968 Full = 0.09968 BBox = 0 Boxes = 0 Time = 220.8592s
Epoch = [ 19/ 50] Iter = [3600/4651] Loss = 0.1214 Full = 0.1214 BBox = 0 Boxes = 0 Time = 215.6758s
Epoch = [ 19/ 50] Iter = [3700/4651] Loss = 0.05326 Full = 0.05326 BBox = 0 Boxes = 0 Time = 215.9591s
Epoch = [ 19/ 50] Iter = [3800/4651] Loss = 0.1462 Full = 0.1462 BBox = 0 Boxes = 0 Time = 215.4202s
Epoch = [ 19/ 50] Iter = [3900/4651] Loss = 0.09898 Full = 0.07464 BBox = 0.08115 Boxes = 1 Time = 215.9230s
Epoch = [ 19/ 50] Iter = [4000/4651] Loss = 0.114 Full = 0.114 BBox = 0 Boxes = 0 Time = 216.6839s
Epoch = [ 19/ 50] Iter = [4100/4651] Loss = 0.1627 Full = 0.1362 BBox = 0.08844 Boxes = 1 Time = 215.5330s
Epoch = [ 19/ 50] Iter = [4200/4651] Loss = 0.1937 Full = 0.1937 BBox = 0 Boxes = 0 Time = 216.3562s
Epoch = [ 19/ 50] Iter = [4300/4651] Loss = 0.1084 Full = 0.07845 BBox = 0.09985 Boxes = 3 Time = 215.1390s
Epoch = [ 19/ 50] Iter = [4400/4651] Loss = 0.139 Full = 0.139 BBox = 0 Boxes = 0 Time = 215.2920s
Epoch = [ 19/ 50] Iter = [4500/4651] Loss = 0.1089 Full = 0.08783 BBox = 0.07034 Boxes = 1 Time = 216.0857s
Epoch = [ 19/ 50] Iter = [4600/4651] Loss = 0.07673 Full = 0.07673 BBox = 0 Boxes = 0 Time = 214.3811s
Epoch = [  19/  50] Train = 0.09688 TrainFull = 0.08826 TrainBBox = 0.07332 ValFull = 0.09066 ValBBox = 0.05936 ValObjective = 0.1085 ValSSIMFull = 0.9093 ValSSIMBBox = 0.9406 TrainAnnotatedSlices = 1824 TrainBoxes = 2593 ValAnnotatedSlices = 110 ValBoxes = 161 ValFullSlices = 791 LR = 6e-05 NextLR = 6e-05 TrainTime = 10075.2258s ValTime = 331.6421s
  Official validation by acceleration | full={'acc4': 0.922218927294382, 'acc8': 0.8964537493884563} bbox={'acc4': 0.9451099812427414, 'acc8': 0.9361694896662677}
@@@@@@@@@@@@@@@@@@@@NewRecord@@@@@@@@@@@@@@@@@@@@
ForwardTime = 7.1500s
Epoch #20 ............... promptmr8_metric_aligned_50ep_v1 ............... LR=6e-05
  mask-aug p = 0.898
  mr-aug   p = 0.000
Epoch = [ 20/ 50] Iter = [   0/4651] Loss = 0.01004 Full = 0.01004 BBox = 0 Boxes = 0 Time = 2.1957s
Epoch = [ 20/ 50] Iter = [ 100/4651] Loss = 0.08072 Full = 0.06082 BBox = 0.06635 Boxes = 3 Time = 215.8154s
Epoch = [ 20/ 50] Iter = [ 200/4651] Loss = 0.1279 Full = 0.1106 BBox = 0.05771 Boxes = 1 Time = 215.7745s
Epoch = [ 20/ 50] Iter = [ 300/4651] Loss = 0.09422 Full = 0.09422 BBox = 0 Boxes = 0 Time = 216.0610s
Epoch = [ 20/ 50] Iter = [ 400/4651] Loss = 0.07698 Full = 0.05947 BBox = 0.05835 Boxes = 2 Time = 215.8399s
Epoch = [ 20/ 50] Iter = [ 500/4651] Loss = 0.152 Full = 0.152 BBox = 0 Boxes = 0 Time = 216.8161s
Epoch = [ 20/ 50] Iter = [ 600/4651] Loss = 0.1102 Full = 0.1102 BBox = 0 Boxes = 0 Time = 216.7993s
Epoch = [ 20/ 50] Iter = [ 700/4651] Loss = 0.02523 Full = 0.02523 BBox = 0 Boxes = 0 Time = 216.4821s
Epoch = [ 20/ 50] Iter = [ 800/4651] Loss = 0.04784 Full = 0.04784 BBox = 0 Boxes = 0 Time = 215.9812s
Epoch = [ 20/ 50] Iter = [ 900/4651] Loss = 0.1877 Full = 0.1456 BBox = 0.1403 Boxes = 2 Time = 216.1801s
Epoch = [ 20/ 50] Iter = [1000/4651] Loss = 0.1488 Full = 0.112 BBox = 0.1227 Boxes = 1 Time = 216.2181s
Epoch = [ 20/ 50] Iter = [1100/4651] Loss = 0.1615 Full = 0.135 BBox = 0.08845 Boxes = 1 Time = 216.4966s
Epoch = [ 20/ 50] Iter = [1200/4651] Loss = 0.1835 Full = 0.143 BBox = 0.1353 Boxes = 2 Time = 215.7741s
Epoch = [ 20/ 50] Iter = [1300/4651] Loss = 0.0407 Full = 0.0324 BBox = 0.02768 Boxes = 1 Time = 216.0646s
Epoch = [ 20/ 50] Iter = [1400/4651] Loss = 0.05893 Full = 0.05893 BBox = 0 Boxes = 0 Time = 216.2318s
Epoch = [ 20/ 50] Iter = [1500/4651] Loss = 0.1105 Full = 0.08823 BBox = 0.07436 Boxes = 1 Time = 214.6217s
Epoch = [ 20/ 50] Iter = [1600/4651] Loss = 0.1133 Full = 0.1133 BBox = 0 Boxes = 0 Time = 215.4964s
Epoch = [ 20/ 50] Iter = [1700/4651] Loss = 0.3057 Full = 0.2676 BBox = 0.1271 Boxes = 1 Time = 216.5823s
Epoch = [ 20/ 50] Iter = [1800/4651] Loss = 0.1381 Full = 0.107 BBox = 0.1036 Boxes = 2 Time = 216.7214s
Epoch = [ 20/ 50] Iter = [1900/4651] Loss = 0.04775 Full = 0.03531 BBox = 0.04146 Boxes = 1 Time = 215.7117s
Epoch = [ 20/ 50] Iter = [2000/4651] Loss = 0.03318 Full = 0.02635 BBox = 0.02277 Boxes = 1 Time = 216.8656s
Epoch = [ 20/ 50] Iter = [2100/4651] Loss = 0.08557 Full = 0.06476 BBox = 0.06935 Boxes = 1 Time = 215.9468s
Epoch = [ 20/ 50] Iter = [2200/4651] Loss = 0.1191 Full = 0.0883 BBox = 0.1027 Boxes = 1 Time = 214.9243s
Epoch = [ 20/ 50] Iter = [2300/4651] Loss = 0.1365 Full = 0.09331 BBox = 0.1441 Boxes = 4 Time = 216.0223s
Epoch = [ 20/ 50] Iter = [2400/4651] Loss = 0.09686 Full = 0.09686 BBox = 0 Boxes = 0 Time = 221.7198s
Epoch = [ 20/ 50] Iter = [2500/4651] Loss = 0.09931 Full = 0.09931 BBox = 0 Boxes = 0 Time = 216.2471s
Epoch = [ 20/ 50] Iter = [2600/4651] Loss = 0.05695 Full = 0.03989 BBox = 0.05688 Boxes = 2 Time = 216.1585s
Epoch = [ 20/ 50] Iter = [2700/4651] Loss = 0.04593 Full = 0.03538 BBox = 0.03517 Boxes = 1 Time = 216.2309s
Epoch = [ 20/ 50] Iter = [2800/4651] Loss = 0.08415 Full = 0.06631 BBox = 0.05948 Boxes = 2 Time = 215.6435s
Epoch = [ 20/ 50] Iter = [2900/4651] Loss = 0.07809 Full = 0.06232 BBox = 0.05259 Boxes = 1 Time = 215.7928s
Epoch = [ 20/ 50] Iter = [3000/4651] Loss = 0.06292 Full = 0.04962 BBox = 0.04434 Boxes = 2 Time = 215.2742s
Epoch = [ 20/ 50] Iter = [3100/4651] Loss = 0.111 Full = 0.07193 BBox = 0.1303 Boxes = 1 Time = 217.2065s
Epoch = [ 20/ 50] Iter = [3200/4651] Loss = 0.08858 Full = 0.08858 BBox = 0 Boxes = 0 Time = 216.0453s
Epoch = [ 20/ 50] Iter = [3300/4651] Loss = 0.09053 Full = 0.09053 BBox = 0 Boxes = 0 Time = 215.9375s
Epoch = [ 20/ 50] Iter = [3400/4651] Loss = 0.1553 Full = 0.1159 BBox = 0.1313 Boxes = 1 Time = 216.1010s
Epoch = [ 20/ 50] Iter = [3500/4651] Loss = 0.109 Full = 0.109 BBox = 0 Boxes = 0 Time = 216.3099s
Epoch = [ 20/ 50] Iter = [3600/4651] Loss = 0.1091 Full = 0.08459 BBox = 0.08159 Boxes = 2 Time = 221.1564s
Epoch = [ 20/ 50] Iter = [3700/4651] Loss = 0.1512 Full = 0.1306 BBox = 0.06882 Boxes = 2 Time = 216.4523s
Epoch = [ 20/ 50] Iter = [3800/4651] Loss = 0.05812 Full = 0.04395 BBox = 0.04723 Boxes = 2 Time = 215.7847s
Epoch = [ 20/ 50] Iter = [3900/4651] Loss = 0.09971 Full = 0.09971 BBox = 0 Boxes = 0 Time = 215.8550s
Epoch = [ 20/ 50] Iter = [4000/4651] Loss = 0.1619 Full = 0.1619 BBox = 0 Boxes = 0 Time = 216.7998s
Epoch = [ 20/ 50] Iter = [4100/4651] Loss = 0.157 Full = 0.1245 BBox = 0.1084 Boxes = 1 Time = 215.9441s
Epoch = [ 20/ 50] Iter = [4200/4651] Loss = 0.1565 Full = 0.1288 BBox = 0.09214 Boxes = 2 Time = 215.8546s
Epoch = [ 20/ 50] Iter = [4300/4651] Loss = 0.1345 Full = 0.1345 BBox = 0 Boxes = 0 Time = 215.5340s
Epoch = [ 20/ 50] Iter = [4400/4651] Loss = 0.09853 Full = 0.09853 BBox = 0 Boxes = 0 Time = 215.9382s
Epoch = [ 20/ 50] Iter = [4500/4651] Loss = 0.09913 Full = 0.07794 BBox = 0.07061 Boxes = 2 Time = 216.1188s
Epoch = [ 20/ 50] Iter = [4600/4651] Loss = 0.1517 Full = 0.1024 BBox = 0.1643 Boxes = 1 Time = 215.8577s
Epoch = [  20/  50] Train = 0.0968 TrainFull = 0.0881 TrainBBox = 0.07388 ValFull = 0.09064 ValBBox = 0.05918 ValObjective = 0.1084 ValSSIMFull = 0.9094 ValSSIMBBox = 0.9408 TrainAnnotatedSlices = 1824 TrainBoxes = 2593 ValAnnotatedSlices = 110 ValBoxes = 161 ValFullSlices = 791 LR = 6e-05 NextLR = 6e-05 TrainTime = 10059.4353s ValTime = 331.2132s
  Official validation by acceleration | full={'acc4': 0.9222021552502963, 'acc8': 0.8965169349685311} bbox={'acc4': 0.9453912460915396, 'acc8': 0.9362441014360499}
@@@@@@@@@@@@@@@@@@@@NewRecord@@@@@@@@@@@@@@@@@@@@
ForwardTime = 7.3277s
Epoch #21 ............... promptmr8_metric_aligned_50ep_v1 ............... LR=6e-05
  mask-aug p = 0.944
  mr-aug   p = 0.000
Epoch = [ 21/ 50] Iter = [   0/4651] Loss = 0.07735 Full = 0.07735 BBox = 0 Boxes = 0 Time = 2.1516s
Epoch = [ 21/ 50] Iter = [ 100/4651] Loss = 0.05785 Full = 0.05785 BBox = 0 Boxes = 0 Time = 217.2161s
Epoch = [ 21/ 50] Iter = [ 200/4651] Loss = 0.08364 Full = 0.07651 BBox = 0.02378 Boxes = 1 Time = 215.8598s
Epoch = [ 21/ 50] Iter = [ 300/4651] Loss = 0.0536 Full = 0.0536 BBox = 0 Boxes = 0 Time = 221.3839s
Epoch = [ 21/ 50] Iter = [ 400/4651] Loss = 0.1693 Full = 0.1693 BBox = 0 Boxes = 0 Time = 216.8373s
Epoch = [ 21/ 50] Iter = [ 500/4651] Loss = 0.06264 Full = 0.06264 BBox = 0 Boxes = 0 Time = 215.5232s
Epoch = [ 21/ 50] Iter = [ 600/4651] Loss = 0.1103 Full = 0.09087 BBox = 0.06477 Boxes = 1 Time = 216.3606s
Epoch = [ 21/ 50] Iter = [ 700/4651] Loss = 0.0817 Full = 0.0817 BBox = 0 Boxes = 0 Time = 215.7284s
Epoch = [ 21/ 50] Iter = [ 800/4651] Loss = 0.08428 Full = 0.05692 BBox = 0.09117 Boxes = 3 Time = 216.1847s
Epoch = [ 21/ 50] Iter = [ 900/4651] Loss = 0.098 Full = 0.07654 BBox = 0.07152 Boxes = 1 Time = 217.1481s
Epoch = [ 21/ 50] Iter = [1000/4651] Loss = 0.1157 Full = 0.08883 BBox = 0.08947 Boxes = 1 Time = 215.7718s
Epoch = [ 21/ 50] Iter = [1100/4651] Loss = 0.09744 Full = 0.09744 BBox = 0 Boxes = 0 Time = 216.0972s
Epoch = [ 21/ 50] Iter = [1200/4651] Loss = 0.07253 Full = 0.06221 BBox = 0.0344 Boxes = 3 Time = 216.6089s
Epoch = [ 21/ 50] Iter = [1300/4651] Loss = 0.0728 Full = 0.04934 BBox = 0.07818 Boxes = 2 Time = 216.2981s
Epoch = [ 21/ 50] Iter = [1400/4651] Loss = 0.1477 Full = 0.1159 BBox = 0.1059 Boxes = 1 Time = 215.3727s
Epoch = [ 21/ 50] Iter = [1500/4651] Loss = 0.09893 Full = 0.09893 BBox = 0 Boxes = 0 Time = 216.4920s
Epoch = [ 21/ 50] Iter = [1600/4651] Loss = 0.09367 Full = 0.06871 BBox = 0.08323 Boxes = 1 Time = 216.1779s
Epoch = [ 21/ 50] Iter = [1700/4651] Loss = 0.05868 Full = 0.04786 BBox = 0.03607 Boxes = 1 Time = 220.7143s
Epoch = [ 21/ 50] Iter = [1800/4651] Loss = 0.04237 Full = 0.04237 BBox = 0 Boxes = 0 Time = 215.6910s
Epoch = [ 21/ 50] Iter = [1900/4651] Loss = 0.09364 Full = 0.09364 BBox = 0 Boxes = 0 Time = 214.9339s
Epoch = [ 21/ 50] Iter = [2000/4651] Loss = 0.1867 Full = 0.1638 BBox = 0.07618 Boxes = 1 Time = 215.7292s
Epoch = [ 21/ 50] Iter = [2100/4651] Loss = 0.115 Full = 0.0937 BBox = 0.07089 Boxes = 1 Time = 215.8220s
Epoch = [ 21/ 50] Iter = [2200/4651] Loss = 0.1533 Full = 0.1533 BBox = 0 Boxes = 0 Time = 216.7332s
Epoch = [ 21/ 50] Iter = [2300/4651] Loss = 0.1259 Full = 0.1259 BBox = 0 Boxes = 0 Time = 215.3110s
Epoch = [ 21/ 50] Iter = [2400/4651] Loss = 0.1679 Full = 0.1322 BBox = 0.1191 Boxes = 1 Time = 217.1596s
Epoch = [ 21/ 50] Iter = [2500/4651] Loss = 0.09169 Full = 0.09169 BBox = 0 Boxes = 0 Time = 215.8632s
Epoch = [ 21/ 50] Iter = [2600/4651] Loss = 0.05255 Full = 0.05255 BBox = 0 Boxes = 0 Time = 215.9847s
Epoch = [ 21/ 50] Iter = [2700/4651] Loss = 0.06398 Full = 0.0453 BBox = 0.06225 Boxes = 1 Time = 216.5900s
Epoch = [ 21/ 50] Iter = [2800/4651] Loss = 0.07845 Full = 0.06584 BBox = 0.04204 Boxes = 1 Time = 215.0955s
Epoch = [ 21/ 50] Iter = [2900/4651] Loss = 0.1486 Full = 0.1236 BBox = 0.08337 Boxes = 2 Time = 216.2819s
Epoch = [ 21/ 50] Iter = [3000/4651] Loss = 0.04295 Full = 0.04295 BBox = 0 Boxes = 0 Time = 216.1314s
Epoch = [ 21/ 50] Iter = [3100/4651] Loss = 0.02603 Full = 0.02603 BBox = 0 Boxes = 0 Time = 216.9547s
Epoch = [ 21/ 50] Iter = [3200/4651] Loss = 0.0518 Full = 0.04172 BBox = 0.03361 Boxes = 2 Time = 216.2091s
Epoch = [ 21/ 50] Iter = [3300/4651] Loss = 0.06214 Full = 0.06214 BBox = 0 Boxes = 0 Time = 215.4327s
Epoch = [ 21/ 50] Iter = [3400/4651] Loss = 0.09484 Full = 0.09484 BBox = 0 Boxes = 0 Time = 216.4331s
Epoch = [ 21/ 50] Iter = [3500/4651] Loss = 0.1413 Full = 0.1413 BBox = 0 Boxes = 0 Time = 216.4442s
Epoch = [ 21/ 50] Iter = [3600/4651] Loss = 0.0859 Full = 0.068 BBox = 0.05969 Boxes = 1 Time = 216.6431s
Epoch = [ 21/ 50] Iter = [3700/4651] Loss = 0.04838 Full = 0.04106 BBox = 0.0244 Boxes = 1 Time = 216.0123s
Epoch = [ 21/ 50] Iter = [3800/4651] Loss = 0.1103 Full = 0.1103 BBox = 0 Boxes = 0 Time = 216.4346s
Epoch = [ 21/ 50] Iter = [3900/4651] Loss = 0.1349 Full = 0.1023 BBox = 0.1086 Boxes = 1 Time = 214.6562s
Epoch = [ 21/ 50] Iter = [4000/4651] Loss = 0.02981 Full = 0.02981 BBox = 0 Boxes = 0 Time = 223.3506s
Epoch = [ 21/ 50] Iter = [4100/4651] Loss = 0.1852 Full = 0.155 BBox = 0.1008 Boxes = 1 Time = 224.1109s
Epoch = [ 21/ 50] Iter = [4200/4651] Loss = 0.07013 Full = 0.07013 BBox = 0 Boxes = 0 Time = 216.2428s
Epoch = [ 21/ 50] Iter = [4300/4651] Loss = 0.1087 Full = 0.08378 BBox = 0.08304 Boxes = 2 Time = 216.0999s
Epoch = [ 21/ 50] Iter = [4400/4651] Loss = 0.147 Full = 0.1061 BBox = 0.1364 Boxes = 3 Time = 216.7140s
Epoch = [ 21/ 50] Iter = [4500/4651] Loss = 0.2803 Full = 0.2126 BBox = 0.2259 Boxes = 1 Time = 221.0921s
Epoch = [ 21/ 50] Iter = [4600/4651] Loss = 0.141 Full = 0.1145 BBox = 0.08834 Boxes = 2 Time = 221.1794s
Epoch = [  21/  50] Train = 0.09647 TrainFull = 0.0878 TrainBBox = 0.07345 ValFull = 0.09056 ValBBox = 0.05923 ValObjective = 0.1083 ValSSIMFull = 0.9094 ValSSIMBBox = 0.9408 TrainAnnotatedSlices = 1824 TrainBoxes = 2593 ValAnnotatedSlices = 110 ValBoxes = 161 ValFullSlices = 791 LR = 6e-05 NextLR = 6e-05 TrainTime = 10087.9752s ValTime = 329.3057s
  Official validation by acceleration | full={'acc4': 0.9222510925674907, 'acc8': 0.8966339415249726} bbox={'acc4': 0.9452530619139984, 'acc8': 0.9362833577173727}
@@@@@@@@@@@@@@@@@@@@NewRecord@@@@@@@@@@@@@@@@@@@@
ForwardTime = 7.0372s
Epoch #22 ............... promptmr8_metric_aligned_50ep_v1 ............... LR=6e-05
  mask-aug p = 0.971
  mr-aug   p = 0.000
Epoch = [ 22/ 50] Iter = [   0/4651] Loss = 0.0827 Full = 0.06739 BBox = 0.05105 Boxes = 2 Time = 2.1970s
Epoch = [ 22/ 50] Iter = [ 100/4651] Loss = 0.1106 Full = 0.1106 BBox = 0 Boxes = 0 Time = 216.2860s
Epoch = [ 22/ 50] Iter = [ 200/4651] Loss = 0.07731 Full = 0.07731 BBox = 0 Boxes = 0 Time = 216.7325s
Epoch = [ 22/ 50] Iter = [ 300/4651] Loss = 0.06681 Full = 0.06681 BBox = 0 Boxes = 0 Time = 216.2110s
Epoch = [ 22/ 50] Iter = [ 400/4651] Loss = 0.1312 Full = 0.1312 BBox = 0 Boxes = 0 Time = 216.2068s
Epoch = [ 22/ 50] Iter = [ 500/4651] Loss = 0.0283 Full = 0.02456 BBox = 0.01245 Boxes = 1 Time = 215.6473s
Epoch = [ 22/ 50] Iter = [ 600/4651] Loss = 0.05622 Full = 0.04344 BBox = 0.0426 Boxes = 2 Time = 216.7167s
Epoch = [ 22/ 50] Iter = [ 700/4651] Loss = 0.1214 Full = 0.1214 BBox = 0 Boxes = 0 Time = 216.9282s
Epoch = [ 22/ 50] Iter = [ 800/4651] Loss = 0.1466 Full = 0.1466 BBox = 0 Boxes = 0 Time = 216.7689s
Epoch = [ 22/ 50] Iter = [ 900/4651] Loss = 0.07681 Full = 0.07681 BBox = 0 Boxes = 0 Time = 217.7735s
Epoch = [ 22/ 50] Iter = [1000/4651] Loss = 0.08483 Full = 0.08483 BBox = 0 Boxes = 0 Time = 215.8043s
Epoch = [ 22/ 50] Iter = [1100/4651] Loss = 0.02705 Full = 0.02705 BBox = 0 Boxes = 0 Time = 216.8164s
Epoch = [ 22/ 50] Iter = [1200/4651] Loss = 0.1402 Full = 0.1141 BBox = 0.08698 Boxes = 1 Time = 216.1329s
Epoch = [ 22/ 50] Iter = [1300/4651] Loss = 0.05189 Full = 0.05189 BBox = 0 Boxes = 0 Time = 216.4476s
Epoch = [ 22/ 50] Iter = [1400/4651] Loss = 0.1055 Full = 0.07567 BBox = 0.09928 Boxes = 2 Time = 215.7097s
Epoch = [ 22/ 50] Iter = [1500/4651] Loss = 0.1109 Full = 0.08363 BBox = 0.09083 Boxes = 2 Time = 216.2048s
Epoch = [ 22/ 50] Iter = [1600/4651] Loss = 0.09555 Full = 0.09555 BBox = 0 Boxes = 0 Time = 216.0741s
Epoch = [ 22/ 50] Iter = [1700/4651] Loss = 0.03407 Full = 0.02828 BBox = 0.01931 Boxes = 1 Time = 217.7895s
Epoch = [ 22/ 50] Iter = [1800/4651] Loss = 0.1039 Full = 0.08336 BBox = 0.06856 Boxes = 3 Time = 216.2448s
Epoch = [ 22/ 50] Iter = [1900/4651] Loss = 0.08237 Full = 0.08237 BBox = 0 Boxes = 0 Time = 216.4240s
Epoch = [ 22/ 50] Iter = [2000/4651] Loss = 0.07734 Full = 0.07734 BBox = 0 Boxes = 0 Time = 216.3570s
Epoch = [ 22/ 50] Iter = [2100/4651] Loss = 0.1608 Full = 0.1131 BBox = 0.1593 Boxes = 1 Time = 217.8777s
Epoch = [ 22/ 50] Iter = [2200/4651] Loss = 0.134 Full = 0.134 BBox = 0 Boxes = 0 Time = 216.3596s
Epoch = [ 22/ 50] Iter = [2300/4651] Loss = 0.05648 Full = 0.04528 BBox = 0.03731 Boxes = 6 Time = 216.8918s
Epoch = [ 22/ 50] Iter = [2400/4651] Loss = 0.1061 Full = 0.1061 BBox = 0 Boxes = 0 Time = 216.7149s
Epoch = [ 22/ 50] Iter = [2500/4651] Loss = 0.0933 Full = 0.07638 BBox = 0.05639 Boxes = 2 Time = 216.7166s
Epoch = [ 22/ 50] Iter = [2600/4651] Loss = 0.1199 Full = 0.08653 BBox = 0.1112 Boxes = 1 Time = 216.6287s
Epoch = [ 22/ 50] Iter = [2700/4651] Loss = 0.07237 Full = 0.07237 BBox = 0 Boxes = 0 Time = 216.3493s
Epoch = [ 22/ 50] Iter = [2800/4651] Loss = 0.06414 Full = 0.06414 BBox = 0 Boxes = 0 Time = 216.2948s
Epoch = [ 22/ 50] Iter = [2900/4651] Loss = 0.08609 Full = 0.08609 BBox = 0 Boxes = 0 Time = 216.9382s
Epoch = [ 22/ 50] Iter = [3000/4651] Loss = 0.0669 Full = 0.0669 BBox = 0 Boxes = 0 Time = 217.1385s
Epoch = [ 22/ 50] Iter = [3100/4651] Loss = 0.09578 Full = 0.07516 BBox = 0.06873 Boxes = 1 Time = 216.9665s
Epoch = [ 22/ 50] Iter = [3200/4651] Loss = 0.04355 Full = 0.04355 BBox = 0 Boxes = 0 Time = 217.5217s
Epoch = [ 22/ 50] Iter = [3300/4651] Loss = 0.13 Full = 0.13 BBox = 0 Boxes = 0 Time = 217.4519s
Epoch = [ 22/ 50] Iter = [3400/4651] Loss = 0.03888 Full = 0.02954 BBox = 0.03114 Boxes = 1 Time = 216.9094s
Epoch = [ 22/ 50] Iter = [3500/4651] Loss = 0.1292 Full = 0.1292 BBox = 0 Boxes = 0 Time = 217.5459s
Epoch = [ 22/ 50] Iter = [3600/4651] Loss = 0.04349 Full = 0.03371 BBox = 0.03259 Boxes = 2 Time = 217.4101s
Epoch = [ 22/ 50] Iter = [3700/4651] Loss = 0.1847 Full = 0.1847 BBox = 0 Boxes = 0 Time = 216.9094s
Epoch = [ 22/ 50] Iter = [3800/4651] Loss = 0.1053 Full = 0.1053 BBox = 0 Boxes = 0 Time = 217.5876s
Epoch = [ 22/ 50] Iter = [3900/4651] Loss = 0.07467 Full = 0.05519 BBox = 0.06495 Boxes = 1 Time = 216.9271s
Epoch = [ 22/ 50] Iter = [4000/4651] Loss = 0.1879 Full = 0.1879 BBox = 0 Boxes = 0 Time = 216.5862s
Epoch = [ 22/ 50] Iter = [4100/4651] Loss = 0.04321 Full = 0.04321 BBox = 0 Boxes = 0 Time = 216.6392s
Epoch = [ 22/ 50] Iter = [4200/4651] Loss = 0.183 Full = 0.1471 BBox = 0.1197 Boxes = 1 Time = 220.1328s
Epoch = [ 22/ 50] Iter = [4300/4651] Loss = 0.1328 Full = 0.1027 BBox = 0.1003 Boxes = 3 Time = 218.0511s
Epoch = [ 22/ 50] Iter = [4400/4651] Loss = 0.09083 Full = 0.06841 BBox = 0.07475 Boxes = 1 Time = 216.4141s
Epoch = [ 22/ 50] Iter = [4500/4651] Loss = 0.13 Full = 0.13 BBox = 0 Boxes = 0 Time = 216.3454s
Epoch = [ 22/ 50] Iter = [4600/4651] Loss = 0.07377 Full = 0.05991 BBox = 0.04619 Boxes = 2 Time = 222.1797s
Epoch = [  22/  50] Train = 0.09656 TrainFull = 0.08784 TrainBBox = 0.07408 ValFull = 0.0905 ValBBox = 0.05988 ValObjective = 0.1085 ValSSIMFull = 0.9095 ValSSIMBBox = 0.9401 TrainAnnotatedSlices = 1824 TrainBoxes = 2593 ValAnnotatedSlices = 110 ValBoxes = 161 ValFullSlices = 791 LR = 6e-05 NextLR = 6e-05 TrainTime = 10089.6833s ValTime = 339.7533s
  Official validation by acceleration | full={'acc4': 0.9223216051551575, 'acc8': 0.8966694717916349} bbox={'acc4': 0.9453075856805961, 'acc8': 0.9349252581596375}
Epoch #23 ............... promptmr8_metric_aligned_50ep_v1 ............... LR=6e-05
  mask-aug p = 0.986
  mr-aug   p = 0.000
Epoch = [ 23/ 50] Iter = [   0/4651] Loss = 0.06019 Full = 0.06019 BBox = 0 Boxes = 0 Time = 2.1404s
Epoch = [ 23/ 50] Iter = [ 100/4651] Loss = 0.04997 Full = 0.04997 BBox = 0 Boxes = 0 Time = 222.2690s
Epoch = [ 23/ 50] Iter = [ 200/4651] Loss = 0.04804 Full = 0.04008 BBox = 0.02656 Boxes = 1 Time = 216.1917s
Epoch = [ 23/ 50] Iter = [ 300/4651] Loss = 0.07014 Full = 0.07014 BBox = 0 Boxes = 0 Time = 218.3708s
Epoch = [ 23/ 50] Iter = [ 400/4651] Loss = 0.1114 Full = 0.08198 BBox = 0.0979 Boxes = 1 Time = 216.8462s
Epoch = [ 23/ 50] Iter = [ 500/4651] Loss = 0.01339 Full = 0.01339 BBox = 0 Boxes = 0 Time = 217.2369s
Epoch = [ 23/ 50] Iter = [ 600/4651] Loss = 0.09709 Full = 0.09709 BBox = 0 Boxes = 0 Time = 216.2139s
Epoch = [ 23/ 50] Iter = [ 700/4651] Loss = 0.117 Full = 0.117 BBox = 0 Boxes = 0 Time = 217.0210s
Epoch = [ 23/ 50] Iter = [ 800/4651] Loss = 0.208 Full = 0.208 BBox = 0 Boxes = 0 Time = 217.0922s
Epoch = [ 23/ 50] Iter = [ 900/4651] Loss = 0.0982 Full = 0.0982 BBox = 0 Boxes = 0 Time = 216.6975s
Epoch = [ 23/ 50] Iter = [1000/4651] Loss = 0.06729 Full = 0.06729 BBox = 0 Boxes = 0 Time = 217.0734s
Epoch = [ 23/ 50] Iter = [1100/4651] Loss = 0.141 Full = 0.141 BBox = 0 Boxes = 0 Time = 217.4856s
Epoch = [ 23/ 50] Iter = [1200/4651] Loss = 0.01337 Full = 0.01337 BBox = 0 Boxes = 0 Time = 216.2884s
Epoch = [ 23/ 50] Iter = [1300/4651] Loss = 0.2007 Full = 0.1395 BBox = 0.2038 Boxes = 1 Time = 217.7327s
Epoch = [ 23/ 50] Iter = [1400/4651] Loss = 0.06911 Full = 0.06911 BBox = 0 Boxes = 0 Time = 217.4284s
Epoch = [ 23/ 50] Iter = [1500/4651] Loss = 0.1745 Full = 0.1344 BBox = 0.1338 Boxes = 2 Time = 217.0411s
Epoch = [ 23/ 50] Iter = [1600/4651] Loss = 0.1669 Full = 0.1249 BBox = 0.14 Boxes = 2 Time = 216.1324s
Epoch = [ 23/ 50] Iter = [1700/4651] Loss = 0.1134 Full = 0.1134 BBox = 0 Boxes = 0 Time = 220.9583s
Epoch = [ 23/ 50] Iter = [1800/4651] Loss = 0.121 Full = 0.121 BBox = 0 Boxes = 0 Time = 216.8011s
Epoch = [ 23/ 50] Iter = [1900/4651] Loss = 0.07457 Full = 0.07457 BBox = 0 Boxes = 0 Time = 216.8697s
Epoch = [ 23/ 50] Iter = [2000/4651] Loss = 0.1341 Full = 0.1341 BBox = 0 Boxes = 0 Time = 218.1258s
Epoch = [ 23/ 50] Iter = [2100/4651] Loss = 0.08125 Full = 0.08125 BBox = 0 Boxes = 0 Time = 217.2482s
Epoch = [ 23/ 50] Iter = [2200/4651] Loss = 0.1109 Full = 0.07173 BBox = 0.1306 Boxes = 1 Time = 216.9905s
Epoch = [ 23/ 50] Iter = [2300/4651] Loss = 0.09095 Full = 0.09095 BBox = 0 Boxes = 0 Time = 216.5355s
Epoch = [ 23/ 50] Iter = [2400/4651] Loss = 0.03136 Full = 0.03136 BBox = 0 Boxes = 0 Time = 217.8807s
Epoch = [ 23/ 50] Iter = [2500/4651] Loss = 0.0813 Full = 0.0813 BBox = 0 Boxes = 0 Time = 219.3945s
Epoch = [ 23/ 50] Iter = [2600/4651] Loss = 0.1529 Full = 0.1529 BBox = 0 Boxes = 0 Time = 217.1062s
Epoch = [ 23/ 50] Iter = [2700/4651] Loss = 0.0638 Full = 0.0638 BBox = 0 Boxes = 0 Time = 217.0822s
Epoch = [ 23/ 50] Iter = [2800/4651] Loss = 0.0487 Full = 0.0487 BBox = 0 Boxes = 0 Time = 216.9255s
Epoch = [ 23/ 50] Iter = [2900/4651] Loss = 0.09547 Full = 0.07178 BBox = 0.07894 Boxes = 1 Time = 217.6007s
Epoch = [ 23/ 50] Iter = [3000/4651] Loss = 0.03838 Full = 0.0301 BBox = 0.02761 Boxes = 2 Time = 216.3008s
Epoch = [ 23/ 50] Iter = [3100/4651] Loss = 0.07619 Full = 0.07619 BBox = 0 Boxes = 0 Time = 217.1063s
Epoch = [ 23/ 50] Iter = [3200/4651] Loss = 0.09193 Full = 0.09193 BBox = 0 Boxes = 0 Time = 217.4848s
Epoch = [ 23/ 50] Iter = [3300/4651] Loss = 0.1225 Full = 0.1225 BBox = 0 Boxes = 0 Time = 216.8632s
Epoch = [ 23/ 50] Iter = [3400/4651] Loss = 0.08641 Full = 0.08641 BBox = 0 Boxes = 0 Time = 220.8660s
Epoch = [ 23/ 50] Iter = [3500/4651] Loss = 0.06828 Full = 0.06828 BBox = 0 Boxes = 0 Time = 217.2004s
Epoch = [ 23/ 50] Iter = [3600/4651] Loss = 0.07648 Full = 0.07648 BBox = 0 Boxes = 0 Time = 216.4013s
Epoch = [ 23/ 50] Iter = [3700/4651] Loss = 0.06623 Full = 0.06623 BBox = 0 Boxes = 0 Time = 217.0967s
Epoch = [ 23/ 50] Iter = [3800/4651] Loss = 0.03239 Full = 0.03239 BBox = 0 Boxes = 0 Time = 216.9669s
Epoch = [ 23/ 50] Iter = [3900/4651] Loss = 0.08164 Full = 0.08164 BBox = 0 Boxes = 0 Time = 217.4325s
Epoch = [ 23/ 50] Iter = [4000/4651] Loss = 0.09569 Full = 0.08859 BBox = 0.02369 Boxes = 1 Time = 216.4241s
Epoch = [ 23/ 50] Iter = [4100/4651] Loss = 0.06758 Full = 0.0548 BBox = 0.04262 Boxes = 2 Time = 215.8133s
Epoch = [ 23/ 50] Iter = [4200/4651] Loss = 0.105 Full = 0.06557 BBox = 0.1313 Boxes = 1 Time = 219.2326s
Epoch = [ 23/ 50] Iter = [4300/4651] Loss = 0.1136 Full = 0.1136 BBox = 0 Boxes = 0 Time = 217.2576s
Epoch = [ 23/ 50] Iter = [4400/4651] Loss = 0.09469 Full = 0.09469 BBox = 0 Boxes = 0 Time = 216.5118s
Epoch = [ 23/ 50] Iter = [4500/4651] Loss = 0.2269 Full = 0.1668 BBox = 0.2003 Boxes = 1 Time = 216.5563s
Epoch = [ 23/ 50] Iter = [4600/4651] Loss = 0.08929 Full = 0.08929 BBox = 0 Boxes = 0 Time = 221.1671s
Epoch = [  23/  50] Train = 0.09619 TrainFull = 0.08757 TrainBBox = 0.07326 ValFull = 0.09059 ValBBox = 0.05953 ValObjective = 0.1084 ValSSIMFull = 0.9094 ValSSIMBBox = 0.9405 TrainAnnotatedSlices = 1824 TrainBoxes = 2593 ValAnnotatedSlices = 110 ValBoxes = 161 ValFullSlices = 791 LR = 6e-05 NextLR = 6e-05 TrainTime = 10114.3990s ValTime = 326.7500s
  Official validation by acceleration | full={'acc4': 0.9222352690720148, 'acc8': 0.8965851468965411} bbox={'acc4': 0.945322177677511, 'acc8': 0.9356134324162094}
Epoch #24 ............... promptmr8_metric_aligned_50ep_v1 ............... LR=6e-05
  mask-aug p = 0.995
  mr-aug   p = 0.000
Epoch = [ 24/ 50] Iter = [   0/4651] Loss = 0.09429 Full = 0.06719 BBox = 0.09032 Boxes = 1 Time = 2.1845s
Epoch = [ 24/ 50] Iter = [ 100/4651] Loss = 0.07478 Full = 0.07478 BBox = 0 Boxes = 0 Time = 216.1931s
Epoch = [ 24/ 50] Iter = [ 200/4651] Loss = 0.1645 Full = 0.1645 BBox = 0 Boxes = 0 Time = 221.5185s
Epoch = [ 24/ 50] Iter = [ 300/4651] Loss = 0.05573 Full = 0.05573 BBox = 0 Boxes = 0 Time = 217.7754s
Epoch = [ 24/ 50] Iter = [ 400/4651] Loss = 0.1633 Full = 0.1161 BBox = 0.1572 Boxes = 1 Time = 216.0053s
Epoch = [ 24/ 50] Iter = [ 500/4651] Loss = 0.05901 Full = 0.05901 BBox = 0 Boxes = 0 Time = 216.2454s
Epoch = [ 24/ 50] Iter = [ 600/4651] Loss = 0.1099 Full = 0.1099 BBox = 0 Boxes = 0 Time = 220.7333s
Epoch = [ 24/ 50] Iter = [ 700/4651] Loss = 0.06376 Full = 0.0542 BBox = 0.03187 Boxes = 2 Time = 221.4238s
Epoch = [ 24/ 50] Iter = [ 800/4651] Loss = 0.1073 Full = 0.08369 BBox = 0.07868 Boxes = 5 Time = 216.4263s
Epoch = [ 24/ 50] Iter = [ 900/4651] Loss = 0.05307 Full = 0.05307 BBox = 0 Boxes = 0 Time = 217.4534s
Epoch = [ 24/ 50] Iter = [1000/4651] Loss = 0.07103 Full = 0.07103 BBox = 0 Boxes = 0 Time = 216.6662s
Epoch = [ 24/ 50] Iter = [1100/4651] Loss = 0.05817 Full = 0.05817 BBox = 0 Boxes = 0 Time = 217.1102s
Epoch = [ 24/ 50] Iter = [1200/4651] Loss = 0.06659 Full = 0.06659 BBox = 0 Boxes = 0 Time = 216.5615s
Epoch = [ 24/ 50] Iter = [1300/4651] Loss = 0.06434 Full = 0.06434 BBox = 0 Boxes = 0 Time = 216.8201s
Epoch = [ 24/ 50] Iter = [1400/4651] Loss = 0.07215 Full = 0.07215 BBox = 0 Boxes = 0 Time = 217.1313s
Epoch = [ 24/ 50] Iter = [1500/4651] Loss = 0.09522 Full = 0.09522 BBox = 0 Boxes = 0 Time = 217.0445s
Epoch = [ 24/ 50] Iter = [1600/4651] Loss = 0.1916 Full = 0.1544 BBox = 0.1239 Boxes = 1 Time = 219.5075s
Epoch = [ 24/ 50] Iter = [1700/4651] Loss = 0.09172 Full = 0.06908 BBox = 0.07547 Boxes = 1 Time = 221.7596s
Epoch = [ 24/ 50] Iter = [1800/4651] Loss = 0.2615 Full = 0.2021 BBox = 0.1981 Boxes = 1 Time = 221.6745s
Epoch = [ 24/ 50] Iter = [1900/4651] Loss = 0.1057 Full = 0.1057 BBox = 0 Boxes = 0 Time = 222.2313s
Epoch = [ 24/ 50] Iter = [2000/4651] Loss = 0.06239 Full = 0.05141 BBox = 0.0366 Boxes = 1 Time = 222.5691s
Epoch = [ 24/ 50] Iter = [2100/4651] Loss = 0.04417 Full = 0.03458 BBox = 0.03195 Boxes = 1 Time = 222.3405s
Epoch = [ 24/ 50] Iter = [2200/4651] Loss = 0.09144 Full = 0.09144 BBox = 0 Boxes = 0 Time = 222.7128s
Epoch = [ 24/ 50] Iter = [2300/4651] Loss = 0.06722 Full = 0.06722 BBox = 0 Boxes = 0 Time = 222.3907s
Epoch = [ 24/ 50] Iter = [2400/4651] Loss = 0.05535 Full = 0.04223 BBox = 0.04371 Boxes = 1 Time = 221.6882s
Epoch = [ 24/ 50] Iter = [2500/4651] Loss = 0.03965 Full = 0.03965 BBox = 0 Boxes = 0 Time = 222.1244s
Epoch = [ 24/ 50] Iter = [2600/4651] Loss = 0.06724 Full = 0.06724 BBox = 0 Boxes = 0 Time = 222.6529s
Epoch = [ 24/ 50] Iter = [2700/4651] Loss = 0.1465 Full = 0.1167 BBox = 0.09908 Boxes = 2 Time = 222.3774s
Epoch = [ 24/ 50] Iter = [2800/4651] Loss = 0.0849 Full = 0.06675 BBox = 0.06052 Boxes = 2 Time = 222.3347s
Epoch = [ 24/ 50] Iter = [2900/4651] Loss = 0.08023 Full = 0.08023 BBox = 0 Boxes = 0 Time = 221.8453s
Epoch = [ 24/ 50] Iter = [3000/4651] Loss = 0.09771 Full = 0.09771 BBox = 0 Boxes = 0 Time = 221.3278s
Epoch = [ 24/ 50] Iter = [3100/4651] Loss = 0.1664 Full = 0.1664 BBox = 0 Boxes = 0 Time = 221.7679s
Epoch = [ 24/ 50] Iter = [3200/4651] Loss = 0.1502 Full = 0.1502 BBox = 0 Boxes = 0 Time = 222.6596s
Epoch = [ 24/ 50] Iter = [3300/4651] Loss = 0.08558 Full = 0.06419 BBox = 0.07131 Boxes = 2 Time = 221.9110s
Epoch = [ 24/ 50] Iter = [3400/4651] Loss = 0.0907 Full = 0.0907 BBox = 0 Boxes = 0 Time = 222.2965s
Epoch = [ 24/ 50] Iter = [3500/4651] Loss = 0.07169 Full = 0.07169 BBox = 0 Boxes = 0 Time = 221.4792s
Epoch = [ 24/ 50] Iter = [3600/4651] Loss = 0.1087 Full = 0.0901 BBox = 0.06205 Boxes = 2 Time = 222.5837s
Epoch = [ 24/ 50] Iter = [3700/4651] Loss = 0.1044 Full = 0.1044 BBox = 0 Boxes = 0 Time = 222.4106s
Epoch = [ 24/ 50] Iter = [3800/4651] Loss = 0.09016 Full = 0.09016 BBox = 0 Boxes = 0 Time = 222.6062s
Epoch = [ 24/ 50] Iter = [3900/4651] Loss = 0.03853 Full = 0.03853 BBox = 0 Boxes = 0 Time = 221.4517s
Epoch = [ 24/ 50] Iter = [4000/4651] Loss = 0.09626 Full = 0.09626 BBox = 0 Boxes = 0 Time = 221.9799s
Epoch = [ 24/ 50] Iter = [4100/4651] Loss = 0.05518 Full = 0.04506 BBox = 0.03376 Boxes = 2 Time = 222.9291s
Epoch = [ 24/ 50] Iter = [4200/4651] Loss = 0.1281 Full = 0.1281 BBox = 0 Boxes = 0 Time = 221.1048s
Epoch = [ 24/ 50] Iter = [4300/4651] Loss = 0.1657 Full = 0.1211 BBox = 0.1488 Boxes = 2 Time = 222.8115s
Epoch = [ 24/ 50] Iter = [4400/4651] Loss = 0.07416 Full = 0.07416 BBox = 0 Boxes = 0 Time = 221.6039s
Epoch = [ 24/ 50] Iter = [4500/4651] Loss = 0.06543 Full = 0.06543 BBox = 0 Boxes = 0 Time = 222.6630s
Epoch = [ 24/ 50] Iter = [4600/4651] Loss = 0.1377 Full = 0.1074 BBox = 0.101 Boxes = 2 Time = 222.5177s
Epoch = [  24/  50] Train = 0.0963 TrainFull = 0.08766 TrainBBox = 0.07381 ValFull = 0.09049 ValBBox = 0.05915 ValObjective = 0.1082 ValSSIMFull = 0.9095 ValSSIMBBox = 0.9409 TrainAnnotatedSlices = 1824 TrainBoxes = 2593 ValAnnotatedSlices = 110 ValBoxes = 161 ValFullSlices = 791 LR = 6e-05 NextLR = 6e-05 TrainTime = 10262.4243s ValTime = 336.7146s
  Official validation by acceleration | full={'acc4': 0.9223488392056646, 'acc8': 0.8966684089973569} bbox={'acc4': 0.9452153032071122, 'acc8': 0.9364886670200913}
@@@@@@@@@@@@@@@@@@@@NewRecord@@@@@@@@@@@@@@@@@@@@
ForwardTime = 6.9185s
Epoch #25 ............... promptmr8_metric_aligned_50ep_v1 ............... LR=6e-05
  mask-aug p = 1.000
  mr-aug   p = 0.000
Epoch = [ 25/ 50] Iter = [   0/4651] Loss = 0.1709 Full = 0.1234 BBox = 0.1584 Boxes = 1 Time = 2.2412s
Epoch = [ 25/ 50] Iter = [ 100/4651] Loss = 0.1487 Full = 0.118 BBox = 0.1024 Boxes = 3 Time = 221.6939s
Epoch = [ 25/ 50] Iter = [ 200/4651] Loss = 0.05889 Full = 0.05889 BBox = 0 Boxes = 0 Time = 221.9582s
Epoch = [ 25/ 50] Iter = [ 300/4651] Loss = 0.0733 Full = 0.0584 BBox = 0.04968 Boxes = 1 Time = 225.3835s
Epoch = [ 25/ 50] Iter = [ 400/4651] Loss = 0.116 Full = 0.116 BBox = 0 Boxes = 0 Time = 223.5240s
Epoch = [ 25/ 50] Iter = [ 500/4651] Loss = 0.06682 Full = 0.06682 BBox = 0 Boxes = 0 Time = 222.5437s
Epoch = [ 25/ 50] Iter = [ 600/4651] Loss = 0.09849 Full = 0.09849 BBox = 0 Boxes = 0 Time = 221.7576s
Epoch = [ 25/ 50] Iter = [ 700/4651] Loss = 0.06824 Full = 0.06824 BBox = 0 Boxes = 0 Time = 223.5433s
Epoch = [ 25/ 50] Iter = [ 800/4651] Loss = 0.166 Full = 0.166 BBox = 0 Boxes = 0 Time = 221.7547s
Epoch = [ 25/ 50] Iter = [ 900/4651] Loss = 0.07296 Full = 0.07296 BBox = 0 Boxes = 0 Time = 222.3691s
Epoch = [ 25/ 50] Iter = [1000/4651] Loss = 0.1847 Full = 0.1568 BBox = 0.0929 Boxes = 1 Time = 221.2255s
Epoch = [ 25/ 50] Iter = [1100/4651] Loss = 0.04878 Full = 0.04878 BBox = 0 Boxes = 0 Time = 222.6629s
Epoch = [ 25/ 50] Iter = [1200/4651] Loss = 0.02916 Full = 0.02916 BBox = 0 Boxes = 0 Time = 222.9335s
Epoch = [ 25/ 50] Iter = [1300/4651] Loss = 0.06435 Full = 0.06435 BBox = 0 Boxes = 0 Time = 221.5395s
Epoch = [ 25/ 50] Iter = [1400/4651] Loss = 0.09374 Full = 0.09374 BBox = 0 Boxes = 0 Time = 221.9223s
Epoch = [ 25/ 50] Iter = [1500/4651] Loss = 0.1074 Full = 0.1074 BBox = 0 Boxes = 0 Time = 222.0774s
Epoch = [ 25/ 50] Iter = [1600/4651] Loss = 0.05441 Full = 0.05441 BBox = 0 Boxes = 0 Time = 222.1180s
Epoch = [ 25/ 50] Iter = [1700/4651] Loss = 0.07331 Full = 0.07331 BBox = 0 Boxes = 0 Time = 221.9393s
Epoch = [ 25/ 50] Iter = [1800/4651] Loss = 0.2094 Full = 0.1874 BBox = 0.07332 Boxes = 1 Time = 222.1312s
Epoch = [ 25/ 50] Iter = [1900/4651] Loss = 0.06853 Full = 0.06853 BBox = 0 Boxes = 0 Time = 222.6505s
Epoch = [ 25/ 50] Iter = [2000/4651] Loss = 0.197 Full = 0.197 BBox = 0 Boxes = 0 Time = 220.6216s
Epoch = [ 25/ 50] Iter = [2100/4651] Loss = 0.09255 Full = 0.07443 BBox = 0.06039 Boxes = 1 Time = 221.9000s
Epoch = [ 25/ 50] Iter = [2200/4651] Loss = 0.07878 Full = 0.07878 BBox = 0 Boxes = 0 Time = 221.5545s
Epoch = [ 25/ 50] Iter = [2300/4651] Loss = 0.08476 Full = 0.08476 BBox = 0 Boxes = 0 Time = 222.2889s
Epoch = [ 25/ 50] Iter = [2400/4651] Loss = 0.1085 Full = 0.1085 BBox = 0 Boxes = 0 Time = 224.0506s
Epoch = [ 25/ 50] Iter = [2500/4651] Loss = 0.1025 Full = 0.1025 BBox = 0 Boxes = 0 Time = 225.6732s
Epoch = [ 25/ 50] Iter = [2600/4651] Loss = 0.09075 Full = 0.07199 BBox = 0.06254 Boxes = 3 Time = 225.0639s
Epoch = [ 25/ 50] Iter = [2700/4651] Loss = 0.1099 Full = 0.08656 BBox = 0.07769 Boxes = 2 Time = 221.6101s
Epoch = [ 25/ 50] Iter = [2800/4651] Loss = 0.07742 Full = 0.06123 BBox = 0.05397 Boxes = 1 Time = 222.0146s
Epoch = [ 25/ 50] Iter = [2900/4651] Loss = 0.06875 Full = 0.06875 BBox = 0 Boxes = 0 Time = 221.6570s
Epoch = [ 25/ 50] Iter = [3000/4651] Loss = 0.07781 Full = 0.06415 BBox = 0.04556 Boxes = 2 Time = 221.8870s
Epoch = [ 25/ 50] Iter = [3100/4651] Loss = 0.1109 Full = 0.09426 BBox = 0.05541 Boxes = 1 Time = 228.3702s
Epoch = [ 25/ 50] Iter = [3200/4651] Loss = 0.08045 Full = 0.06248 BBox = 0.0599 Boxes = 1 Time = 222.0919s
Epoch = [ 25/ 50] Iter = [3300/4651] Loss = 0.06158 Full = 0.06158 BBox = 0 Boxes = 0 Time = 223.2113s
Epoch = [ 25/ 50] Iter = [3400/4651] Loss = 0.1182 Full = 0.1182 BBox = 0 Boxes = 0 Time = 221.9869s
Epoch = [ 25/ 50] Iter = [3500/4651] Loss = 0.1396 Full = 0.118 BBox = 0.07216 Boxes = 1 Time = 221.7488s
Epoch = [ 25/ 50] Iter = [3600/4651] Loss = 0.09257 Full = 0.0721 BBox = 0.06822 Boxes = 1 Time = 221.8880s
Epoch = [ 25/ 50] Iter = [3700/4651] Loss = 0.1142 Full = 0.1142 BBox = 0 Boxes = 0 Time = 221.4079s
Epoch = [ 25/ 50] Iter = [3800/4651] Loss = 0.09023 Full = 0.09023 BBox = 0 Boxes = 0 Time = 222.8649s
Epoch = [ 25/ 50] Iter = [3900/4651] Loss = 0.1528 Full = 0.1528 BBox = 0 Boxes = 0 Time = 221.0725s
Epoch = [ 25/ 50] Iter = [4000/4651] Loss = 0.1077 Full = 0.09499 BBox = 0.04244 Boxes = 1 Time = 222.1876s
Epoch = [ 25/ 50] Iter = [4100/4651] Loss = 0.06267 Full = 0.06267 BBox = 0 Boxes = 0 Time = 221.6012s
Epoch = [ 25/ 50] Iter = [4200/4651] Loss = 0.1047 Full = 0.1047 BBox = 0 Boxes = 0 Time = 222.9678s
Epoch = [ 25/ 50] Iter = [4300/4651] Loss = 0.09826 Full = 0.09826 BBox = 0 Boxes = 0 Time = 221.4711s
Epoch = [ 25/ 50] Iter = [4400/4651] Loss = 0.04996 Full = 0.04996 BBox = 0 Boxes = 0 Time = 222.2559s
Epoch = [ 25/ 50] Iter = [4500/4651] Loss = 0.1203 Full = 0.1203 BBox = 0 Boxes = 0 Time = 221.9878s
Epoch = [ 25/ 50] Iter = [4600/4651] Loss = 0.09792 Full = 0.09792 BBox = 0 Boxes = 0 Time = 224.4782s
Epoch = [  25/  50] Train = 0.09579 TrainFull = 0.08725 TrainBBox = 0.07262 ValFull = 0.09037 ValBBox = 0.05915 ValObjective = 0.1081 ValSSIMFull = 0.9096 ValSSIMBBox = 0.9409 TrainAnnotatedSlices = 1824 TrainBoxes = 2593 ValAnnotatedSlices = 110 ValBoxes = 161 ValFullSlices = 791 LR = 6e-05 NextLR = 6e-05 TrainTime = 10349.0179s ValTime = 341.0272s
  Official validation by acceleration | full={'acc4': 0.9223760716452353, 'acc8': 0.8968753167428076} bbox={'acc4': 0.9452205706979627, 'acc8': 0.9364798952032019}
@@@@@@@@@@@@@@@@@@@@NewRecord@@@@@@@@@@@@@@@@@@@@
ForwardTime = 6.9362s
Epoch #26 ............... promptmr8_metric_aligned_50ep_v1 ............... LR=6e-05
  mask-aug p = 1.000
  mr-aug   p = 0.000
Epoch = [ 26/ 50] Iter = [   0/4651] Loss = 0.05718 Full = 0.05718 BBox = 0 Boxes = 0 Time = 2.7306s
Epoch = [ 26/ 50] Iter = [ 100/4651] Loss = 0.09635 Full = 0.09635 BBox = 0 Boxes = 0 Time = 225.2907s
Epoch = [ 26/ 50] Iter = [ 200/4651] Loss = 0.03878 Full = 0.03878 BBox = 0 Boxes = 0 Time = 223.8718s
Epoch = [ 26/ 50] Iter = [ 300/4651] Loss = 0.15 Full = 0.15 BBox = 0 Boxes = 0 Time = 221.2116s
Epoch = [ 26/ 50] Iter = [ 400/4651] Loss = 0.1037 Full = 0.07743 BBox = 0.0877 Boxes = 1 Time = 220.7629s
Epoch = [ 26/ 50] Iter = [ 500/4651] Loss = 0.0879 Full = 0.0879 BBox = 0 Boxes = 0 Time = 221.8376s
Epoch = [ 26/ 50] Iter = [ 600/4651] Loss = 0.06265 Full = 0.05085 BBox = 0.03934 Boxes = 1 Time = 223.3446s
Epoch = [ 26/ 50] Iter = [ 700/4651] Loss = 0.1743 Full = 0.1442 BBox = 0.1003 Boxes = 1 Time = 226.9127s
Epoch = [ 26/ 50] Iter = [ 800/4651] Loss = 0.1752 Full = 0.1752 BBox = 0 Boxes = 0 Time = 222.0069s
Epoch = [ 26/ 50] Iter = [ 900/4651] Loss = 0.06108 Full = 0.06108 BBox = 0 Boxes = 0 Time = 222.1823s
Epoch = [ 26/ 50] Iter = [1000/4651] Loss = 0.09437 Full = 0.09437 BBox = 0 Boxes = 0 Time = 221.1134s
Epoch = [ 26/ 50] Iter = [1100/4651] Loss = 0.1817 Full = 0.157 BBox = 0.08216 Boxes = 1 Time = 222.2047s
Epoch = [ 26/ 50] Iter = [1200/4651] Loss = 0.09897 Full = 0.09897 BBox = 0 Boxes = 0 Time = 224.3970s
Epoch = [ 26/ 50] Iter = [1300/4651] Loss = 0.02677 Full = 0.02677 BBox = 0 Boxes = 0 Time = 226.3266s
Epoch = [ 26/ 50] Iter = [1400/4651] Loss = 0.2316 Full = 0.1682 BBox = 0.2115 Boxes = 2 Time = 222.4584s
Epoch = [ 26/ 50] Iter = [1500/4651] Loss = 0.04271 Full = 0.03311 BBox = 0.032 Boxes = 1 Time = 221.5549s
Epoch = [ 26/ 50] Iter = [1600/4651] Loss = 0.0894 Full = 0.0894 BBox = 0 Boxes = 0 Time = 222.1154s
Epoch = [ 26/ 50] Iter = [1700/4651] Loss = 0.08175 Full = 0.08175 BBox = 0 Boxes = 0 Time = 221.1575s
Epoch = [ 26/ 50] Iter = [1800/4651] Loss = 0.06914 Full = 0.06914 BBox = 0 Boxes = 0 Time = 222.1701s
Epoch = [ 26/ 50] Iter = [1900/4651] Loss = 0.08646 Full = 0.08646 BBox = 0 Boxes = 0 Time = 227.7320s
Epoch = [ 26/ 50] Iter = [2000/4651] Loss = 0.02749 Full = 0.02749 BBox = 0 Boxes = 0 Time = 222.0473s
Epoch = [ 26/ 50] Iter = [2100/4651] Loss = 0.09939 Full = 0.07949 BBox = 0.06633 Boxes = 2 Time = 221.9141s
Epoch = [ 26/ 50] Iter = [2200/4651] Loss = 0.02751 Full = 0.02337 BBox = 0.01379 Boxes = 1 Time = 222.4087s
Epoch = [ 26/ 50] Iter = [2300/4651] Loss = 0.07064 Full = 0.07064 BBox = 0 Boxes = 0 Time = 221.8645s
Epoch = [ 26/ 50] Iter = [2400/4651] Loss = 0.155 Full = 0.1245 BBox = 0.1015 Boxes = 1 Time = 222.4801s
Epoch = [ 26/ 50] Iter = [2500/4651] Loss = 0.05545 Full = 0.0459 BBox = 0.03185 Boxes = 1 Time = 220.8052s
Epoch = [ 26/ 50] Iter = [2600/4651] Loss = 0.0839 Full = 0.0839 BBox = 0 Boxes = 0 Time = 222.6915s
Epoch = [ 26/ 50] Iter = [2700/4651] Loss = 0.05697 Full = 0.05697 BBox = 0 Boxes = 0 Time = 223.3826s
Epoch = [ 26/ 50] Iter = [2800/4651] Loss = 0.09314 Full = 0.07356 BBox = 0.06525 Boxes = 1 Time = 221.1196s
Epoch = [ 26/ 50] Iter = [2900/4651] Loss = 0.06992 Full = 0.06992 BBox = 0 Boxes = 0 Time = 222.9115s
Epoch = [ 26/ 50] Iter = [3000/4651] Loss = 0.07256 Full = 0.07256 BBox = 0 Boxes = 0 Time = 221.9361s
Epoch = [ 26/ 50] Iter = [3100/4651] Loss = 0.1119 Full = 0.1018 BBox = 0.0335 Boxes = 1 Time = 221.9118s
Epoch = [ 26/ 50] Iter = [3200/4651] Loss = 0.0819 Full = 0.0819 BBox = 0 Boxes = 0 Time = 221.2000s
Epoch = [ 26/ 50] Iter = [3300/4651] Loss = 0.0885 Full = 0.0885 BBox = 0 Boxes = 0 Time = 217.3164s
Epoch = [ 26/ 50] Iter = [3400/4651] Loss = 0.1894 Full = 0.1614 BBox = 0.09337 Boxes = 1 Time = 215.9254s
Epoch = [ 26/ 50] Iter = [3500/4651] Loss = 0.08247 Full = 0.06362 BBox = 0.06283 Boxes = 2 Time = 216.7506s
Epoch = [ 26/ 50] Iter = [3600/4651] Loss = 0.06926 Full = 0.05243 BBox = 0.0561 Boxes = 2 Time = 216.2656s
Epoch = [ 26/ 50] Iter = [3700/4651] Loss = 0.0493 Full = 0.0493 BBox = 0 Boxes = 0 Time = 215.0806s
Epoch = [ 26/ 50] Iter = [3800/4651] Loss = 0.19 Full = 0.1567 BBox = 0.1109 Boxes = 2 Time = 216.7870s
Epoch = [ 26/ 50] Iter = [3900/4651] Loss = 0.05449 Full = 0.05449 BBox = 0 Boxes = 0 Time = 216.2366s
Epoch = [ 26/ 50] Iter = [4000/4651] Loss = 0.06858 Full = 0.05213 BBox = 0.05484 Boxes = 1 Time = 217.4290s
Epoch = [ 26/ 50] Iter = [4100/4651] Loss = 0.08085 Full = 0.05855 BBox = 0.07434 Boxes = 2 Time = 216.6614s
Epoch = [ 26/ 50] Iter = [4200/4651] Loss = 0.1412 Full = 0.1412 BBox = 0 Boxes = 0 Time = 216.0231s
Epoch = [ 26/ 50] Iter = [4300/4651] Loss = 0.07249 Full = 0.06192 BBox = 0.03524 Boxes = 2 Time = 216.8881s
Epoch = [ 26/ 50] Iter = [4400/4651] Loss = 0.1057 Full = 0.1057 BBox = 0 Boxes = 0 Time = 215.2041s
Epoch = [ 26/ 50] Iter = [4500/4651] Loss = 0.06144 Full = 0.06144 BBox = 0 Boxes = 0 Time = 215.5707s
Epoch = [ 26/ 50] Iter = [4600/4651] Loss = 0.06482 Full = 0.04712 BBox = 0.05897 Boxes = 1 Time = 215.9895s
Epoch = [  26/  50] Train = 0.09634 TrainFull = 0.08775 TrainBBox = 0.07307 ValFull = 0.0903 ValBBox = 0.05898 ValObjective = 0.108 ValSSIMFull = 0.9097 ValSSIMBBox = 0.9410 TrainAnnotatedSlices = 1824 TrainBoxes = 2593 ValAnnotatedSlices = 110 ValBoxes = 161 ValFullSlices = 791 LR = 6e-05 NextLR = 1.8e-05 TrainTime = 10267.1051s ValTime = 329.3706s
  Official validation by acceleration | full={'acc4': 0.9224235582410264, 'acc8': 0.8969665630720556} bbox={'acc4': 0.9453092746645491, 'acc8': 0.9367238360422628}
@@@@@@@@@@@@@@@@@@@@NewRecord@@@@@@@@@@@@@@@@@@@@
ForwardTime = 6.8972s
Epoch #27 ............... promptmr8_metric_aligned_50ep_v1 ............... LR=1.8e-05
  mask-aug p = 1.000
  mr-aug   p = 0.000
Epoch = [ 27/ 50] Iter = [   0/4651] Loss = 0.07116 Full = 0.07116 BBox = 0 Boxes = 0 Time = 2.1499s
Epoch = [ 27/ 50] Iter = [ 100/4651] Loss = 0.126 Full = 0.09685 BBox = 0.09722 Boxes = 2 Time = 216.2717s
Epoch = [ 27/ 50] Iter = [ 200/4651] Loss = 0.1057 Full = 0.1057 BBox = 0 Boxes = 0 Time = 217.0047s
Epoch = [ 27/ 50] Iter = [ 300/4651] Loss = 0.01865 Full = 0.01442 BBox = 0.01411 Boxes = 2 Time = 216.4690s
Epoch = [ 27/ 50] Iter = [ 400/4651] Loss = 0.06912 Full = 0.05628 BBox = 0.04281 Boxes = 2 Time = 216.8345s
Epoch = [ 27/ 50] Iter = [ 500/4651] Loss = 0.1066 Full = 0.1066 BBox = 0 Boxes = 0 Time = 221.0970s
Epoch = [ 27/ 50] Iter = [ 600/4651] Loss = 0.1137 Full = 0.08885 BBox = 0.08273 Boxes = 1 Time = 215.9064s
Epoch = [ 27/ 50] Iter = [ 700/4651] Loss = 0.06027 Full = 0.05132 BBox = 0.02982 Boxes = 1 Time = 215.6095s
Epoch = [ 27/ 50] Iter = [ 800/4651] Loss = 0.05941 Full = 0.05941 BBox = 0 Boxes = 0 Time = 216.3522s
Epoch = [ 27/ 50] Iter = [ 900/4651] Loss = 0.1871 Full = 0.1421 BBox = 0.15 Boxes = 1 Time = 215.4901s
Epoch = [ 27/ 50] Iter = [1000/4651] Loss = 0.09187 Full = 0.09187 BBox = 0 Boxes = 0 Time = 215.9615s
Epoch = [ 27/ 50] Iter = [1100/4651] Loss = 0.09097 Full = 0.09097 BBox = 0 Boxes = 0 Time = 216.7383s
Epoch = [ 27/ 50] Iter = [1200/4651] Loss = 0.0724 Full = 0.0724 BBox = 0 Boxes = 0 Time = 215.8951s
Epoch = [ 27/ 50] Iter = [1300/4651] Loss = 0.05756 Full = 0.04437 BBox = 0.04395 Boxes = 1 Time = 216.8769s
Epoch = [ 27/ 50] Iter = [1400/4651] Loss = 0.06921 Full = 0.05314 BBox = 0.05358 Boxes = 1 Time = 217.2786s
Epoch = [ 27/ 50] Iter = [1500/4651] Loss = 0.06197 Full = 0.06197 BBox = 0 Boxes = 0 Time = 216.9770s
Epoch = [ 27/ 50] Iter = [1600/4651] Loss = 0.0881 Full = 0.0881 BBox = 0 Boxes = 0 Time = 215.6605s
Epoch = [ 27/ 50] Iter = [1700/4651] Loss = 0.03101 Full = 0.03101 BBox = 0 Boxes = 0 Time = 215.2593s
Epoch = [ 27/ 50] Iter = [1800/4651] Loss = 0.1186 Full = 0.1186 BBox = 0 Boxes = 0 Time = 216.6103s
Epoch = [ 27/ 50] Iter = [1900/4651] Loss = 0.09517 Full = 0.09517 BBox = 0 Boxes = 0 Time = 215.7882s
Epoch = [ 27/ 50] Iter = [2000/4651] Loss = 0.1014 Full = 0.1014 BBox = 0 Boxes = 0 Time = 216.7058s
Epoch = [ 27/ 50] Iter = [2100/4651] Loss = 0.06626 Full = 0.06626 BBox = 0 Boxes = 0 Time = 221.2799s
Epoch = [ 27/ 50] Iter = [2200/4651] Loss = 0.06545 Full = 0.06545 BBox = 0 Boxes = 0 Time = 216.5829s
Epoch = [ 27/ 50] Iter = [2300/4651] Loss = 0.03137 Full = 0.03137 BBox = 0 Boxes = 0 Time = 222.7827s
Epoch = [ 27/ 50] Iter = [2400/4651] Loss = 0.1186 Full = 0.1186 BBox = 0 Boxes = 0 Time = 221.5822s
Epoch = [ 27/ 50] Iter = [2500/4651] Loss = 0.1131 Full = 0.1131 BBox = 0 Boxes = 0 Time = 216.8835s
Epoch = [ 27/ 50] Iter = [2600/4651] Loss = 0.04256 Full = 0.04256 BBox = 0 Boxes = 0 Time = 214.3847s
Epoch = [ 27/ 50] Iter = [2700/4651] Loss = 0.1373 Full = 0.09693 BBox = 0.1347 Boxes = 1 Time = 215.8964s
Epoch = [ 27/ 50] Iter = [2800/4651] Loss = 0.1219 Full = 0.09642 BBox = 0.08497 Boxes = 1 Time = 218.2631s
Epoch = [ 27/ 50] Iter = [2900/4651] Loss = 0.166 Full = 0.112 BBox = 0.1798 Boxes = 1 Time = 216.9737s
Epoch = [ 27/ 50] Iter = [3000/4651] Loss = 0.09392 Full = 0.09392 BBox = 0 Boxes = 0 Time = 216.4218s
Epoch = [ 27/ 50] Iter = [3100/4651] Loss = 0.04796 Full = 0.03611 BBox = 0.03949 Boxes = 2 Time = 216.8262s
Epoch = [ 27/ 50] Iter = [3200/4651] Loss = 0.09158 Full = 0.06946 BBox = 0.07372 Boxes = 1 Time = 216.4791s
Epoch = [ 27/ 50] Iter = [3300/4651] Loss = 0.05994 Full = 0.05994 BBox = 0 Boxes = 0 Time = 215.6697s
Epoch = [ 27/ 50] Iter = [3400/4651] Loss = 0.06936 Full = 0.06936 BBox = 0 Boxes = 0 Time = 215.8031s
Epoch = [ 27/ 50] Iter = [3500/4651] Loss = 0.03281 Full = 0.02533 BBox = 0.02494 Boxes = 2 Time = 217.3394s
Epoch = [ 27/ 50] Iter = [3600/4651] Loss = 0.1556 Full = 0.1203 BBox = 0.1175 Boxes = 1 Time = 216.3282s
Epoch = [ 27/ 50] Iter = [3700/4651] Loss = 0.162 Full = 0.1351 BBox = 0.08964 Boxes = 1 Time = 215.9970s
Epoch = [ 27/ 50] Iter = [3800/4651] Loss = 0.09214 Full = 0.07584 BBox = 0.05433 Boxes = 1 Time = 222.0260s
Epoch = [ 27/ 50] Iter = [3900/4651] Loss = 0.131 Full = 0.1078 BBox = 0.07737 Boxes = 2 Time = 216.7833s
Epoch = [ 27/ 50] Iter = [4000/4651] Loss = 0.05512 Full = 0.04273 BBox = 0.04128 Boxes = 2 Time = 216.4089s
Epoch = [ 27/ 50] Iter = [4100/4651] Loss = 0.1264 Full = 0.1264 BBox = 0 Boxes = 0 Time = 216.5923s
Epoch = [ 27/ 50] Iter = [4200/4651] Loss = 0.03968 Full = 0.02938 BBox = 0.03432 Boxes = 4 Time = 217.0387s
Epoch = [ 27/ 50] Iter = [4300/4651] Loss = 0.08231 Full = 0.08231 BBox = 0 Boxes = 0 Time = 216.0771s
Epoch = [ 27/ 50] Iter = [4400/4651] Loss = 0.05396 Full = 0.05396 BBox = 0 Boxes = 0 Time = 215.8820s
Epoch = [ 27/ 50] Iter = [4500/4651] Loss = 0.09415 Full = 0.07336 BBox = 0.06929 Boxes = 1 Time = 216.3429s
Epoch = [ 27/ 50] Iter = [4600/4651] Loss = 0.06814 Full = 0.06814 BBox = 0 Boxes = 0 Time = 221.3831s
Epoch = [  27/  50] Train = 0.0954 TrainFull = 0.08697 TrainBBox = 0.07179 ValFull = 0.09012 ValBBox = 0.05921 ValObjective = 0.1079 ValSSIMFull = 0.9099 ValSSIMBBox = 0.9408 TrainAnnotatedSlices = 1824 TrainBoxes = 2593 ValAnnotatedSlices = 110 ValBoxes = 161 ValFullSlices = 791 LR = 1.8e-05 NextLR = 1.8e-05 TrainTime = 10095.4209s ValTime = 331.9913s
  Official validation by acceleration | full={'acc4': 0.9225667754613797, 'acc8': 0.8971984976281723} bbox={'acc4': 0.9456507379763595, 'acc8': 0.935923801528083}
@@@@@@@@@@@@@@@@@@@@NewRecord@@@@@@@@@@@@@@@@@@@@
ForwardTime = 7.0361s
Epoch #28 ............... promptmr8_metric_aligned_50ep_v1 ............... LR=1.8e-05
  mask-aug p = 1.000
  mr-aug   p = 0.000
Epoch = [ 28/ 50] Iter = [   0/4651] Loss = 0.06744 Full = 0.06744 BBox = 0 Boxes = 0 Time = 2.2848s
Epoch = [ 28/ 50] Iter = [ 100/4651] Loss = 0.08674 Full = 0.08674 BBox = 0 Boxes = 0 Time = 215.9981s
Epoch = [ 28/ 50] Iter = [ 200/4651] Loss = 0.04934 Full = 0.03728 BBox = 0.04018 Boxes = 1 Time = 217.8413s
Epoch = [ 28/ 50] Iter = [ 300/4651] Loss = 0.07202 Full = 0.07202 BBox = 0 Boxes = 0 Time = 222.6458s
Epoch = [ 28/ 50] Iter = [ 400/4651] Loss = 0.0811 Full = 0.0811 BBox = 0 Boxes = 0 Time = 216.3163s
Epoch = [ 28/ 50] Iter = [ 500/4651] Loss = 0.1018 Full = 0.1018 BBox = 0 Boxes = 0 Time = 217.2308s
Epoch = [ 28/ 50] Iter = [ 600/4651] Loss = 0.09042 Full = 0.09042 BBox = 0 Boxes = 0 Time = 215.1696s
Epoch = [ 28/ 50] Iter = [ 700/4651] Loss = 0.05647 Full = 0.05647 BBox = 0 Boxes = 0 Time = 214.5673s
Epoch = [ 28/ 50] Iter = [ 800/4651] Loss = 0.2194 Full = 0.2194 BBox = 0 Boxes = 0 Time = 216.5736s
Epoch = [ 28/ 50] Iter = [ 900/4651] Loss = 0.08294 Full = 0.0607 BBox = 0.07412 Boxes = 2 Time = 216.8480s
Epoch = [ 28/ 50] Iter = [1000/4651] Loss = 0.04777 Full = 0.04777 BBox = 0 Boxes = 0 Time = 217.1706s
Epoch = [ 28/ 50] Iter = [1100/4651] Loss = 0.09005 Full = 0.08307 BBox = 0.02326 Boxes = 1 Time = 216.8084s
Epoch = [ 28/ 50] Iter = [1200/4651] Loss = 0.1387 Full = 0.1028 BBox = 0.1195 Boxes = 1 Time = 216.7256s
Epoch = [ 28/ 50] Iter = [1300/4651] Loss = 0.1039 Full = 0.1039 BBox = 0 Boxes = 0 Time = 216.2565s
Epoch = [ 28/ 50] Iter = [1400/4651] Loss = 0.1552 Full = 0.1176 BBox = 0.1253 Boxes = 1 Time = 216.7553s
Epoch = [ 28/ 50] Iter = [1500/4651] Loss = 0.2327 Full = 0.1884 BBox = 0.1479 Boxes = 1 Time = 216.5741s
Epoch = [ 28/ 50] Iter = [1600/4651] Loss = 0.1707 Full = 0.1707 BBox = 0 Boxes = 0 Time = 216.4247s
Epoch = [ 28/ 50] Iter = [1700/4651] Loss = 0.09968 Full = 0.09968 BBox = 0 Boxes = 0 Time = 215.3408s
Epoch = [ 28/ 50] Iter = [1800/4651] Loss = 0.02433 Full = 0.02433 BBox = 0 Boxes = 0 Time = 216.3323s
Epoch = [ 28/ 50] Iter = [1900/4651] Loss = 0.06045 Full = 0.06045 BBox = 0 Boxes = 0 Time = 215.6625s
Epoch = [ 28/ 50] Iter = [2000/4651] Loss = 0.09377 Full = 0.09377 BBox = 0 Boxes = 0 Time = 215.8201s
Epoch = [ 28/ 50] Iter = [2100/4651] Loss = 0.1134 Full = 0.09642 BBox = 0.05654 Boxes = 1 Time = 216.8746s
Epoch = [ 28/ 50] Iter = [2200/4651] Loss = 0.1771 Full = 0.1771 BBox = 0 Boxes = 0 Time = 216.1336s
Epoch = [ 28/ 50] Iter = [2300/4651] Loss = 0.1242 Full = 0.09473 BBox = 0.09837 Boxes = 1 Time = 216.0050s
Epoch = [ 28/ 50] Iter = [2400/4651] Loss = 0.08533 Full = 0.07812 BBox = 0.02402 Boxes = 1 Time = 215.0809s
Epoch = [ 28/ 50] Iter = [2500/4651] Loss = 0.0779 Full = 0.0779 BBox = 0 Boxes = 0 Time = 215.6795s
Epoch = [ 28/ 50] Iter = [2600/4651] Loss = 0.09915 Full = 0.09915 BBox = 0 Boxes = 0 Time = 216.6435s
Epoch = [ 28/ 50] Iter = [2700/4651] Loss = 0.112 Full = 0.112 BBox = 0 Boxes = 0 Time = 215.1524s
Epoch = [ 28/ 50] Iter = [2800/4651] Loss = 0.06187 Full = 0.04898 BBox = 0.04294 Boxes = 2 Time = 215.9590s
Epoch = [ 28/ 50] Iter = [2900/4651] Loss = 0.1261 Full = 0.09084 BBox = 0.1175 Boxes = 2 Time = 216.6949s
Epoch = [ 28/ 50] Iter = [3000/4651] Loss = 0.0778 Full = 0.06023 BBox = 0.05858 Boxes = 1 Time = 215.8008s
Epoch = [ 28/ 50] Iter = [3100/4651] Loss = 0.1206 Full = 0.08743 BBox = 0.1104 Boxes = 1 Time = 216.6027s
Epoch = [ 28/ 50] Iter = [3200/4651] Loss = 0.09715 Full = 0.09715 BBox = 0 Boxes = 0 Time = 216.6593s
Epoch = [ 28/ 50] Iter = [3300/4651] Loss = 0.1318 Full = 0.1318 BBox = 0 Boxes = 0 Time = 217.0078s
Epoch = [ 28/ 50] Iter = [3400/4651] Loss = 0.0208 Full = 0.0208 BBox = 0 Boxes = 0 Time = 215.8090s
Epoch = [ 28/ 50] Iter = [3500/4651] Loss = 0.06073 Full = 0.04408 BBox = 0.05549 Boxes = 1 Time = 214.8239s
Epoch = [ 28/ 50] Iter = [3600/4651] Loss = 0.1229 Full = 0.09101 BBox = 0.1062 Boxes = 1 Time = 216.7667s
Epoch = [ 28/ 50] Iter = [3700/4651] Loss = 0.0611 Full = 0.0611 BBox = 0 Boxes = 0 Time = 216.2094s
Epoch = [ 28/ 50] Iter = [3800/4651] Loss = 0.09047 Full = 0.09047 BBox = 0 Boxes = 0 Time = 216.1503s
Epoch = [ 28/ 50] Iter = [3900/4651] Loss = 0.1524 Full = 0.1524 BBox = 0 Boxes = 0 Time = 216.6519s
Epoch = [ 28/ 50] Iter = [4000/4651] Loss = 0.1022 Full = 0.1022 BBox = 0 Boxes = 0 Time = 215.9012s
Epoch = [ 28/ 50] Iter = [4100/4651] Loss = 0.08777 Full = 0.08777 BBox = 0 Boxes = 0 Time = 216.0608s
Epoch = [ 28/ 50] Iter = [4200/4651] Loss = 0.02902 Full = 0.02902 BBox = 0 Boxes = 0 Time = 216.8802s
Epoch = [ 28/ 50] Iter = [4300/4651] Loss = 0.07101 Full = 0.07101 BBox = 0 Boxes = 0 Time = 217.6220s
Epoch = [ 28/ 50] Iter = [4400/4651] Loss = 0.1034 Full = 0.1034 BBox = 0 Boxes = 0 Time = 216.7097s
Epoch = [ 28/ 50] Iter = [4500/4651] Loss = 0.1325 Full = 0.1046 BBox = 0.09328 Boxes = 2 Time = 216.1560s
Epoch = [ 28/ 50] Iter = [4600/4651] Loss = 0.04712 Full = 0.03851 BBox = 0.0287 Boxes = 3 Time = 216.6011s
Epoch = [  28/  50] Train = 0.09564 TrainFull = 0.08722 TrainBBox = 0.07168 ValFull = 0.0901 ValBBox = 0.05891 ValObjective = 0.1078 ValSSIMFull = 0.9099 ValSSIMBBox = 0.9411 TrainAnnotatedSlices = 1824 TrainBoxes = 2593 ValAnnotatedSlices = 110 ValBoxes = 161 ValFullSlices = 791 LR = 1.8e-05 NextLR = 1.8e-05 TrainTime = 10066.0704s ValTime = 326.1355s
  Official validation by acceleration | full={'acc4': 0.922515069969749, 'acc8': 0.8972894737186531} bbox={'acc4': 0.9455241755904439, 'acc8': 0.9366635304910166}
@@@@@@@@@@@@@@@@@@@@NewRecord@@@@@@@@@@@@@@@@@@@@
ForwardTime = 7.0575s
Epoch #29 ............... promptmr8_metric_aligned_50ep_v1 ............... LR=1.8e-05
  mask-aug p = 1.000
  mr-aug   p = 0.000
Epoch = [ 29/ 50] Iter = [   0/4651] Loss = 0.06979 Full = 0.06979 BBox = 0 Boxes = 0 Time = 2.1579s
Epoch = [ 29/ 50] Iter = [ 100/4651] Loss = 0.1922 Full = 0.1365 BBox = 0.1856 Boxes = 1 Time = 216.1930s
Epoch = [ 29/ 50] Iter = [ 200/4651] Loss = 0.1085 Full = 0.1085 BBox = 0 Boxes = 0 Time = 215.9656s
Epoch = [ 29/ 50] Iter = [ 300/4651] Loss = 0.06692 Full = 0.06692 BBox = 0 Boxes = 0 Time = 215.6332s
Epoch = [ 29/ 50] Iter = [ 400/4651] Loss = 0.02236 Full = 0.02236 BBox = 0 Boxes = 0 Time = 217.5964s
Epoch = [ 29/ 50] Iter = [ 500/4651] Loss = 0.02959 Full = 0.02959 BBox = 0 Boxes = 0 Time = 217.1647s
Epoch = [ 29/ 50] Iter = [ 600/4651] Loss = 0.1009 Full = 0.1009 BBox = 0 Boxes = 0 Time = 215.7895s
Epoch = [ 29/ 50] Iter = [ 700/4651] Loss = 0.07453 Full = 0.07453 BBox = 0 Boxes = 0 Time = 216.4239s
Epoch = [ 29/ 50] Iter = [ 800/4651] Loss = 0.07245 Full = 0.07245 BBox = 0 Boxes = 0 Time = 221.6397s
Epoch = [ 29/ 50] Iter = [ 900/4651] Loss = 0.06084 Full = 0.04382 BBox = 0.05671 Boxes = 1 Time = 216.5037s
Epoch = [ 29/ 50] Iter = [1000/4651] Loss = 0.06898 Full = 0.06898 BBox = 0 Boxes = 0 Time = 216.5680s
Epoch = [ 29/ 50] Iter = [1100/4651] Loss = 0.1712 Full = 0.1392 BBox = 0.1065 Boxes = 1 Time = 215.8677s
Epoch = [ 29/ 50] Iter = [1200/4651] Loss = 0.1069 Full = 0.1069 BBox = 0 Boxes = 0 Time = 216.5876s
Epoch = [ 29/ 50] Iter = [1300/4651] Loss = 0.1247 Full = 0.1029 BBox = 0.07267 Boxes = 2 Time = 216.4693s
Epoch = [ 29/ 50] Iter = [1400/4651] Loss = 0.04337 Full = 0.0334 BBox = 0.03323 Boxes = 2 Time = 216.9649s
Epoch = [ 29/ 50] Iter = [1500/4651] Loss = 0.07475 Full = 0.07475 BBox = 0 Boxes = 0 Time = 215.0416s
Epoch = [ 29/ 50] Iter = [1600/4651] Loss = 0.1705 Full = 0.1444 BBox = 0.08704 Boxes = 2 Time = 215.7853s
Epoch = [ 29/ 50] Iter = [1700/4651] Loss = 0.05744 Full = 0.04021 BBox = 0.05745 Boxes = 1 Time = 215.8101s
Epoch = [ 29/ 50] Iter = [1800/4651] Loss = 0.1609 Full = 0.1609 BBox = 0 Boxes = 0 Time = 216.4819s
Epoch = [ 29/ 50] Iter = [1900/4651] Loss = 0.09094 Full = 0.09094 BBox = 0 Boxes = 0 Time = 215.4651s
Epoch = [ 29/ 50] Iter = [2000/4651] Loss = 0.1597 Full = 0.1597 BBox = 0 Boxes = 0 Time = 216.4653s
Epoch = [ 29/ 50] Iter = [2100/4651] Loss = 0.1247 Full = 0.1247 BBox = 0 Boxes = 0 Time = 216.6086s
Epoch = [ 29/ 50] Iter = [2200/4651] Loss = 0.104 Full = 0.0952 BBox = 0.02917 Boxes = 1 Time = 216.9716s
Epoch = [ 29/ 50] Iter = [2300/4651] Loss = 0.08051 Full = 0.07266 BBox = 0.02616 Boxes = 1 Time = 221.1719s
Epoch = [ 29/ 50] Iter = [2400/4651] Loss = 0.2231 Full = 0.182 BBox = 0.1368 Boxes = 1 Time = 215.7849s
Epoch = [ 29/ 50] Iter = [2500/4651] Loss = 0.1029 Full = 0.1029 BBox = 0 Boxes = 0 Time = 215.7800s
Epoch = [ 29/ 50] Iter = [2600/4651] Loss = 0.1018 Full = 0.08073 BBox = 0.07033 Boxes = 4 Time = 215.9326s
Epoch = [ 29/ 50] Iter = [2700/4651] Loss = 0.07757 Full = 0.07757 BBox = 0 Boxes = 0 Time = 217.1689s
Epoch = [ 29/ 50] Iter = [2800/4651] Loss = 0.09569 Full = 0.09569 BBox = 0 Boxes = 0 Time = 215.8172s
Epoch = [ 29/ 50] Iter = [2900/4651] Loss = 0.1026 Full = 0.08122 BBox = 0.07141 Boxes = 4 Time = 216.2265s
Epoch = [ 29/ 50] Iter = [3000/4651] Loss = 0.1314 Full = 0.1314 BBox = 0 Boxes = 0 Time = 215.1610s
Epoch = [ 29/ 50] Iter = [3100/4651] Loss = 0.1026 Full = 0.07891 BBox = 0.07894 Boxes = 1 Time = 217.2607s
Epoch = [ 29/ 50] Iter = [3200/4651] Loss = 0.08612 Full = 0.06781 BBox = 0.06103 Boxes = 2 Time = 216.7532s
Epoch = [ 29/ 50] Iter = [3300/4651] Loss = 0.06051 Full = 0.06051 BBox = 0 Boxes = 0 Time = 216.8095s
Epoch = [ 29/ 50] Iter = [3400/4651] Loss = 0.04808 Full = 0.04808 BBox = 0 Boxes = 0 Time = 216.0405s
Epoch = [ 29/ 50] Iter = [3500/4651] Loss = 0.09497 Full = 0.09497 BBox = 0 Boxes = 0 Time = 215.4884s
Epoch = [ 29/ 50] Iter = [3600/4651] Loss = 0.06261 Full = 0.06261 BBox = 0 Boxes = 0 Time = 215.8701s
Epoch = [ 29/ 50] Iter = [3700/4651] Loss = 0.06131 Full = 0.05037 BBox = 0.03645 Boxes = 1 Time = 216.2135s
Epoch = [ 29/ 50] Iter = [3800/4651] Loss = 0.08711 Full = 0.07156 BBox = 0.05183 Boxes = 1 Time = 216.1493s
Epoch = [ 29/ 50] Iter = [3900/4651] Loss = 0.1898 Full = 0.1898 BBox = 0 Boxes = 0 Time = 215.3595s
Epoch = [ 29/ 50] Iter = [4000/4651] Loss = 0.07709 Full = 0.07709 BBox = 0 Boxes = 0 Time = 217.7582s
Epoch = [ 29/ 50] Iter = [4100/4651] Loss = 0.08766 Full = 0.08766 BBox = 0 Boxes = 0 Time = 216.9520s
Epoch = [ 29/ 50] Iter = [4200/4651] Loss = 0.06578 Full = 0.06578 BBox = 0 Boxes = 0 Time = 217.3639s
Epoch = [ 29/ 50] Iter = [4300/4651] Loss = 0.03306 Full = 0.03306 BBox = 0 Boxes = 0 Time = 216.3923s
Epoch = [ 29/ 50] Iter = [4400/4651] Loss = 0.05974 Full = 0.05974 BBox = 0 Boxes = 0 Time = 216.5124s
Epoch = [ 29/ 50] Iter = [4500/4651] Loss = 0.07497 Full = 0.0566 BBox = 0.06122 Boxes = 1 Time = 217.3388s
Epoch = [ 29/ 50] Iter = [4600/4651] Loss = 0.08902 Full = 0.0685 BBox = 0.0684 Boxes = 1 Time = 216.6403s
Epoch = [  29/  50] Train = 0.09549 TrainFull = 0.08707 TrainBBox = 0.07151 ValFull = 0.09008 ValBBox = 0.05868 ValObjective = 0.1077 ValSSIMFull = 0.9099 ValSSIMBBox = 0.9413 TrainAnnotatedSlices = 1824 TrainBoxes = 2593 ValAnnotatedSlices = 110 ValBoxes = 161 ValFullSlices = 791 LR = 1.8e-05 NextLR = 1.8e-05 TrainTime = 10070.9680s ValTime = 332.5673s
  Official validation by acceleration | full={'acc4': 0.9225414118544183, 'acc8': 0.8972924705594778} bbox={'acc4': 0.9456231421399339, 'acc8': 0.9370241717055992}
@@@@@@@@@@@@@@@@@@@@NewRecord@@@@@@@@@@@@@@@@@@@@
ForwardTime = 7.0067s
Epoch #30 ............... promptmr8_metric_aligned_50ep_v1 ............... LR=1.8e-05
  mask-aug p = 1.000
  mr-aug   p = 0.000
Epoch = [ 30/ 50] Iter = [   0/4651] Loss = 0.09981 Full = 0.09981 BBox = 0 Boxes = 0 Time = 2.1957s
Epoch = [ 30/ 50] Iter = [ 100/4651] Loss = 0.03613 Full = 0.03613 BBox = 0 Boxes = 0 Time = 216.8796s
Epoch = [ 30/ 50] Iter = [ 200/4651] Loss = 0.1287 Full = 0.1287 BBox = 0 Boxes = 0 Time = 215.9853s
Epoch = [ 30/ 50] Iter = [ 300/4651] Loss = 0.07302 Full = 0.06055 BBox = 0.04154 Boxes = 1 Time = 216.3029s
Epoch = [ 30/ 50] Iter = [ 400/4651] Loss = 0.09684 Full = 0.06852 BBox = 0.09438 Boxes = 1 Time = 217.0518s
Epoch = [ 30/ 50] Iter = [ 500/4651] Loss = 0.07777 Full = 0.07777 BBox = 0 Boxes = 0 Time = 216.0073s
Epoch = [ 30/ 50] Iter = [ 600/4651] Loss = 0.1804 Full = 0.156 BBox = 0.08117 Boxes = 2 Time = 217.1863s
Epoch = [ 30/ 50] Iter = [ 700/4651] Loss = 0.1299 Full = 0.1299 BBox = 0 Boxes = 0 Time = 216.0944s
Epoch = [ 30/ 50] Iter = [ 800/4651] Loss = 0.08901 Full = 0.06707 BBox = 0.07315 Boxes = 4 Time = 216.7117s
Epoch = [ 30/ 50] Iter = [ 900/4651] Loss = 0.06779 Full = 0.06779 BBox = 0 Boxes = 0 Time = 216.9192s
Epoch = [ 30/ 50] Iter = [1000/4651] Loss = 0.1135 Full = 0.1135 BBox = 0 Boxes = 0 Time = 216.6413s
Epoch = [ 30/ 50] Iter = [1100/4651] Loss = 0.06584 Full = 0.06584 BBox = 0 Boxes = 0 Time = 217.2437s
Epoch = [ 30/ 50] Iter = [1200/4651] Loss = 0.1557 Full = 0.1236 BBox = 0.1071 Boxes = 1 Time = 217.1168s
Epoch = [ 30/ 50] Iter = [1300/4651] Loss = 0.1281 Full = 0.09988 BBox = 0.09408 Boxes = 1 Time = 216.7192s
Epoch = [ 30/ 50] Iter = [1400/4651] Loss = 0.1554 Full = 0.1204 BBox = 0.1165 Boxes = 1 Time = 222.2119s
Epoch = [ 30/ 50] Iter = [1500/4651] Loss = 0.0766 Full = 0.0766 BBox = 0 Boxes = 0 Time = 221.7459s
Epoch = [ 30/ 50] Iter = [1600/4651] Loss = 0.115 Full = 0.07894 BBox = 0.1201 Boxes = 2 Time = 217.6995s
Epoch = [ 30/ 50] Iter = [1700/4651] Loss = 0.1389 Full = 0.1389 BBox = 0 Boxes = 0 Time = 216.3152s
Epoch = [ 30/ 50] Iter = [1800/4651] Loss = 0.1079 Full = 0.09779 BBox = 0.03369 Boxes = 1 Time = 216.9976s
Epoch = [ 30/ 50] Iter = [1900/4651] Loss = 0.0705 Full = 0.05361 BBox = 0.05629 Boxes = 2 Time = 217.0285s
Epoch = [ 30/ 50] Iter = [2000/4651] Loss = 0.1483 Full = 0.1483 BBox = 0 Boxes = 0 Time = 216.9611s
Epoch = [ 30/ 50] Iter = [2100/4651] Loss = 0.07684 Full = 0.07684 BBox = 0 Boxes = 0 Time = 216.4897s
Epoch = [ 30/ 50] Iter = [2200/4651] Loss = 0.124 Full = 0.124 BBox = 0 Boxes = 0 Time = 216.5906s
Epoch = [ 30/ 50] Iter = [2300/4651] Loss = 0.09369 Full = 0.08562 BBox = 0.0269 Boxes = 1 Time = 216.4740s
Epoch = [ 30/ 50] Iter = [2400/4651] Loss = 0.1097 Full = 0.08345 BBox = 0.08746 Boxes = 1 Time = 216.3184s
Epoch = [ 30/ 50] Iter = [2500/4651] Loss = 0.12 Full = 0.12 BBox = 0 Boxes = 0 Time = 216.8044s
Epoch = [ 30/ 50] Iter = [2600/4651] Loss = 0.1507 Full = 0.1159 BBox = 0.1159 Boxes = 2 Time = 216.8702s
Epoch = [ 30/ 50] Iter = [2700/4651] Loss = 0.09261 Full = 0.08359 BBox = 0.03009 Boxes = 2 Time = 216.7341s
Epoch = [ 30/ 50] Iter = [2800/4651] Loss = 0.008085 Full = 0.008085 BBox = 0 Boxes = 0 Time = 216.9165s
Epoch = [ 30/ 50] Iter = [2900/4651] Loss = 0.1784 Full = 0.1619 BBox = 0.05496 Boxes = 1 Time = 218.5064s
Epoch = [ 30/ 50] Iter = [3000/4651] Loss = 0.007514 Full = 0.007514 BBox = 0 Boxes = 0 Time = 216.8599s
Epoch = [ 30/ 50] Iter = [3100/4651] Loss = 0.1561 Full = 0.1561 BBox = 0 Boxes = 0 Time = 216.4248s
Epoch = [ 30/ 50] Iter = [3200/4651] Loss = 0.07324 Full = 0.05545 BBox = 0.0593 Boxes = 1 Time = 218.4808s
Epoch = [ 30/ 50] Iter = [3300/4651] Loss = 0.1181 Full = 0.1181 BBox = 0 Boxes = 0 Time = 222.7833s
Epoch = [ 30/ 50] Iter = [3400/4651] Loss = 0.06697 Full = 0.06697 BBox = 0 Boxes = 0 Time = 216.8104s
Epoch = [ 30/ 50] Iter = [3500/4651] Loss = 0.1741 Full = 0.1411 BBox = 0.1098 Boxes = 2 Time = 217.4869s
Epoch = [ 30/ 50] Iter = [3600/4651] Loss = 0.0708 Full = 0.05802 BBox = 0.0426 Boxes = 1 Time = 216.3704s
Epoch = [ 30/ 50] Iter = [3700/4651] Loss = 0.04027 Full = 0.03155 BBox = 0.02907 Boxes = 1 Time = 219.0689s
Epoch = [ 30/ 50] Iter = [3800/4651] Loss = 0.1712 Full = 0.1712 BBox = 0 Boxes = 0 Time = 217.4571s
Epoch = [ 30/ 50] Iter = [3900/4651] Loss = 0.07564 Full = 0.07564 BBox = 0 Boxes = 0 Time = 217.1180s
Epoch = [ 30/ 50] Iter = [4000/4651] Loss = 0.1264 Full = 0.1264 BBox = 0 Boxes = 0 Time = 216.3692s
Epoch = [ 30/ 50] Iter = [4100/4651] Loss = 0.06516 Full = 0.05483 BBox = 0.03443 Boxes = 3 Time = 216.6578s
Epoch = [ 30/ 50] Iter = [4200/4651] Loss = 0.05776 Full = 0.05776 BBox = 0 Boxes = 0 Time = 216.7011s
Epoch = [ 30/ 50] Iter = [4300/4651] Loss = 0.07704 Full = 0.07704 BBox = 0 Boxes = 0 Time = 217.3752s
Epoch = [ 30/ 50] Iter = [4400/4651] Loss = 0.0923 Full = 0.0923 BBox = 0 Boxes = 0 Time = 217.4081s
Epoch = [ 30/ 50] Iter = [4500/4651] Loss = 0.06142 Full = 0.06142 BBox = 0 Boxes = 0 Time = 216.9719s
Epoch = [ 30/ 50] Iter = [4600/4651] Loss = 0.1142 Full = 0.09337 BBox = 0.06933 Boxes = 1 Time = 217.6585s
Epoch = [  30/  50] Train = 0.09568 TrainFull = 0.08724 TrainBBox = 0.07203 ValFull = 0.09009 ValBBox = 0.05879 ValObjective = 0.1077 ValSSIMFull = 0.9099 ValSSIMBBox = 0.9412 TrainAnnotatedSlices = 1824 TrainBoxes = 2593 ValAnnotatedSlices = 110 ValBoxes = 161 ValFullSlices = 791 LR = 1.8e-05 NextLR = 1.8e-05 TrainTime = 10106.3639s ValTime = 327.1420s
  Official validation by acceleration | full={'acc4': 0.9225299812359071, 'acc8': 0.8972862505664428} bbox={'acc4': 0.945472129037447, 'acc8': 0.9369553724924723}
Epoch #31 ............... promptmr8_metric_aligned_50ep_v1 ............... LR=1.8e-05
  mask-aug p = 1.000
  mr-aug   p = 0.116
Epoch = [ 31/ 50] Iter = [   0/4651] Loss = 0.1149 Full = 0.1149 BBox = 0 Boxes = 0 Time = 2.2042s
Epoch = [ 31/ 50] Iter = [ 100/4651] Loss = 0.03762 Full = 0.03762 BBox = 0 Boxes = 0 Time = 223.5741s
Epoch = [ 31/ 50] Iter = [ 200/4651] Loss = 0.08017 Full = 0.0665 BBox = 0.04558 Boxes = 1 Time = 223.6122s
Epoch = [ 31/ 50] Iter = [ 300/4651] Loss = 0.132 Full = 0.132 BBox = 0 Boxes = 0 Time = 222.6839s
Epoch = [ 31/ 50] Iter = [ 400/4651] Loss = 0.1058 Full = 0.08538 BBox = 0.06823 Boxes = 1 Time = 223.5595s
Epoch = [ 31/ 50] Iter = [ 500/4651] Loss = 0.06645 Full = 0.06645 BBox = 0 Boxes = 0 Time = 223.2590s
Epoch = [ 31/ 50] Iter = [ 600/4651] Loss = 0.1217 Full = 0.1217 BBox = 0 Boxes = 0 Time = 223.6986s
Epoch = [ 31/ 50] Iter = [ 700/4651] Loss = 0.08774 Full = 0.05845 BBox = 0.09762 Boxes = 1 Time = 223.1757s
Epoch = [ 31/ 50] Iter = [ 800/4651] Loss = 0.1395 Full = 0.1179 BBox = 0.07201 Boxes = 1 Time = 223.8588s
Epoch = [ 31/ 50] Iter = [ 900/4651] Loss = 0.1237 Full = 0.1237 BBox = 0 Boxes = 0 Time = 223.0616s
Epoch = [ 31/ 50] Iter = [1000/4651] Loss = 0.04495 Full = 0.04495 BBox = 0 Boxes = 0 Time = 223.1926s
Epoch = [ 31/ 50] Iter = [1100/4651] Loss = 0.1224 Full = 0.1099 BBox = 0.0415 Boxes = 1 Time = 223.0460s
Epoch = [ 31/ 50] Iter = [1200/4651] Loss = 0.03664 Full = 0.03664 BBox = 0 Boxes = 0 Time = 225.1664s
Epoch = [ 31/ 50] Iter = [1300/4651] Loss = 0.05549 Full = 0.04473 BBox = 0.03587 Boxes = 2 Time = 223.4260s
Epoch = [ 31/ 50] Iter = [1400/4651] Loss = 0.05524 Full = 0.05524 BBox = 0 Boxes = 0 Time = 224.2298s
Epoch = [ 31/ 50] Iter = [1500/4651] Loss = 0.04852 Full = 0.03334 BBox = 0.05058 Boxes = 1 Time = 224.3640s
Epoch = [ 31/ 50] Iter = [1600/4651] Loss = 0.05989 Full = 0.05989 BBox = 0 Boxes = 0 Time = 222.9673s
Epoch = [ 31/ 50] Iter = [1700/4651] Loss = 0.1218 Full = 0.1218 BBox = 0 Boxes = 0 Time = 223.6809s
Epoch = [ 31/ 50] Iter = [1800/4651] Loss = 0.08469 Full = 0.06988 BBox = 0.04934 Boxes = 1 Time = 222.9856s
Epoch = [ 31/ 50] Iter = [1900/4651] Loss = 0.1949 Full = 0.1635 BBox = 0.1049 Boxes = 1 Time = 224.2480s
Epoch = [ 31/ 50] Iter = [2000/4651] Loss = 0.1133 Full = 0.07478 BBox = 0.1285 Boxes = 1 Time = 223.5475s
Epoch = [ 31/ 50] Iter = [2100/4651] Loss = 0.08132 Full = 0.05953 BBox = 0.07264 Boxes = 1 Time = 222.1761s
Epoch = [ 31/ 50] Iter = [2200/4651] Loss = 0.06997 Full = 0.06997 BBox = 0 Boxes = 0 Time = 224.5884s
Epoch = [ 31/ 50] Iter = [2300/4651] Loss = 0.07683 Full = 0.07683 BBox = 0 Boxes = 0 Time = 223.5062s
Epoch = [ 31/ 50] Iter = [2400/4651] Loss = 0.02694 Full = 0.02694 BBox = 0 Boxes = 0 Time = 221.9313s
Epoch = [ 31/ 50] Iter = [2500/4651] Loss = 0.0971 Full = 0.0971 BBox = 0 Boxes = 0 Time = 222.7979s
Epoch = [ 31/ 50] Iter = [2600/4651] Loss = 0.06014 Full = 0.06014 BBox = 0 Boxes = 0 Time = 223.5196s
Epoch = [ 31/ 50] Iter = [2700/4651] Loss = 0.05702 Full = 0.05702 BBox = 0 Boxes = 0 Time = 222.9116s
Epoch = [ 31/ 50] Iter = [2800/4651] Loss = 0.1549 Full = 0.1119 BBox = 0.1434 Boxes = 1 Time = 224.7172s
Epoch = [ 31/ 50] Iter = [2900/4651] Loss = 0.08383 Full = 0.08383 BBox = 0 Boxes = 0 Time = 223.8249s
Epoch = [ 31/ 50] Iter = [3000/4651] Loss = 0.08151 Full = 0.08151 BBox = 0 Boxes = 0 Time = 223.2945s
Epoch = [ 31/ 50] Iter = [3100/4651] Loss = 0.1019 Full = 0.1019 BBox = 0 Boxes = 0 Time = 222.9032s
Epoch = [ 31/ 50] Iter = [3200/4651] Loss = 0.1127 Full = 0.08529 BBox = 0.09139 Boxes = 2 Time = 223.9622s
Epoch = [ 31/ 50] Iter = [3300/4651] Loss = 0.08426 Full = 0.07624 BBox = 0.02676 Boxes = 1 Time = 227.2670s
Epoch = [ 31/ 50] Iter = [3400/4651] Loss = 0.06657 Full = 0.06657 BBox = 0 Boxes = 0 Time = 229.3495s
Epoch = [ 31/ 50] Iter = [3500/4651] Loss = 0.1097 Full = 0.08097 BBox = 0.09588 Boxes = 2 Time = 221.7550s
Epoch = [ 31/ 50] Iter = [3600/4651] Loss = 0.1507 Full = 0.1288 BBox = 0.07282 Boxes = 3 Time = 222.7744s
Epoch = [ 31/ 50] Iter = [3700/4651] Loss = 0.06664 Full = 0.05686 BBox = 0.03259 Boxes = 1 Time = 224.9364s
Epoch = [ 31/ 50] Iter = [3800/4651] Loss = 0.1081 Full = 0.1081 BBox = 0 Boxes = 0 Time = 224.1339s
Epoch = [ 31/ 50] Iter = [3900/4651] Loss = 0.0957 Full = 0.0957 BBox = 0 Boxes = 0 Time = 228.4361s
Epoch = [ 31/ 50] Iter = [4000/4651] Loss = 0.1107 Full = 0.08566 BBox = 0.08336 Boxes = 1 Time = 222.6329s
Epoch = [ 31/ 50] Iter = [4100/4651] Loss = 0.136 Full = 0.136 BBox = 0 Boxes = 0 Time = 223.9086s
Epoch = [ 31/ 50] Iter = [4200/4651] Loss = 0.08196 Full = 0.08196 BBox = 0 Boxes = 0 Time = 224.5003s
Epoch = [ 31/ 50] Iter = [4300/4651] Loss = 0.07012 Full = 0.0549 BBox = 0.05073 Boxes = 1 Time = 228.0371s
Epoch = [ 31/ 50] Iter = [4400/4651] Loss = 0.07101 Full = 0.07101 BBox = 0 Boxes = 0 Time = 228.9886s
Epoch = [ 31/ 50] Iter = [4500/4651] Loss = 0.05512 Full = 0.0395 BBox = 0.05207 Boxes = 2 Time = 223.6516s
Epoch = [ 31/ 50] Iter = [4600/4651] Loss = 0.06603 Full = 0.06603 BBox = 0 Boxes = 0 Time = 223.4974s
Epoch = [  31/  50] Train = 0.08469 TrainFull = 0.077 TrainBBox = 0.06555 ValFull = 0.09009 ValBBox = 0.05873 ValObjective = 0.1077 ValSSIMFull = 0.9099 ValSSIMBBox = 0.9413 TrainAnnotatedSlices = 1824 TrainBoxes = 2593 ValAnnotatedSlices = 110 ValBoxes = 161 ValFullSlices = 791 LR = 1.8e-05 NextLR = 1.8e-05 TrainTime = 10419.1531s ValTime = 327.2111s
  Official validation by acceleration | full={'acc4': 0.9225209290916855, 'acc8': 0.8972981904322902} bbox={'acc4': 0.9455706109510404, 'acc8': 0.9369769295056661}
Epoch #32 ............... promptmr8_metric_aligned_50ep_v1 ............... LR=1.8e-05
  mask-aug p = 1.000
  mr-aug   p = 0.206
Epoch = [ 32/ 50] Iter = [   0/4651] Loss = 0.0482 Full = 0.0482 BBox = 0 Boxes = 0 Time = 2.2170s
Epoch = [ 32/ 50] Iter = [ 100/4651] Loss = 0.05685 Full = 0.04621 BBox = 0.03546 Boxes = 1 Time = 222.7604s
Epoch = [ 32/ 50] Iter = [ 200/4651] Loss = 0.06918 Full = 0.06918 BBox = 0 Boxes = 0 Time = 223.3105s
Epoch = [ 32/ 50] Iter = [ 300/4651] Loss = 0.05649 Full = 0.0439 BBox = 0.04198 Boxes = 1 Time = 224.3231s
Epoch = [ 32/ 50] Iter = [ 400/4651] Loss = 0.07655 Full = 0.07655 BBox = 0 Boxes = 0 Time = 224.3440s
Epoch = [ 32/ 50] Iter = [ 500/4651] Loss = 0.02922 Full = 0.02922 BBox = 0 Boxes = 0 Time = 225.1916s
Epoch = [ 32/ 50] Iter = [ 600/4651] Loss = 0.05287 Full = 0.05287 BBox = 0 Boxes = 0 Time = 224.0010s
Epoch = [ 32/ 50] Iter = [ 700/4651] Loss = 0.06306 Full = 0.05223 BBox = 0.03609 Boxes = 2 Time = 223.5791s
Epoch = [ 32/ 50] Iter = [ 800/4651] Loss = 0.05215 Full = 0.05215 BBox = 0 Boxes = 0 Time = 229.3655s
Epoch = [ 32/ 50] Iter = [ 900/4651] Loss = 0.05392 Full = 0.04149 BBox = 0.04144 Boxes = 1 Time = 225.0598s
Epoch = [ 32/ 50] Iter = [1000/4651] Loss = 0.01703 Full = 0.01703 BBox = 0 Boxes = 0 Time = 223.9938s
Epoch = [ 32/ 50] Iter = [1100/4651] Loss = 0.05413 Full = 0.04237 BBox = 0.03923 Boxes = 2 Time = 223.7301s
Epoch = [ 32/ 50] Iter = [1200/4651] Loss = 0.09594 Full = 0.06999 BBox = 0.08651 Boxes = 2 Time = 223.7630s
Epoch = [ 32/ 50] Iter = [1300/4651] Loss = 0.02788 Full = 0.02788 BBox = 0 Boxes = 0 Time = 225.0236s
Epoch = [ 32/ 50] Iter = [1400/4651] Loss = 0.1487 Full = 0.1487 BBox = 0 Boxes = 0 Time = 224.0481s
Epoch = [ 32/ 50] Iter = [1500/4651] Loss = 0.04448 Full = 0.04448 BBox = 0 Boxes = 0 Time = 224.9214s
Epoch = [ 32/ 50] Iter = [1600/4651] Loss = 0.1066 Full = 0.08462 BBox = 0.0731 Boxes = 1 Time = 223.7873s
Epoch = [ 32/ 50] Iter = [1700/4651] Loss = 0.05186 Full = 0.05186 BBox = 0 Boxes = 0 Time = 223.6176s
Epoch = [ 32/ 50] Iter = [1800/4651] Loss = 0.05395 Full = 0.03772 BBox = 0.05411 Boxes = 2 Time = 224.4983s
Epoch = [ 32/ 50] Iter = [1900/4651] Loss = 0.05025 Full = 0.05025 BBox = 0 Boxes = 0 Time = 223.9890s
Epoch = [ 32/ 50] Iter = [2000/4651] Loss = 0.06704 Full = 0.06704 BBox = 0 Boxes = 0 Time = 224.0274s
Epoch = [ 32/ 50] Iter = [2100/4651] Loss = 0.08473 Full = 0.06591 BBox = 0.06275 Boxes = 2 Time = 223.1134s
Epoch = [ 32/ 50] Iter = [2200/4651] Loss = 0.08115 Full = 0.05516 BBox = 0.08664 Boxes = 1 Time = 224.7034s
Epoch = [ 32/ 50] Iter = [2300/4651] Loss = 0.0339 Full = 0.0339 BBox = 0 Boxes = 0 Time = 224.3156s
Epoch = [ 32/ 50] Iter = [2400/4651] Loss = 0.1316 Full = 0.1316 BBox = 0 Boxes = 0 Time = 228.3457s
Epoch = [ 32/ 50] Iter = [2500/4651] Loss = 0.03736 Full = 0.0319 BBox = 0.01819 Boxes = 1 Time = 224.5599s
Epoch = [ 32/ 50] Iter = [2600/4651] Loss = 0.09241 Full = 0.09241 BBox = 0 Boxes = 0 Time = 223.8913s
Epoch = [ 32/ 50] Iter = [2700/4651] Loss = 0.08524 Full = 0.08524 BBox = 0 Boxes = 0 Time = 223.8888s
Epoch = [ 32/ 50] Iter = [2800/4651] Loss = 0.06392 Full = 0.06392 BBox = 0 Boxes = 0 Time = 223.8235s
Epoch = [ 32/ 50] Iter = [2900/4651] Loss = 0.02778 Full = 0.02778 BBox = 0 Boxes = 0 Time = 223.7662s
Epoch = [ 32/ 50] Iter = [3000/4651] Loss = 0.1165 Full = 0.09614 BBox = 0.06778 Boxes = 2 Time = 223.4322s
Epoch = [ 32/ 50] Iter = [3100/4651] Loss = 0.09591 Full = 0.09591 BBox = 0 Boxes = 0 Time = 223.9197s
Epoch = [ 32/ 50] Iter = [3200/4651] Loss = 0.05002 Full = 0.05002 BBox = 0 Boxes = 0 Time = 221.9992s
Epoch = [ 32/ 50] Iter = [3300/4651] Loss = 0.3141 Full = 0.2809 BBox = 0.1105 Boxes = 1 Time = 222.8679s
Epoch = [ 32/ 50] Iter = [3400/4651] Loss = 0.111 Full = 0.111 BBox = 0 Boxes = 0 Time = 224.1315s
Epoch = [ 32/ 50] Iter = [3500/4651] Loss = 0.07897 Full = 0.07897 BBox = 0 Boxes = 0 Time = 223.3391s
Epoch = [ 32/ 50] Iter = [3600/4651] Loss = 0.05383 Full = 0.05383 BBox = 0 Boxes = 0 Time = 223.3858s
Epoch = [ 32/ 50] Iter = [3700/4651] Loss = 0.05091 Full = 0.05091 BBox = 0 Boxes = 0 Time = 223.3535s
Epoch = [ 32/ 50] Iter = [3800/4651] Loss = 0.1153 Full = 0.1153 BBox = 0 Boxes = 0 Time = 226.6715s
Epoch = [ 32/ 50] Iter = [3900/4651] Loss = 0.0372 Full = 0.02999 BBox = 0.02405 Boxes = 1 Time = 224.6112s
Epoch = [ 32/ 50] Iter = [4000/4651] Loss = 0.08317 Full = 0.05834 BBox = 0.08277 Boxes = 1 Time = 223.1142s
Epoch = [ 32/ 50] Iter = [4100/4651] Loss = 0.1319 Full = 0.1083 BBox = 0.07869 Boxes = 1 Time = 226.7373s
Epoch = [ 32/ 50] Iter = [4200/4651] Loss = 0.06113 Full = 0.06113 BBox = 0 Boxes = 0 Time = 223.9512s
Epoch = [ 32/ 50] Iter = [4300/4651] Loss = 0.0604 Full = 0.04505 BBox = 0.05114 Boxes = 1 Time = 223.6856s
Epoch = [ 32/ 50] Iter = [4400/4651] Loss = 0.09812 Full = 0.07848 BBox = 0.06547 Boxes = 2 Time = 223.9635s
Epoch = [ 32/ 50] Iter = [4500/4651] Loss = 0.05836 Full = 0.05836 BBox = 0 Boxes = 0 Time = 223.4837s
Epoch = [ 32/ 50] Iter = [4600/4651] Loss = 0.05688 Full = 0.05019 BBox = 0.02232 Boxes = 2 Time = 224.1800s
Epoch = [  32/  50] Train = 0.07787 TrainFull = 0.07071 TrainBBox = 0.0609 ValFull = 0.09009 ValBBox = 0.05858 ValObjective = 0.1077 ValSSIMFull = 0.9099 ValSSIMBBox = 0.9414 TrainAnnotatedSlices = 1824 TrainBoxes = 2593 ValAnnotatedSlices = 110 ValBoxes = 161 ValFullSlices = 791 LR = 1.8e-05 NextLR = 1.8e-05 TrainTime = 10428.7041s ValTime = 326.8116s
  Official validation by acceleration | full={'acc4': 0.9225443367290262, 'acc8': 0.8972791954874992} bbox={'acc4': 0.9455898677077249, 'acc8': 0.9372587656533277}
@@@@@@@@@@@@@@@@@@@@NewRecord@@@@@@@@@@@@@@@@@@@@
ForwardTime = 7.0285s
Epoch #33 ............... promptmr8_metric_aligned_50ep_v1 ............... LR=1.8e-05
  mask-aug p = 1.000
  mr-aug   p = 0.275
Epoch = [ 33/ 50] Iter = [   0/4651] Loss = 0.07012 Full = 0.05493 BBox = 0.05063 Boxes = 1 Time = 2.2735s
Epoch = [ 33/ 50] Iter = [ 100/4651] Loss = 0.02325 Full = 0.02325 BBox = 0 Boxes = 0 Time = 223.6296s
Epoch = [ 33/ 50] Iter = [ 200/4651] Loss = 0.07939 Full = 0.07939 BBox = 0 Boxes = 0 Time = 224.4406s
Epoch = [ 33/ 50] Iter = [ 300/4651] Loss = 0.007379 Full = 0.007379 BBox = 0 Boxes = 0 Time = 223.9305s
Epoch = [ 33/ 50] Iter = [ 400/4651] Loss = 0.05926 Full = 0.05106 BBox = 0.02731 Boxes = 1 Time = 224.6832s
Epoch = [ 33/ 50] Iter = [ 500/4651] Loss = 0.03962 Full = 0.03962 BBox = 0 Boxes = 0 Time = 223.7317s
Epoch = [ 33/ 50] Iter = [ 600/4651] Loss = 0.06643 Full = 0.05939 BBox = 0.02347 Boxes = 1 Time = 223.9889s
Epoch = [ 33/ 50] Iter = [ 700/4651] Loss = 0.0675 Full = 0.0675 BBox = 0 Boxes = 0 Time = 223.5541s
Epoch = [ 33/ 50] Iter = [ 800/4651] Loss = 0.07168 Full = 0.05303 BBox = 0.06215 Boxes = 2 Time = 223.5625s
Epoch = [ 33/ 50] Iter = [ 900/4651] Loss = 0.04331 Full = 0.04331 BBox = 0 Boxes = 0 Time = 224.7021s
Epoch = [ 33/ 50] Iter = [1000/4651] Loss = 0.02308 Full = 0.02308 BBox = 0 Boxes = 0 Time = 223.6731s
Epoch = [ 33/ 50] Iter = [1100/4651] Loss = 0.1648 Full = 0.1387 BBox = 0.08695 Boxes = 1 Time = 223.7471s
Epoch = [ 33/ 50] Iter = [1200/4651] Loss = 0.06518 Full = 0.06518 BBox = 0 Boxes = 0 Time = 224.1620s
Epoch = [ 33/ 50] Iter = [1300/4651] Loss = 0.06358 Full = 0.06358 BBox = 0 Boxes = 0 Time = 223.5129s
Epoch = [ 33/ 50] Iter = [1400/4651] Loss = 0.03724 Full = 0.03724 BBox = 0 Boxes = 0 Time = 224.2761s
Epoch = [ 33/ 50] Iter = [1500/4651] Loss = 0.03307 Full = 0.03307 BBox = 0 Boxes = 0 Time = 225.4708s
Epoch = [ 33/ 50] Iter = [1600/4651] Loss = 0.02945 Full = 0.02945 BBox = 0 Boxes = 0 Time = 223.7531s
Epoch = [ 33/ 50] Iter = [1700/4651] Loss = 0.04838 Full = 0.04838 BBox = 0 Boxes = 0 Time = 223.3730s
Epoch = [ 33/ 50] Iter = [1800/4651] Loss = 0.08135 Full = 0.08135 BBox = 0 Boxes = 0 Time = 226.5102s
Epoch = [ 33/ 50] Iter = [1900/4651] Loss = 0.1232 Full = 0.09269 BBox = 0.1016 Boxes = 1 Time = 223.0920s
Epoch = [ 33/ 50] Iter = [2000/4651] Loss = 0.02198 Full = 0.01825 BBox = 0.01241 Boxes = 2 Time = 225.2852s
Epoch = [ 33/ 50] Iter = [2100/4651] Loss = 0.05897 Full = 0.05897 BBox = 0 Boxes = 0 Time = 223.4214s
Epoch = [ 33/ 50] Iter = [2200/4651] Loss = 0.03971 Full = 0.03971 BBox = 0 Boxes = 0 Time = 225.5087s
Epoch = [ 33/ 50] Iter = [2300/4651] Loss = 0.1015 Full = 0.08386 BBox = 0.05867 Boxes = 1 Time = 225.0287s
Epoch = [ 33/ 50] Iter = [2400/4651] Loss = 0.03373 Full = 0.03373 BBox = 0 Boxes = 0 Time = 223.8045s
Epoch = [ 33/ 50] Iter = [2500/4651] Loss = 0.06398 Full = 0.06398 BBox = 0 Boxes = 0 Time = 224.4254s
Epoch = [ 33/ 50] Iter = [2600/4651] Loss = 0.0312 Full = 0.02594 BBox = 0.01753 Boxes = 1 Time = 221.8679s
Epoch = [ 33/ 50] Iter = [2700/4651] Loss = 0.1155 Full = 0.1155 BBox = 0 Boxes = 0 Time = 225.2789s
Epoch = [ 33/ 50] Iter = [2800/4651] Loss = 0.02068 Full = 0.02068 BBox = 0 Boxes = 0 Time = 224.1710s
Epoch = [ 33/ 50] Iter = [2900/4651] Loss = 0.07113 Full = 0.07113 BBox = 0 Boxes = 0 Time = 223.8358s
Epoch = [ 33/ 50] Iter = [3000/4651] Loss = 0.1121 Full = 0.1121 BBox = 0 Boxes = 0 Time = 223.8952s
Epoch = [ 33/ 50] Iter = [3100/4651] Loss = 0.0366 Full = 0.0366 BBox = 0 Boxes = 0 Time = 223.2448s
Epoch = [ 33/ 50] Iter = [3200/4651] Loss = 0.1314 Full = 0.1061 BBox = 0.08451 Boxes = 3 Time = 223.3055s
Epoch = [ 33/ 50] Iter = [3300/4651] Loss = 0.0638 Full = 0.0638 BBox = 0 Boxes = 0 Time = 224.0911s
Epoch = [ 33/ 50] Iter = [3400/4651] Loss = 0.06598 Full = 0.06598 BBox = 0 Boxes = 0 Time = 223.1257s
Epoch = [ 33/ 50] Iter = [3500/4651] Loss = 0.06513 Full = 0.06513 BBox = 0 Boxes = 0 Time = 224.2758s
Epoch = [ 33/ 50] Iter = [3600/4651] Loss = 0.1055 Full = 0.08699 BBox = 0.06186 Boxes = 2 Time = 228.6005s
Epoch = [ 33/ 50] Iter = [3700/4651] Loss = 0.0508 Full = 0.0508 BBox = 0 Boxes = 0 Time = 224.2983s
Epoch = [ 33/ 50] Iter = [3800/4651] Loss = 0.06128 Full = 0.0543 BBox = 0.02327 Boxes = 1 Time = 223.8254s
Epoch = [ 33/ 50] Iter = [3900/4651] Loss = 0.135 Full = 0.1079 BBox = 0.09033 Boxes = 1 Time = 224.1974s
Epoch = [ 33/ 50] Iter = [4000/4651] Loss = 0.02086 Full = 0.02086 BBox = 0 Boxes = 0 Time = 223.1520s
Epoch = [ 33/ 50] Iter = [4100/4651] Loss = 0.1012 Full = 0.1012 BBox = 0 Boxes = 0 Time = 223.2179s
Epoch = [ 33/ 50] Iter = [4200/4651] Loss = 0.1103 Full = 0.1103 BBox = 0 Boxes = 0 Time = 224.4149s
Epoch = [ 33/ 50] Iter = [4300/4651] Loss = 0.02501 Full = 0.02108 BBox = 0.01311 Boxes = 2 Time = 223.6658s
Epoch = [ 33/ 50] Iter = [4400/4651] Loss = 0.085 Full = 0.085 BBox = 0 Boxes = 0 Time = 224.2076s
Epoch = [ 33/ 50] Iter = [4500/4651] Loss = 0.02903 Full = 0.02526 BBox = 0.01255 Boxes = 2 Time = 224.3291s
Epoch = [ 33/ 50] Iter = [4600/4651] Loss = 0.1205 Full = 0.1205 BBox = 0 Boxes = 0 Time = 224.0398s
Epoch = [  33/  50] Train = 0.07362 TrainFull = 0.06675 TrainBBox = 0.05837 ValFull = 0.09014 ValBBox = 0.05865 ValObjective = 0.1077 ValSSIMFull = 0.9099 ValSSIMBBox = 0.9413 TrainAnnotatedSlices = 1824 TrainBoxes = 2593 ValAnnotatedSlices = 110 ValBoxes = 161 ValFullSlices = 791 LR = 1.8e-05 NextLR = 1.8e-05 TrainTime = 10424.9078s ValTime = 326.0023s
  Official validation by acceleration | full={'acc4': 0.9224960659001324, 'acc8': 0.897227122914046} bbox={'acc4': 0.9456288285344561, 'acc8': 0.9370676786811264}
Epoch #34 ............... promptmr8_metric_aligned_50ep_v1 ............... LR=1.8e-05
  mask-aug p = 1.000
  mr-aug   p = 0.328
Epoch = [ 34/ 50] Iter = [   0/4651] Loss = 0.08565 Full = 0.08565 BBox = 0 Boxes = 0 Time = 2.2556s
Epoch = [ 34/ 50] Iter = [ 100/4651] Loss = 0.02193 Full = 0.02193 BBox = 0 Boxes = 0 Time = 223.5190s
Epoch = [ 34/ 50] Iter = [ 200/4651] Loss = 0.01917 Full = 0.01549 BBox = 0.01225 Boxes = 3 Time = 224.7866s
Epoch = [ 34/ 50] Iter = [ 300/4651] Loss = 0.05826 Full = 0.05826 BBox = 0 Boxes = 0 Time = 224.6099s
Epoch = [ 34/ 50] Iter = [ 400/4651] Loss = 0.0558 Full = 0.0558 BBox = 0 Boxes = 0 Time = 224.8050s
Epoch = [ 34/ 50] Iter = [ 500/4651] Loss = 0.02235 Full = 0.01769 BBox = 0.01553 Boxes = 1 Time = 224.4094s
Epoch = [ 34/ 50] Iter = [ 600/4651] Loss = 0.06509 Full = 0.05226 BBox = 0.04278 Boxes = 1 Time = 224.7218s
Epoch = [ 34/ 50] Iter = [ 700/4651] Loss = 0.07024 Full = 0.07024 BBox = 0 Boxes = 0 Time = 224.1640s
Epoch = [ 34/ 50] Iter = [ 800/4651] Loss = 0.06452 Full = 0.05022 BBox = 0.04765 Boxes = 1 Time = 224.2520s
Epoch = [ 34/ 50] Iter = [ 900/4651] Loss = 0.1047 Full = 0.08152 BBox = 0.0774 Boxes = 1 Time = 224.5891s
Epoch = [ 34/ 50] Iter = [1000/4651] Loss = 0.04504 Full = 0.04504 BBox = 0 Boxes = 0 Time = 223.1191s
Epoch = [ 34/ 50] Iter = [1100/4651] Loss = 0.03259 Full = 0.03259 BBox = 0 Boxes = 0 Time = 223.8200s
Epoch = [ 34/ 50] Iter = [1200/4651] Loss = 0.08725 Full = 0.08725 BBox = 0 Boxes = 0 Time = 224.7739s
Epoch = [ 34/ 50] Iter = [1300/4651] Loss = 0.05663 Full = 0.05663 BBox = 0 Boxes = 0 Time = 225.2282s
Epoch = [ 34/ 50] Iter = [1400/4651] Loss = 0.03537 Full = 0.02992 BBox = 0.01817 Boxes = 2 Time = 224.0004s
Epoch = [ 34/ 50] Iter = [1500/4651] Loss = 0.08271 Full = 0.06835 BBox = 0.04788 Boxes = 1 Time = 223.6107s
Epoch = [ 34/ 50] Iter = [1600/4651] Loss = 0.04951 Full = 0.03343 BBox = 0.05362 Boxes = 1 Time = 224.6087s
Epoch = [ 34/ 50] Iter = [1700/4651] Loss = 0.1526 Full = 0.1526 BBox = 0 Boxes = 0 Time = 224.0149s
Epoch = [ 34/ 50] Iter = [1800/4651] Loss = 0.03143 Full = 0.03143 BBox = 0 Boxes = 0 Time = 224.6560s
Epoch = [ 34/ 50] Iter = [1900/4651] Loss = 0.1373 Full = 0.1373 BBox = 0 Boxes = 0 Time = 224.3132s
Epoch = [ 34/ 50] Iter = [2000/4651] Loss = 0.0797 Full = 0.0797 BBox = 0 Boxes = 0 Time = 223.3918s
Epoch = [ 34/ 50] Iter = [2100/4651] Loss = 0.1006 Full = 0.1006 BBox = 0 Boxes = 0 Time = 224.3729s
Epoch = [ 34/ 50] Iter = [2200/4651] Loss = 0.1667 Full = 0.1225 BBox = 0.1475 Boxes = 2 Time = 223.8495s
Epoch = [ 34/ 50] Iter = [2300/4651] Loss = 0.04673 Full = 0.03603 BBox = 0.03567 Boxes = 1 Time = 225.1608s
Epoch = [ 34/ 50] Iter = [2400/4651] Loss = 0.06406 Full = 0.06406 BBox = 0 Boxes = 0 Time = 222.6117s
Epoch = [ 34/ 50] Iter = [2500/4651] Loss = 0.05855 Full = 0.04741 BBox = 0.03714 Boxes = 1 Time = 225.2222s
Epoch = [ 34/ 50] Iter = [2600/4651] Loss = 0.01265 Full = 0.01265 BBox = 0 Boxes = 0 Time = 230.2845s
Epoch = [ 34/ 50] Iter = [2700/4651] Loss = 0.06241 Full = 0.06241 BBox = 0 Boxes = 0 Time = 224.8900s
Epoch = [ 34/ 50] Iter = [2800/4651] Loss = 0.04967 Full = 0.04967 BBox = 0 Boxes = 0 Time = 223.7602s
Epoch = [ 34/ 50] Iter = [2900/4651] Loss = 0.02583 Full = 0.02135 BBox = 0.01491 Boxes = 1 Time = 223.4872s
Epoch = [ 34/ 50] Iter = [3000/4651] Loss = 0.1021 Full = 0.1021 BBox = 0 Boxes = 0 Time = 224.0831s
Epoch = [ 34/ 50] Iter = [3100/4651] Loss = 0.05961 Full = 0.04081 BBox = 0.06267 Boxes = 2 Time = 224.7778s
Epoch = [ 34/ 50] Iter = [3200/4651] Loss = 0.06609 Full = 0.06609 BBox = 0 Boxes = 0 Time = 223.7915s
Epoch = [ 34/ 50] Iter = [3300/4651] Loss = 0.07637 Full = 0.06425 BBox = 0.04041 Boxes = 2 Time = 223.7279s
Epoch = [ 34/ 50] Iter = [3400/4651] Loss = 0.128 Full = 0.08759 BBox = 0.1348 Boxes = 1 Time = 224.7565s
Epoch = [ 34/ 50] Iter = [3500/4651] Loss = 0.06503 Full = 0.05374 BBox = 0.03764 Boxes = 2 Time = 224.8123s
Epoch = [ 34/ 50] Iter = [3600/4651] Loss = 0.1151 Full = 0.1151 BBox = 0 Boxes = 0 Time = 224.6149s
Epoch = [ 34/ 50] Iter = [3700/4651] Loss = 0.09084 Full = 0.09084 BBox = 0 Boxes = 0 Time = 223.0378s
Epoch = [ 34/ 50] Iter = [3800/4651] Loss = 0.03436 Full = 0.027 BBox = 0.02452 Boxes = 1 Time = 224.9009s
Epoch = [ 34/ 50] Iter = [3900/4651] Loss = 0.07511 Full = 0.05049 BBox = 0.08207 Boxes = 1 Time = 223.9856s
Epoch = [ 34/ 50] Iter = [4000/4651] Loss = 0.0699 Full = 0.0699 BBox = 0 Boxes = 0 Time = 223.8335s
Epoch = [ 34/ 50] Iter = [4100/4651] Loss = 0.09267 Full = 0.09267 BBox = 0 Boxes = 0 Time = 224.9224s
Epoch = [ 34/ 50] Iter = [4200/4651] Loss = 0.08508 Full = 0.08508 BBox = 0 Boxes = 0 Time = 224.8245s
Epoch = [ 34/ 50] Iter = [4300/4651] Loss = 0.05446 Full = 0.04039 BBox = 0.04691 Boxes = 2 Time = 223.2057s
Epoch = [ 34/ 50] Iter = [4400/4651] Loss = 0.09623 Full = 0.09623 BBox = 0 Boxes = 0 Time = 224.6628s
Epoch = [ 34/ 50] Iter = [4500/4651] Loss = 0.04318 Full = 0.04318 BBox = 0 Boxes = 0 Time = 224.6422s
Epoch = [ 34/ 50] Iter = [4600/4651] Loss = 0.07311 Full = 0.07311 BBox = 0 Boxes = 0 Time = 223.4654s
Epoch = [  34/  50] Train = 0.06973 TrainFull = 0.06321 TrainBBox = 0.05551 ValFull = 0.09021 ValBBox = 0.05846 ValObjective = 0.1078 ValSSIMFull = 0.9098 ValSSIMBBox = 0.9415 TrainAnnotatedSlices = 1824 TrainBoxes = 2593 ValAnnotatedSlices = 110 ValBoxes = 161 ValFullSlices = 791 LR = 1.8e-05 NextLR = 1.8e-05 TrainTime = 10435.2567s ValTime = 336.6390s
  Official validation by acceleration | full={'acc4': 0.922359312049294, 'acc8': 0.897212507824103} bbox={'acc4': 0.9455723751371152, 'acc8': 0.9375070201026069}
Epoch #35 ............... promptmr8_metric_aligned_50ep_v1 ............... LR=1.8e-05
  mask-aug p = 1.000
  mr-aug   p = 0.368
Epoch = [ 35/ 50] Iter = [   0/4651] Loss = 0.01181 Full = 0.01181 BBox = 0 Boxes = 0 Time = 2.2296s
Epoch = [ 35/ 50] Iter = [ 100/4651] Loss = 0.03489 Full = 0.03489 BBox = 0 Boxes = 0 Time = 223.8200s
Epoch = [ 35/ 50] Iter = [ 200/4651] Loss = 0.01194 Full = 0.01194 BBox = 0 Boxes = 0 Time = 225.1296s
Epoch = [ 35/ 50] Iter = [ 300/4651] Loss = 0.06043 Full = 0.04692 BBox = 0.04505 Boxes = 1 Time = 223.3329s
Epoch = [ 35/ 50] Iter = [ 400/4651] Loss = 0.05468 Full = 0.05468 BBox = 0 Boxes = 0 Time = 223.6115s
Epoch = [ 35/ 50] Iter = [ 500/4651] Loss = 0.04764 Full = 0.04764 BBox = 0 Boxes = 0 Time = 223.3734s
Epoch = [ 35/ 50] Iter = [ 600/4651] Loss = 0.08427 Full = 0.06224 BBox = 0.07341 Boxes = 1 Time = 224.7638s
Epoch = [ 35/ 50] Iter = [ 700/4651] Loss = 0.08138 Full = 0.06198 BBox = 0.06466 Boxes = 1 Time = 224.6686s
Epoch = [ 35/ 50] Iter = [ 800/4651] Loss = 0.01218 Full = 0.009885 BBox = 0.007635 Boxes = 1 Time = 223.5894s
Epoch = [ 35/ 50] Iter = [ 900/4651] Loss = 0.09126 Full = 0.07456 BBox = 0.05569 Boxes = 1 Time = 229.5915s
Epoch = [ 35/ 50] Iter = [1000/4651] Loss = 0.0833 Full = 0.07113 BBox = 0.04055 Boxes = 3 Time = 229.4282s
Epoch = [ 35/ 50] Iter = [1100/4651] Loss = 0.05711 Full = 0.04451 BBox = 0.04199 Boxes = 1 Time = 224.2994s
Epoch = [ 35/ 50] Iter = [1200/4651] Loss = 0.1389 Full = 0.1121 BBox = 0.08916 Boxes = 1 Time = 224.4540s
Epoch = [ 35/ 50] Iter = [1300/4651] Loss = 0.01018 Full = 0.01018 BBox = 0 Boxes = 0 Time = 223.7936s
Epoch = [ 35/ 50] Iter = [1400/4651] Loss = 0.06834 Full = 0.05636 BBox = 0.03993 Boxes = 1 Time = 225.3406s
Epoch = [ 35/ 50] Iter = [1500/4651] Loss = 0.06099 Full = 0.06099 BBox = 0 Boxes = 0 Time = 224.4666s
Epoch = [ 35/ 50] Iter = [1600/4651] Loss = 0.05102 Full = 0.03711 BBox = 0.04638 Boxes = 3 Time = 230.1789s
Epoch = [ 35/ 50] Iter = [1700/4651] Loss = 0.1757 Full = 0.1387 BBox = 0.1233 Boxes = 3 Time = 225.8147s
Epoch = [ 35/ 50] Iter = [1800/4651] Loss = 0.03729 Full = 0.03024 BBox = 0.02351 Boxes = 1 Time = 223.3658s
Epoch = [ 35/ 50] Iter = [1900/4651] Loss = 0.08884 Full = 0.08884 BBox = 0 Boxes = 0 Time = 225.6730s
Epoch = [ 35/ 50] Iter = [2000/4651] Loss = 0.1568 Full = 0.1568 BBox = 0 Boxes = 0 Time = 227.3012s
Epoch = [ 35/ 50] Iter = [2100/4651] Loss = 0.1002 Full = 0.1002 BBox = 0 Boxes = 0 Time = 224.4517s
Epoch = [ 35/ 50] Iter = [2200/4651] Loss = 0.08627 Full = 0.08627 BBox = 0 Boxes = 0 Time = 224.4547s
Epoch = [ 35/ 50] Iter = [2300/4651] Loss = 0.04434 Full = 0.04434 BBox = 0 Boxes = 0 Time = 224.9155s
Epoch = [ 35/ 50] Iter = [2400/4651] Loss = 0.09933 Full = 0.07918 BBox = 0.06719 Boxes = 2 Time = 223.4033s
Epoch = [ 35/ 50] Iter = [2500/4651] Loss = 0.03718 Full = 0.02819 BBox = 0.02996 Boxes = 1 Time = 224.0425s
Epoch = [ 35/ 50] Iter = [2600/4651] Loss = 0.09131 Full = 0.09131 BBox = 0 Boxes = 0 Time = 225.1575s
Epoch = [ 35/ 50] Iter = [2700/4651] Loss = 0.07045 Full = 0.07045 BBox = 0 Boxes = 0 Time = 224.5848s
Epoch = [ 35/ 50] Iter = [2800/4651] Loss = 0.07087 Full = 0.05209 BBox = 0.06262 Boxes = 1 Time = 224.6141s
Epoch = [ 35/ 50] Iter = [2900/4651] Loss = 0.05859 Full = 0.0478 BBox = 0.03597 Boxes = 1 Time = 222.6097s
Epoch = [ 35/ 50] Iter = [3000/4651] Loss = 0.05065 Full = 0.038 BBox = 0.04216 Boxes = 1 Time = 224.6301s
Epoch = [ 35/ 50] Iter = [3100/4651] Loss = 0.1557 Full = 0.1326 BBox = 0.07706 Boxes = 1 Time = 225.1352s
Epoch = [ 35/ 50] Iter = [3200/4651] Loss = 0.01626 Full = 0.01166 BBox = 0.01532 Boxes = 1 Time = 224.3784s
Epoch = [ 35/ 50] Iter = [3300/4651] Loss = 0.06436 Full = 0.0506 BBox = 0.04588 Boxes = 1 Time = 223.8006s
Epoch = [ 35/ 50] Iter = [3400/4651] Loss = 0.06364 Full = 0.06364 BBox = 0 Boxes = 0 Time = 224.5073s
Epoch = [ 35/ 50] Iter = [3500/4651] Loss = 0.06857 Full = 0.06857 BBox = 0 Boxes = 0 Time = 225.2669s
Epoch = [ 35/ 50] Iter = [3600/4651] Loss = 0.04262 Full = 0.04262 BBox = 0 Boxes = 0 Time = 224.3132s
Epoch = [ 35/ 50] Iter = [3700/4651] Loss = 0.125 Full = 0.125 BBox = 0 Boxes = 0 Time = 224.6945s
Epoch = [ 35/ 50] Iter = [3800/4651] Loss = 0.04066 Full = 0.03372 BBox = 0.02314 Boxes = 1 Time = 225.2418s
Epoch = [ 35/ 50] Iter = [3900/4651] Loss = 0.02351 Full = 0.02351 BBox = 0 Boxes = 0 Time = 225.4536s
Epoch = [ 35/ 50] Iter = [4000/4651] Loss = 0.09708 Full = 0.07317 BBox = 0.0797 Boxes = 2 Time = 223.9431s
Epoch = [ 35/ 50] Iter = [4100/4651] Loss = 0.1736 Full = 0.1562 BBox = 0.058 Boxes = 1 Time = 222.6315s
Epoch = [ 35/ 50] Iter = [4200/4651] Loss = 0.05809 Full = 0.05809 BBox = 0 Boxes = 0 Time = 225.4485s
Epoch = [ 35/ 50] Iter = [4300/4651] Loss = 0.07176 Full = 0.07176 BBox = 0 Boxes = 0 Time = 228.8672s
Epoch = [ 35/ 50] Iter = [4400/4651] Loss = 0.04743 Full = 0.04743 BBox = 0 Boxes = 0 Time = 236.2511s
Epoch = [ 35/ 50] Iter = [4500/4651] Loss = 0.1095 Full = 0.08383 BBox = 0.08545 Boxes = 1 Time = 232.9590s
Epoch = [ 35/ 50] Iter = [4600/4651] Loss = 0.1204 Full = 0.1204 BBox = 0 Boxes = 0 Time = 234.1096s
Epoch = [  35/  50] Train = 0.06832 TrainFull = 0.06188 TrainBBox = 0.05489 ValFull = 0.09015 ValBBox = 0.05833 ValObjective = 0.1076 ValSSIMFull = 0.9099 ValSSIMBBox = 0.9417 TrainAnnotatedSlices = 1824 TrainBoxes = 2593 ValAnnotatedSlices = 110 ValBoxes = 161 ValFullSlices = 791 LR = 1.8e-05 NextLR = 1.8e-05 TrainTime = 10495.0300s ValTime = 332.2578s
  Official validation by acceleration | full={'acc4': 0.9224687245026854, 'acc8': 0.8972326770114402} bbox={'acc4': 0.9456325429622258, 'acc8': 0.9377091946425261}
@@@@@@@@@@@@@@@@@@@@NewRecord@@@@@@@@@@@@@@@@@@@@
ForwardTime = 6.9835s
Epoch #36 ............... promptmr8_metric_aligned_50ep_v1 ............... LR=1.8e-05
  mask-aug p = 1.000
  mr-aug   p = 0.400
Epoch = [ 36/ 50] Iter = [   0/4651] Loss = 0.1137 Full = 0.1137 BBox = 0 Boxes = 0 Time = 2.3532s
Epoch = [ 36/ 50] Iter = [ 100/4651] Loss = 0.04867 Full = 0.04867 BBox = 0 Boxes = 0 Time = 233.6716s
Epoch = [ 36/ 50] Iter = [ 200/4651] Loss = 0.06292 Full = 0.06292 BBox = 0 Boxes = 0 Time = 234.5183s
Epoch = [ 36/ 50] Iter = [ 300/4651] Loss = 0.05763 Full = 0.05763 BBox = 0 Boxes = 0 Time = 233.5479s
Epoch = [ 36/ 50] Iter = [ 400/4651] Loss = 0.03627 Full = 0.03627 BBox = 0 Boxes = 0 Time = 233.4813s
Epoch = [ 36/ 50] Iter = [ 500/4651] Loss = 0.02253 Full = 0.02253 BBox = 0 Boxes = 0 Time = 233.8513s
Epoch = [ 36/ 50] Iter = [ 600/4651] Loss = 0.05992 Full = 0.05992 BBox = 0 Boxes = 0 Time = 234.0678s
Epoch = [ 36/ 50] Iter = [ 700/4651] Loss = 0.07072 Full = 0.07072 BBox = 0 Boxes = 0 Time = 232.9307s
Epoch = [ 36/ 50] Iter = [ 800/4651] Loss = 0.06887 Full = 0.06887 BBox = 0 Boxes = 0 Time = 233.6103s
Epoch = [ 36/ 50] Iter = [ 900/4651] Loss = 0.05823 Full = 0.03779 BBox = 0.06813 Boxes = 2 Time = 232.6194s
Epoch = [ 36/ 50] Iter = [1000/4651] Loss = 0.03683 Full = 0.03683 BBox = 0 Boxes = 0 Time = 234.2323s
Epoch = [ 36/ 50] Iter = [1100/4651] Loss = 0.1133 Full = 0.09093 BBox = 0.07462 Boxes = 2 Time = 233.4942s
Epoch = [ 36/ 50] Iter = [1200/4651] Loss = 0.03198 Full = 0.03198 BBox = 0 Boxes = 0 Time = 234.2389s
Epoch = [ 36/ 50] Iter = [1300/4651] Loss = 0.03973 Full = 0.03973 BBox = 0 Boxes = 0 Time = 233.8436s
Epoch = [ 36/ 50] Iter = [1400/4651] Loss = 0.06905 Full = 0.06905 BBox = 0 Boxes = 0 Time = 238.4777s
Epoch = [ 36/ 50] Iter = [1500/4651] Loss = 0.07548 Full = 0.05125 BBox = 0.08075 Boxes = 2 Time = 231.2486s
Epoch = [ 36/ 50] Iter = [1600/4651] Loss = 0.03548 Full = 0.03548 BBox = 0 Boxes = 0 Time = 232.2033s
Epoch = [ 36/ 50] Iter = [1700/4651] Loss = 0.06855 Full = 0.06855 BBox = 0 Boxes = 0 Time = 234.7580s
Epoch = [ 36/ 50] Iter = [1800/4651] Loss = 0.05949 Full = 0.05949 BBox = 0 Boxes = 0 Time = 233.1161s
Epoch = [ 36/ 50] Iter = [1900/4651] Loss = 0.05242 Full = 0.05242 BBox = 0 Boxes = 0 Time = 233.8315s
Epoch = [ 36/ 50] Iter = [2000/4651] Loss = 0.02965 Full = 0.02965 BBox = 0 Boxes = 0 Time = 234.1908s
Epoch = [ 36/ 50] Iter = [2100/4651] Loss = 0.05735 Full = 0.0489 BBox = 0.02816 Boxes = 1 Time = 233.6448s
Epoch = [ 36/ 50] Iter = [2200/4651] Loss = 0.09801 Full = 0.09801 BBox = 0 Boxes = 0 Time = 232.4303s
Epoch = [ 36/ 50] Iter = [2300/4651] Loss = 0.03394 Full = 0.03394 BBox = 0 Boxes = 0 Time = 236.9296s
Epoch = [ 36/ 50] Iter = [2400/4651] Loss = 0.08856 Full = 0.06927 BBox = 0.06432 Boxes = 2 Time = 233.3104s
Epoch = [ 36/ 50] Iter = [2500/4651] Loss = 0.2031 Full = 0.1801 BBox = 0.07671 Boxes = 1 Time = 234.1198s
Epoch = [ 36/ 50] Iter = [2600/4651] Loss = 0.06018 Full = 0.06018 BBox = 0 Boxes = 0 Time = 233.9978s
Epoch = [ 36/ 50] Iter = [2700/4651] Loss = 0.05853 Full = 0.05853 BBox = 0 Boxes = 0 Time = 233.7944s
Epoch = [ 36/ 50] Iter = [2800/4651] Loss = 0.03624 Full = 0.03624 BBox = 0 Boxes = 0 Time = 239.4500s
Epoch = [ 36/ 50] Iter = [2900/4651] Loss = 0.02649 Full = 0.02649 BBox = 0 Boxes = 0 Time = 233.9848s
Epoch = [ 36/ 50] Iter = [3000/4651] Loss = 0.03247 Full = 0.03247 BBox = 0 Boxes = 0 Time = 232.7327s
Epoch = [ 36/ 50] Iter = [3100/4651] Loss = 0.08416 Full = 0.08416 BBox = 0 Boxes = 0 Time = 233.0634s
Epoch = [ 36/ 50] Iter = [3200/4651] Loss = 0.02279 Full = 0.02279 BBox = 0 Boxes = 0 Time = 232.7224s
Epoch = [ 36/ 50] Iter = [3300/4651] Loss = 0.07308 Full = 0.06604 BBox = 0.02349 Boxes = 1 Time = 234.2915s
Epoch = [ 36/ 50] Iter = [3400/4651] Loss = 0.06155 Full = 0.05306 BBox = 0.02828 Boxes = 2 Time = 242.0758s
Epoch = [ 36/ 50] Iter = [3500/4651] Loss = 0.1106 Full = 0.09028 BBox = 0.06774 Boxes = 2 Time = 239.5661s
Epoch = [ 36/ 50] Iter = [3600/4651] Loss = 0.05838 Full = 0.05838 BBox = 0 Boxes = 0 Time = 233.6037s
Epoch = [ 36/ 50] Iter = [3700/4651] Loss = 0.02164 Full = 0.02164 BBox = 0 Boxes = 0 Time = 233.4920s
Epoch = [ 36/ 50] Iter = [3800/4651] Loss = 0.06188 Full = 0.0518 BBox = 0.0336 Boxes = 1 Time = 233.6207s
Epoch = [ 36/ 50] Iter = [3900/4651] Loss = 0.07316 Full = 0.07316 BBox = 0 Boxes = 0 Time = 234.2334s
Epoch = [ 36/ 50] Iter = [4000/4651] Loss = 0.02555 Full = 0.02555 BBox = 0 Boxes = 0 Time = 233.2638s
Epoch = [ 36/ 50] Iter = [4100/4651] Loss = 0.04925 Full = 0.04334 BBox = 0.01971 Boxes = 1 Time = 233.8804s
Epoch = [ 36/ 50] Iter = [4200/4651] Loss = 0.06044 Full = 0.06044 BBox = 0 Boxes = 0 Time = 233.7960s
Epoch = [ 36/ 50] Iter = [4300/4651] Loss = 0.02149 Full = 0.01766 BBox = 0.01276 Boxes = 2 Time = 233.7003s
Epoch = [ 36/ 50] Iter = [4400/4651] Loss = 0.04712 Full = 0.03874 BBox = 0.02795 Boxes = 1 Time = 233.2320s
Epoch = [ 36/ 50] Iter = [4500/4651] Loss = 0.05358 Full = 0.05358 BBox = 0 Boxes = 0 Time = 234.6713s
Epoch = [ 36/ 50] Iter = [4600/4651] Loss = 0.05328 Full = 0.03515 BBox = 0.06043 Boxes = 1 Time = 233.0125s
Epoch = [  36/  50] Train = 0.06748 TrainFull = 0.06113 TrainBBox = 0.05401 ValFull = 0.09016 ValBBox = 0.05837 ValObjective = 0.1077 ValSSIMFull = 0.9098 ValSSIMBBox = 0.9416 TrainAnnotatedSlices = 1824 TrainBoxes = 2593 ValAnnotatedSlices = 110 ValBoxes = 161 ValFullSlices = 791 LR = 1.8e-05 NextLR = 1.8e-05 TrainTime = 10892.0876s ValTime = 335.3509s
  Official validation by acceleration | full={'acc4': 0.9224403241342642, 'acc8': 0.8972367894214889} bbox={'acc4': 0.9454174676788187, 'acc8': 0.937838077545166}
Epoch #37 ............... promptmr8_metric_aligned_50ep_v1 ............... LR=1.8e-05
  mask-aug p = 1.000
  mr-aug   p = 0.424
Epoch = [ 37/ 50] Iter = [   0/4651] Loss = 0.07833 Full = 0.07833 BBox = 0 Boxes = 0 Time = 2.2812s
Epoch = [ 37/ 50] Iter = [ 100/4651] Loss = 0.0443 Full = 0.0443 BBox = 0 Boxes = 0 Time = 233.5251s
Epoch = [ 37/ 50] Iter = [ 200/4651] Loss = 0.102 Full = 0.102 BBox = 0 Boxes = 0 Time = 234.5702s
Epoch = [ 37/ 50] Iter = [ 300/4651] Loss = 0.03897 Full = 0.02954 BBox = 0.03144 Boxes = 1 Time = 233.4361s
Epoch = [ 37/ 50] Iter = [ 400/4651] Loss = 0.0505 Full = 0.03791 BBox = 0.04199 Boxes = 1 Time = 225.7160s
Epoch = [ 37/ 50] Iter = [ 500/4651] Loss = 0.06613 Full = 0.06613 BBox = 0 Boxes = 0 Time = 225.0223s
Epoch = [ 37/ 50] Iter = [ 600/4651] Loss = 0.03058 Full = 0.02287 BBox = 0.0257 Boxes = 2 Time = 224.4985s
Epoch = [ 37/ 50] Iter = [ 700/4651] Loss = 0.06947 Full = 0.0514 BBox = 0.06021 Boxes = 1 Time = 224.7009s
Epoch = [ 37/ 50] Iter = [ 800/4651] Loss = 0.03513 Full = 0.03513 BBox = 0 Boxes = 0 Time = 225.2555s
Epoch = [ 37/ 50] Iter = [ 900/4651] Loss = 0.06116 Full = 0.06116 BBox = 0 Boxes = 0 Time = 224.3711s
Epoch = [ 37/ 50] Iter = [1000/4651] Loss = 0.01622 Full = 0.01622 BBox = 0 Boxes = 0 Time = 225.0983s
Epoch = [ 37/ 50] Iter = [1100/4651] Loss = 0.03676 Full = 0.03676 BBox = 0 Boxes = 0 Time = 224.5119s
Epoch = [ 37/ 50] Iter = [1200/4651] Loss = 0.06488 Full = 0.06488 BBox = 0 Boxes = 0 Time = 223.8475s
Epoch = [ 37/ 50] Iter = [1300/4651] Loss = 0.007767 Full = 0.007767 BBox = 0 Boxes = 0 Time = 225.5202s
Epoch = [ 37/ 50] Iter = [1400/4651] Loss = 0.05466 Full = 0.04355 BBox = 0.03703 Boxes = 1 Time = 225.4080s
Epoch = [ 37/ 50] Iter = [1500/4651] Loss = 0.08019 Full = 0.08019 BBox = 0 Boxes = 0 Time = 224.9364s
Epoch = [ 37/ 50] Iter = [1600/4651] Loss = 0.03052 Full = 0.02266 BBox = 0.0262 Boxes = 1 Time = 225.7124s
Epoch = [ 37/ 50] Iter = [1700/4651] Loss = 0.05893 Full = 0.05893 BBox = 0 Boxes = 0 Time = 223.4567s
Epoch = [ 37/ 50] Iter = [1800/4651] Loss = 0.07357 Full = 0.07357 BBox = 0 Boxes = 0 Time = 222.9580s
Epoch = [ 37/ 50] Iter = [1900/4651] Loss = 0.06505 Full = 0.06505 BBox = 0 Boxes = 0 Time = 234.1383s
Epoch = [ 37/ 50] Iter = [2000/4651] Loss = 0.05989 Full = 0.03966 BBox = 0.06742 Boxes = 1 Time = 224.1690s
Epoch = [ 37/ 50] Iter = [2100/4651] Loss = 0.08121 Full = 0.08121 BBox = 0 Boxes = 0 Time = 224.2017s
Epoch = [ 37/ 50] Iter = [2200/4651] Loss = 0.0432 Full = 0.0432 BBox = 0 Boxes = 0 Time = 224.3965s
Epoch = [ 37/ 50] Iter = [2300/4651] Loss = 0.0221 Full = 0.01987 BBox = 0.007453 Boxes = 1 Time = 225.9786s
Epoch = [ 37/ 50] Iter = [2400/4651] Loss = 0.01796 Full = 0.01796 BBox = 0 Boxes = 0 Time = 223.9985s
Epoch = [ 37/ 50] Iter = [2500/4651] Loss = 0.04804 Full = 0.03677 BBox = 0.03758 Boxes = 1 Time = 225.3179s
Epoch = [ 37/ 50] Iter = [2600/4651] Loss = 0.04442 Full = 0.04442 BBox = 0 Boxes = 0 Time = 224.0496s
Epoch = [ 37/ 50] Iter = [2700/4651] Loss = 0.0626 Full = 0.0626 BBox = 0 Boxes = 0 Time = 223.9252s
Epoch = [ 37/ 50] Iter = [2800/4651] Loss = 0.08231 Full = 0.06945 BBox = 0.04286 Boxes = 1 Time = 229.4494s
Epoch = [ 37/ 50] Iter = [2900/4651] Loss = 0.06019 Full = 0.06019 BBox = 0 Boxes = 0 Time = 225.2330s
Epoch = [ 37/ 50] Iter = [3000/4651] Loss = 0.05567 Full = 0.05567 BBox = 0 Boxes = 0 Time = 224.2787s
Epoch = [ 37/ 50] Iter = [3100/4651] Loss = 0.04528 Full = 0.04528 BBox = 0 Boxes = 0 Time = 224.9948s
Epoch = [ 37/ 50] Iter = [3200/4651] Loss = 0.0331 Full = 0.02704 BBox = 0.02022 Boxes = 2 Time = 225.2175s
Epoch = [ 37/ 50] Iter = [3300/4651] Loss = 0.1305 Full = 0.1064 BBox = 0.08055 Boxes = 2 Time = 234.9897s
Epoch = [ 37/ 50] Iter = [3400/4651] Loss = 0.1019 Full = 0.07429 BBox = 0.09208 Boxes = 2 Time = 223.5628s
Epoch = [ 37/ 50] Iter = [3500/4651] Loss = 0.02291 Full = 0.01588 BBox = 0.02343 Boxes = 1 Time = 229.8273s
Epoch = [ 37/ 50] Iter = [3600/4651] Loss = 0.04544 Full = 0.04544 BBox = 0 Boxes = 0 Time = 224.0643s
Epoch = [ 37/ 50] Iter = [3700/4651] Loss = 0.04732 Full = 0.0377 BBox = 0.03209 Boxes = 1 Time = 224.7521s
Epoch = [ 37/ 50] Iter = [3800/4651] Loss = 0.05449 Full = 0.03797 BBox = 0.05506 Boxes = 1 Time = 225.9319s
Epoch = [ 37/ 50] Iter = [3900/4651] Loss = 0.05709 Full = 0.04964 BBox = 0.02484 Boxes = 1 Time = 224.0296s
Epoch = [ 37/ 50] Iter = [4000/4651] Loss = 0.01315 Full = 0.01315 BBox = 0 Boxes = 0 Time = 224.1948s
Epoch = [ 37/ 50] Iter = [4100/4651] Loss = 0.03061 Full = 0.02618 BBox = 0.01475 Boxes = 1 Time = 223.6794s
Epoch = [ 37/ 50] Iter = [4200/4651] Loss = 0.06445 Full = 0.06445 BBox = 0 Boxes = 0 Time = 228.7023s
Epoch = [ 37/ 50] Iter = [4300/4651] Loss = 0.03433 Full = 0.03433 BBox = 0 Boxes = 0 Time = 225.3952s
Epoch = [ 37/ 50] Iter = [4400/4651] Loss = 0.02357 Full = 0.02357 BBox = 0 Boxes = 0 Time = 229.9735s
Epoch = [ 37/ 50] Iter = [4500/4651] Loss = 0.07558 Full = 0.07558 BBox = 0 Boxes = 0 Time = 224.6149s
Epoch = [ 37/ 50] Iter = [4600/4651] Loss = 0.09335 Full = 0.09335 BBox = 0 Boxes = 0 Time = 223.8169s
Epoch = [  37/  50] Train = 0.06663 TrainFull = 0.0603 TrainBBox = 0.05376 ValFull = 0.09031 ValBBox = 0.05823 ValObjective = 0.1078 ValSSIMFull = 0.9097 ValSSIMBBox = 0.9418 TrainAnnotatedSlices = 1824 TrainBoxes = 2593 ValAnnotatedSlices = 110 ValBoxes = 161 ValFullSlices = 791 LR = 1.8e-05 NextLR = 1.8e-05 TrainTime = 10514.3279s ValTime = 325.8986s
  Official validation by acceleration | full={'acc4': 0.9223009842912454, 'acc8': 0.897078657678018} bbox={'acc4': 0.9453829532471772, 'acc8': 0.9381490438072769}
Epoch #38 ............... promptmr8_metric_aligned_50ep_v1 ............... LR=1.8e-05
  mask-aug p = 1.000
  mr-aug   p = 0.442
Epoch = [ 38/ 50] Iter = [   0/4651] Loss = 0.02332 Full = 0.02332 BBox = 0 Boxes = 0 Time = 2.2323s
Epoch = [ 38/ 50] Iter = [ 100/4651] Loss = 0.07802 Full = 0.07802 BBox = 0 Boxes = 0 Time = 224.3845s
Epoch = [ 38/ 50] Iter = [ 200/4651] Loss = 0.01998 Full = 0.01998 BBox = 0 Boxes = 0 Time = 224.4683s
Epoch = [ 38/ 50] Iter = [ 300/4651] Loss = 0.07332 Full = 0.05973 BBox = 0.04531 Boxes = 2 Time = 224.1122s
Epoch = [ 38/ 50] Iter = [ 400/4651] Loss = 0.05705 Full = 0.03958 BBox = 0.05823 Boxes = 1 Time = 225.4810s
Epoch = [ 38/ 50] Iter = [ 500/4651] Loss = 0.04562 Full = 0.04562 BBox = 0 Boxes = 0 Time = 225.5623s
Epoch = [ 38/ 50] Iter = [ 600/4651] Loss = 0.04305 Full = 0.04305 BBox = 0 Boxes = 0 Time = 225.8177s
Epoch = [ 38/ 50] Iter = [ 700/4651] Loss = 0.04912 Full = 0.04912 BBox = 0 Boxes = 0 Time = 224.3097s
Epoch = [ 38/ 50] Iter = [ 800/4651] Loss = 0.04574 Full = 0.04574 BBox = 0 Boxes = 0 Time = 224.3205s
Epoch = [ 38/ 50] Iter = [ 900/4651] Loss = 0.06718 Full = 0.04878 BBox = 0.06134 Boxes = 1 Time = 225.2072s
Epoch = [ 38/ 50] Iter = [1000/4651] Loss = 0.05084 Full = 0.05084 BBox = 0 Boxes = 0 Time = 225.1123s
Epoch = [ 38/ 50] Iter = [1100/4651] Loss = 0.05814 Full = 0.04173 BBox = 0.05471 Boxes = 2 Time = 224.0708s
Epoch = [ 38/ 50] Iter = [1200/4651] Loss = 0.07502 Full = 0.05764 BBox = 0.05795 Boxes = 1 Time = 224.1787s
Epoch = [ 38/ 50] Iter = [1300/4651] Loss = 0.07782 Full = 0.06092 BBox = 0.05633 Boxes = 3 Time = 224.9825s
Epoch = [ 38/ 50] Iter = [1400/4651] Loss = 0.03932 Full = 0.03932 BBox = 0 Boxes = 0 Time = 224.5647s
Epoch = [ 38/ 50] Iter = [1500/4651] Loss = 0.07401 Full = 0.06157 BBox = 0.04149 Boxes = 1 Time = 224.9200s
Epoch = [ 38/ 50] Iter = [1600/4651] Loss = 0.1232 Full = 0.1232 BBox = 0 Boxes = 0 Time = 224.5767s
Epoch = [ 38/ 50] Iter = [1700/4651] Loss = 0.08124 Full = 0.08124 BBox = 0 Boxes = 0 Time = 224.7388s
Epoch = [ 38/ 50] Iter = [1800/4651] Loss = 0.06279 Full = 0.05246 BBox = 0.03444 Boxes = 1 Time = 224.9302s
Epoch = [ 38/ 50] Iter = [1900/4651] Loss = 0.09751 Full = 0.07992 BBox = 0.05864 Boxes = 2 Time = 224.4615s
Epoch = [ 38/ 50] Iter = [2000/4651] Loss = 0.1948 Full = 0.1398 BBox = 0.1836 Boxes = 2 Time = 224.4368s
Epoch = [ 38/ 50] Iter = [2100/4651] Loss = 0.05648 Full = 0.0471 BBox = 0.03125 Boxes = 1 Time = 223.9669s
Epoch = [ 38/ 50] Iter = [2200/4651] Loss = 0.06204 Full = 0.05132 BBox = 0.03573 Boxes = 2 Time = 223.7230s
Epoch = [ 38/ 50] Iter = [2300/4651] Loss = 0.02215 Full = 0.01735 BBox = 0.01597 Boxes = 2 Time = 224.7494s
Epoch = [ 38/ 50] Iter = [2400/4651] Loss = 0.02384 Full = 0.02384 BBox = 0 Boxes = 0 Time = 224.7276s
Epoch = [ 38/ 50] Iter = [2500/4651] Loss = 0.01629 Full = 0.0135 BBox = 0.009308 Boxes = 1 Time = 227.0094s
Epoch = [ 38/ 50] Iter = [2600/4651] Loss = 0.01856 Full = 0.0153 BBox = 0.01087 Boxes = 1 Time = 225.1407s
Epoch = [ 38/ 50] Iter = [2700/4651] Loss = 0.02328 Full = 0.01979 BBox = 0.01166 Boxes = 1 Time = 228.8410s
Epoch = [ 38/ 50] Iter = [2800/4651] Loss = 0.05289 Full = 0.04156 BBox = 0.03778 Boxes = 2 Time = 224.7624s
Epoch = [ 38/ 50] Iter = [2900/4651] Loss = 0.04876 Full = 0.04876 BBox = 0 Boxes = 0 Time = 224.7471s
Epoch = [ 38/ 50] Iter = [3000/4651] Loss = 0.03261 Full = 0.02743 BBox = 0.01725 Boxes = 1 Time = 225.5891s
Epoch = [ 38/ 50] Iter = [3100/4651] Loss = 0.06952 Full = 0.05395 BBox = 0.0519 Boxes = 1 Time = 228.9758s
Epoch = [ 38/ 50] Iter = [3200/4651] Loss = 0.05828 Full = 0.05828 BBox = 0 Boxes = 0 Time = 224.6030s
Epoch = [ 38/ 50] Iter = [3300/4651] Loss = 0.04588 Full = 0.04588 BBox = 0 Boxes = 0 Time = 224.5511s
Epoch = [ 38/ 50] Iter = [3400/4651] Loss = 0.05476 Full = 0.05476 BBox = 0 Boxes = 0 Time = 223.9607s
Epoch = [ 38/ 50] Iter = [3500/4651] Loss = 0.1494 Full = 0.1064 BBox = 0.1434 Boxes = 1 Time = 223.5767s
Epoch = [ 38/ 50] Iter = [3600/4651] Loss = 0.1314 Full = 0.1314 BBox = 0 Boxes = 0 Time = 224.8624s
Epoch = [ 38/ 50] Iter = [3700/4651] Loss = 0.02078 Full = 0.01509 BBox = 0.01898 Boxes = 1 Time = 224.2314s
Epoch = [ 38/ 50] Iter = [3800/4651] Loss = 0.02904 Full = 0.02904 BBox = 0 Boxes = 0 Time = 224.1255s
Epoch = [ 38/ 50] Iter = [3900/4651] Loss = 0.05662 Full = 0.05662 BBox = 0 Boxes = 0 Time = 224.3361s
Epoch = [ 38/ 50] Iter = [4000/4651] Loss = 0.04611 Full = 0.04611 BBox = 0 Boxes = 0 Time = 225.1040s
Epoch = [ 38/ 50] Iter = [4100/4651] Loss = 0.0461 Full = 0.0461 BBox = 0 Boxes = 0 Time = 224.3547s
Epoch = [ 38/ 50] Iter = [4200/4651] Loss = 0.1421 Full = 0.117 BBox = 0.08366 Boxes = 2 Time = 226.4911s
Epoch = [ 38/ 50] Iter = [4300/4651] Loss = 0.004354 Full = 0.004354 BBox = 0 Boxes = 0 Time = 224.8499s
Epoch = [ 38/ 50] Iter = [4400/4651] Loss = 0.02656 Full = 0.02656 BBox = 0 Boxes = 0 Time = 223.6316s
Epoch = [ 38/ 50] Iter = [4500/4651] Loss = 0.05052 Full = 0.05052 BBox = 0 Boxes = 0 Time = 224.9162s
Epoch = [ 38/ 50] Iter = [4600/4651] Loss = 0.05122 Full = 0.05122 BBox = 0 Boxes = 0 Time = 224.3465s
Epoch = [  38/  50] Train = 0.06604 TrainFull = 0.05973 TrainBBox = 0.05385 ValFull = 0.09016 ValBBox = 0.05813 ValObjective = 0.1076 ValSSIMFull = 0.9098 ValSSIMBBox = 0.9419 TrainAnnotatedSlices = 1824 TrainBoxes = 2593 ValAnnotatedSlices = 110 ValBoxes = 161 ValFullSlices = 791 LR = 1.8e-05 NextLR = 1.8e-05 TrainTime = 10459.3057s ValTime = 325.8753s
  Official validation by acceleration | full={'acc4': 0.9225120329153919, 'acc8': 0.8971776010779043} bbox={'acc4': 0.9456386638578967, 'acc8': 0.9381053204889651}
@@@@@@@@@@@@@@@@@@@@NewRecord@@@@@@@@@@@@@@@@@@@@
ForwardTime = 7.2637s
Epoch #39 ............... promptmr8_metric_aligned_50ep_v1 ............... LR=1.8e-05
  mask-aug p = 1.000
  mr-aug   p = 0.456
Epoch = [ 39/ 50] Iter = [   0/4651] Loss = 0.07419 Full = 0.07419 BBox = 0 Boxes = 0 Time = 2.2182s
Epoch = [ 39/ 50] Iter = [ 100/4651] Loss = 0.06288 Full = 0.06288 BBox = 0 Boxes = 0 Time = 223.9311s
Epoch = [ 39/ 50] Iter = [ 200/4651] Loss = 0.3456 Full = 0.3456 BBox = 0 Boxes = 0 Time = 224.1847s
Epoch = [ 39/ 50] Iter = [ 300/4651] Loss = 0.04316 Full = 0.04316 BBox = 0 Boxes = 0 Time = 224.8100s
Epoch = [ 39/ 50] Iter = [ 400/4651] Loss = 0.1149 Full = 0.08817 BBox = 0.089 Boxes = 2 Time = 224.6539s
Epoch = [ 39/ 50] Iter = [ 500/4651] Loss = 0.04256 Full = 0.04256 BBox = 0 Boxes = 0 Time = 225.4079s
Epoch = [ 39/ 50] Iter = [ 600/4651] Loss = 0.08455 Full = 0.06839 BBox = 0.05387 Boxes = 1 Time = 225.0813s
Epoch = [ 39/ 50] Iter = [ 700/4651] Loss = 0.04288 Full = 0.04288 BBox = 0 Boxes = 0 Time = 223.9666s
Epoch = [ 39/ 50] Iter = [ 800/4651] Loss = 0.05478 Full = 0.04383 BBox = 0.03648 Boxes = 2 Time = 223.5674s
Epoch = [ 39/ 50] Iter = [ 900/4651] Loss = 0.1148 Full = 0.09799 BBox = 0.05611 Boxes = 1 Time = 231.7344s
Epoch = [ 39/ 50] Iter = [1000/4651] Loss = 0.1127 Full = 0.09217 BBox = 0.06832 Boxes = 1 Time = 224.8832s
Epoch = [ 39/ 50] Iter = [1100/4651] Loss = 0.04065 Full = 0.04065 BBox = 0 Boxes = 0 Time = 226.4453s
Epoch = [ 39/ 50] Iter = [1200/4651] Loss = 0.04687 Full = 0.04687 BBox = 0 Boxes = 0 Time = 224.0181s
Epoch = [ 39/ 50] Iter = [1300/4651] Loss = 0.07733 Full = 0.07733 BBox = 0 Boxes = 0 Time = 224.2728s
Epoch = [ 39/ 50] Iter = [1400/4651] Loss = 0.04743 Full = 0.04743 BBox = 0 Boxes = 0 Time = 224.1968s
Epoch = [ 39/ 50] Iter = [1500/4651] Loss = 0.1044 Full = 0.08533 BBox = 0.06347 Boxes = 2 Time = 224.8020s
Epoch = [ 39/ 50] Iter = [1600/4651] Loss = 0.12 Full = 0.09984 BBox = 0.06718 Boxes = 1 Time = 225.0964s
Epoch = [ 39/ 50] Iter = [1700/4651] Loss = 0.07584 Full = 0.07584 BBox = 0 Boxes = 0 Time = 224.3479s
Epoch = [ 39/ 50] Iter = [1800/4651] Loss = 0.06373 Full = 0.06373 BBox = 0 Boxes = 0 Time = 224.2861s
Epoch = [ 39/ 50] Iter = [1900/4651] Loss = 0.1148 Full = 0.08732 BBox = 0.09151 Boxes = 1 Time = 224.8509s
Epoch = [ 39/ 50] Iter = [2000/4651] Loss = 0.07686 Full = 0.07686 BBox = 0 Boxes = 0 Time = 230.5711s
Epoch = [ 39/ 50] Iter = [2100/4651] Loss = 0.1175 Full = 0.1175 BBox = 0 Boxes = 0 Time = 224.3614s
Epoch = [ 39/ 50] Iter = [2200/4651] Loss = 0.0399 Full = 0.02994 BBox = 0.03318 Boxes = 1 Time = 224.2058s
Epoch = [ 39/ 50] Iter = [2300/4651] Loss = 0.06617 Full = 0.06617 BBox = 0 Boxes = 0 Time = 224.5042s
Epoch = [ 39/ 50] Iter = [2400/4651] Loss = 0.04914 Full = 0.04914 BBox = 0 Boxes = 0 Time = 223.7168s
Epoch = [ 39/ 50] Iter = [2500/4651] Loss = 0.1216 Full = 0.1216 BBox = 0 Boxes = 0 Time = 223.9097s
Epoch = [ 39/ 50] Iter = [2600/4651] Loss = 0.0788 Full = 0.0788 BBox = 0 Boxes = 0 Time = 229.1109s
Epoch = [ 39/ 50] Iter = [2700/4651] Loss = 0.05729 Full = 0.05729 BBox = 0 Boxes = 0 Time = 224.8344s
Epoch = [ 39/ 50] Iter = [2800/4651] Loss = 0.08235 Full = 0.06123 BBox = 0.0704 Boxes = 1 Time = 224.4935s
Epoch = [ 39/ 50] Iter = [2900/4651] Loss = 0.03522 Full = 0.02511 BBox = 0.03369 Boxes = 1 Time = 223.4617s
Epoch = [ 39/ 50] Iter = [3000/4651] Loss = 0.04784 Full = 0.03032 BBox = 0.05838 Boxes = 2 Time = 224.8686s
Epoch = [ 39/ 50] Iter = [3100/4651] Loss = 0.07561 Full = 0.07561 BBox = 0 Boxes = 0 Time = 228.7634s
Epoch = [ 39/ 50] Iter = [3200/4651] Loss = 0.03304 Full = 0.02596 BBox = 0.02362 Boxes = 2 Time = 224.2701s
Epoch = [ 39/ 50] Iter = [3300/4651] Loss = 0.03472 Full = 0.02772 BBox = 0.02336 Boxes = 2 Time = 224.9885s
Epoch = [ 39/ 50] Iter = [3400/4651] Loss = 0.05973 Full = 0.05973 BBox = 0 Boxes = 0 Time = 225.6555s
Epoch = [ 39/ 50] Iter = [3500/4651] Loss = 0.05932 Full = 0.05932 BBox = 0 Boxes = 0 Time = 225.3646s
Epoch = [ 39/ 50] Iter = [3600/4651] Loss = 0.04868 Full = 0.04868 BBox = 0 Boxes = 0 Time = 224.7310s
Epoch = [ 39/ 50] Iter = [3700/4651] Loss = 0.1069 Full = 0.0766 BBox = 0.1011 Boxes = 1 Time = 224.0783s
Epoch = [ 39/ 50] Iter = [3800/4651] Loss = 0.03878 Full = 0.02957 BBox = 0.0307 Boxes = 3 Time = 225.0135s
Epoch = [ 39/ 50] Iter = [3900/4651] Loss = 0.04385 Full = 0.04385 BBox = 0 Boxes = 0 Time = 225.0524s
Epoch = [ 39/ 50] Iter = [4000/4651] Loss = 0.04386 Full = 0.04386 BBox = 0 Boxes = 0 Time = 224.2079s
Epoch = [ 39/ 50] Iter = [4100/4651] Loss = 0.05317 Full = 0.04696 BBox = 0.02072 Boxes = 1 Time = 224.2208s
Epoch = [ 39/ 50] Iter = [4200/4651] Loss = 0.07426 Full = 0.0538 BBox = 0.06819 Boxes = 1 Time = 224.3617s
Epoch = [ 39/ 50] Iter = [4300/4651] Loss = 0.015 Full = 0.0104 BBox = 0.01534 Boxes = 1 Time = 224.7117s
Epoch = [ 39/ 50] Iter = [4400/4651] Loss = 0.07351 Full = 0.07351 BBox = 0 Boxes = 0 Time = 228.2231s
Epoch = [ 39/ 50] Iter = [4500/4651] Loss = 0.03497 Full = 0.02729 BBox = 0.02561 Boxes = 1 Time = 223.1496s
Epoch = [ 39/ 50] Iter = [4600/4651] Loss = 0.0264 Full = 0.01966 BBox = 0.02248 Boxes = 1 Time = 224.2025s
Epoch = [  39/  50] Train = 0.06571 TrainFull = 0.05945 TrainBBox = 0.05359 ValFull = 0.0902 ValBBox = 0.05842 ValObjective = 0.1077 ValSSIMFull = 0.9098 ValSSIMBBox = 0.9416 TrainAnnotatedSlices = 1824 TrainBoxes = 2593 ValAnnotatedSlices = 110 ValBoxes = 161 ValFullSlices = 791 LR = 1.8e-05 NextLR = 1.8e-05 TrainTime = 10468.6220s ValTime = 330.5452s
  Official validation by acceleration | full={'acc4': 0.9224126053383661, 'acc8': 0.8971877186559141} bbox={'acc4': 0.9453488666320515, 'acc8': 0.9378084573480818}
Epoch #40 ............... promptmr8_metric_aligned_50ep_v1 ............... LR=1.8e-05
  mask-aug p = 1.000
  mr-aug   p = 0.467
Epoch = [ 40/ 50] Iter = [   0/4651] Loss = 0.03984 Full = 0.02927 BBox = 0.03524 Boxes = 1 Time = 2.7063s
Epoch = [ 40/ 50] Iter = [ 100/4651] Loss = 0.07489 Full = 0.07489 BBox = 0 Boxes = 0 Time = 224.6029s
Epoch = [ 40/ 50] Iter = [ 200/4651] Loss = 0.02112 Full = 0.02112 BBox = 0 Boxes = 0 Time = 224.7678s
Epoch = [ 40/ 50] Iter = [ 300/4651] Loss = 0.07637 Full = 0.06463 BBox = 0.03911 Boxes = 1 Time = 224.5474s
Epoch = [ 40/ 50] Iter = [ 400/4651] Loss = 0.1229 Full = 0.08623 BBox = 0.1222 Boxes = 3 Time = 229.3233s
Epoch = [ 40/ 50] Iter = [ 500/4651] Loss = 0.1019 Full = 0.1019 BBox = 0 Boxes = 0 Time = 224.9531s
Epoch = [ 40/ 50] Iter = [ 600/4651] Loss = 0.05531 Full = 0.05531 BBox = 0 Boxes = 0 Time = 225.6503s
Epoch = [ 40/ 50] Iter = [ 700/4651] Loss = 0.08877 Full = 0.06831 BBox = 0.06822 Boxes = 1 Time = 224.4044s
Epoch = [ 40/ 50] Iter = [ 800/4651] Loss = 0.05006 Full = 0.05006 BBox = 0 Boxes = 0 Time = 229.8400s
Epoch = [ 40/ 50] Iter = [ 900/4651] Loss = 0.04842 Full = 0.03894 BBox = 0.03161 Boxes = 2 Time = 224.4164s
Epoch = [ 40/ 50] Iter = [1000/4651] Loss = 0.1018 Full = 0.1018 BBox = 0 Boxes = 0 Time = 229.0405s
Epoch = [ 40/ 50] Iter = [1100/4651] Loss = 0.09095 Full = 0.0749 BBox = 0.05347 Boxes = 1 Time = 224.9100s
Epoch = [ 40/ 50] Iter = [1200/4651] Loss = 0.08111 Full = 0.08111 BBox = 0 Boxes = 0 Time = 224.4070s
Epoch = [ 40/ 50] Iter = [1300/4651] Loss = 0.04653 Full = 0.04653 BBox = 0 Boxes = 0 Time = 224.7950s
Epoch = [ 40/ 50] Iter = [1400/4651] Loss = 0.08054 Full = 0.08054 BBox = 0 Boxes = 0 Time = 224.2496s
Epoch = [ 40/ 50] Iter = [1500/4651] Loss = 0.06376 Full = 0.06376 BBox = 0 Boxes = 0 Time = 224.4110s
Epoch = [ 40/ 50] Iter = [1600/4651] Loss = 0.07666 Full = 0.07666 BBox = 0 Boxes = 0 Time = 225.7888s
Epoch = [ 40/ 50] Iter = [1700/4651] Loss = 0.06348 Full = 0.06348 BBox = 0 Boxes = 0 Time = 225.2768s
Epoch = [ 40/ 50] Iter = [1800/4651] Loss = 0.05892 Full = 0.05892 BBox = 0 Boxes = 0 Time = 224.7800s
Epoch = [ 40/ 50] Iter = [1900/4651] Loss = 0.04711 Full = 0.04711 BBox = 0 Boxes = 0 Time = 225.2124s
Epoch = [ 40/ 50] Iter = [2000/4651] Loss = 0.04029 Full = 0.03323 BBox = 0.02354 Boxes = 1 Time = 223.9355s
Epoch = [ 40/ 50] Iter = [2100/4651] Loss = 0.1226 Full = 0.1226 BBox = 0 Boxes = 0 Time = 224.4632s
Epoch = [ 40/ 50] Iter = [2200/4651] Loss = 0.0442 Full = 0.0442 BBox = 0 Boxes = 0 Time = 227.4133s
Epoch = [ 40/ 50] Iter = [2300/4651] Loss = 0.03359 Full = 0.02918 BBox = 0.0147 Boxes = 2 Time = 225.2923s
Epoch = [ 40/ 50] Iter = [2400/4651] Loss = 0.0395 Full = 0.0395 BBox = 0 Boxes = 0 Time = 224.3421s
Epoch = [ 40/ 50] Iter = [2500/4651] Loss = 0.02955 Full = 0.02319 BBox = 0.0212 Boxes = 3 Time = 224.4089s
Epoch = [ 40/ 50] Iter = [2600/4651] Loss = 0.0926 Full = 0.0926 BBox = 0 Boxes = 0 Time = 224.8024s
Epoch = [ 40/ 50] Iter = [2700/4651] Loss = 0.05527 Full = 0.05527 BBox = 0 Boxes = 0 Time = 224.7813s
Epoch = [ 40/ 50] Iter = [2800/4651] Loss = 0.05682 Full = 0.04622 BBox = 0.03532 Boxes = 2 Time = 226.1412s
Epoch = [ 40/ 50] Iter = [2900/4651] Loss = 0.1075 Full = 0.1075 BBox = 0 Boxes = 0 Time = 223.4417s
Epoch = [ 40/ 50] Iter = [3000/4651] Loss = 0.03126 Full = 0.02189 BBox = 0.03122 Boxes = 2 Time = 223.8683s
Epoch = [ 40/ 50] Iter = [3100/4651] Loss = 0.1195 Full = 0.08564 BBox = 0.113 Boxes = 1 Time = 226.3444s
Epoch = [ 40/ 50] Iter = [3200/4651] Loss = 0.04518 Full = 0.04518 BBox = 0 Boxes = 0 Time = 232.7141s
Epoch = [ 40/ 50] Iter = [3300/4651] Loss = 0.07243 Full = 0.0552 BBox = 0.05741 Boxes = 1 Time = 225.4716s
Epoch = [ 40/ 50] Iter = [3400/4651] Loss = 0.1284 Full = 0.1035 BBox = 0.08289 Boxes = 1 Time = 224.4808s
Epoch = [ 40/ 50] Iter = [3500/4651] Loss = 0.05734 Full = 0.05004 BBox = 0.02434 Boxes = 1 Time = 224.7652s
Epoch = [ 40/ 50] Iter = [3600/4651] Loss = 0.04116 Full = 0.04116 BBox = 0 Boxes = 0 Time = 224.8611s
Epoch = [ 40/ 50] Iter = [3700/4651] Loss = 0.05295 Full = 0.04476 BBox = 0.02731 Boxes = 1 Time = 224.6456s
Epoch = [ 40/ 50] Iter = [3800/4651] Loss = 0.1028 Full = 0.07089 BBox = 0.1065 Boxes = 1 Time = 224.8205s
Epoch = [ 40/ 50] Iter = [3900/4651] Loss = 0.03275 Full = 0.03275 BBox = 0 Boxes = 0 Time = 224.8606s
Epoch = [ 40/ 50] Iter = [4000/4651] Loss = 0.03783 Full = 0.03783 BBox = 0 Boxes = 0 Time = 224.4248s
Epoch = [ 40/ 50] Iter = [4100/4651] Loss = 0.09932 Full = 0.09932 BBox = 0 Boxes = 0 Time = 224.5029s
Epoch = [ 40/ 50] Iter = [4200/4651] Loss = 0.06233 Full = 0.06233 BBox = 0 Boxes = 0 Time = 224.7794s
Epoch = [ 40/ 50] Iter = [4300/4651] Loss = 0.05334 Full = 0.03975 BBox = 0.04529 Boxes = 1 Time = 224.5333s
Epoch = [ 40/ 50] Iter = [4400/4651] Loss = 0.04803 Full = 0.04803 BBox = 0 Boxes = 0 Time = 225.8079s
Epoch = [ 40/ 50] Iter = [4500/4651] Loss = 0.06212 Full = 0.05098 BBox = 0.03715 Boxes = 4 Time = 228.5550s
Epoch = [ 40/ 50] Iter = [4600/4651] Loss = 0.04335 Full = 0.03296 BBox = 0.03462 Boxes = 2 Time = 224.9957s
Epoch = [  40/  50] Train = 0.0645 TrainFull = 0.05834 TrainBBox = 0.05238 ValFull = 0.09027 ValBBox = 0.05853 ValObjective = 0.1078 ValSSIMFull = 0.9097 ValSSIMBBox = 0.9415 TrainAnnotatedSlices = 1824 TrainBoxes = 2593 ValAnnotatedSlices = 110 ValBoxes = 161 ValFullSlices = 791 LR = 1.8e-05 NextLR = 1.8e-05 TrainTime = 10483.9557s ValTime = 331.3235s
  Official validation by acceleration | full={'acc4': 0.922307326986983, 'acc8': 0.8971436449016134} bbox={'acc4': 0.9456127698176375, 'acc8': 0.9373212434627392}
Epoch #41 ............... promptmr8_metric_aligned_50ep_v1 ............... LR=1.8e-05
  mask-aug p = 1.000
  mr-aug   p = 0.476
Epoch = [ 41/ 50] Iter = [   0/4651] Loss = 0.04047 Full = 0.04047 BBox = 0 Boxes = 0 Time = 2.2415s
Epoch = [ 41/ 50] Iter = [ 100/4651] Loss = 0.0501 Full = 0.0501 BBox = 0 Boxes = 0 Time = 225.0883s
Epoch = [ 41/ 50] Iter = [ 200/4651] Loss = 0.0169 Full = 0.0169 BBox = 0 Boxes = 0 Time = 224.2459s
Epoch = [ 41/ 50] Iter = [ 300/4651] Loss = 0.07317 Full = 0.05625 BBox = 0.05639 Boxes = 1 Time = 224.3599s
Epoch = [ 41/ 50] Iter = [ 400/4651] Loss = 0.07794 Full = 0.07794 BBox = 0 Boxes = 0 Time = 224.0530s
Epoch = [ 41/ 50] Iter = [ 500/4651] Loss = 0.05306 Full = 0.04203 BBox = 0.03676 Boxes = 1 Time = 224.6372s
Epoch = [ 41/ 50] Iter = [ 600/4651] Loss = 0.07204 Full = 0.05726 BBox = 0.04927 Boxes = 1 Time = 223.1217s
Epoch = [ 41/ 50] Iter = [ 700/4651] Loss = 0.05816 Full = 0.05022 BBox = 0.02648 Boxes = 1 Time = 230.2152s
Epoch = [ 41/ 50] Iter = [ 800/4651] Loss = 0.05302 Full = 0.04211 BBox = 0.03636 Boxes = 1 Time = 225.1240s
Epoch = [ 41/ 50] Iter = [ 900/4651] Loss = 0.04614 Full = 0.04614 BBox = 0 Boxes = 0 Time = 224.3061s
Epoch = [ 41/ 50] Iter = [1000/4651] Loss = 0.1488 Full = 0.1095 BBox = 0.131 Boxes = 2 Time = 225.2170s
Epoch = [ 41/ 50] Iter = [1100/4651] Loss = 0.04375 Full = 0.04375 BBox = 0 Boxes = 0 Time = 224.7554s
Epoch = [ 41/ 50] Iter = [1200/4651] Loss = 0.07984 Full = 0.07984 BBox = 0 Boxes = 0 Time = 224.6495s
Epoch = [ 41/ 50] Iter = [1300/4651] Loss = 0.1137 Full = 0.09009 BBox = 0.0788 Boxes = 1 Time = 229.9002s
Epoch = [ 41/ 50] Iter = [1400/4651] Loss = 0.03315 Full = 0.02386 BBox = 0.03096 Boxes = 1 Time = 224.1396s
Epoch = [ 41/ 50] Iter = [1500/4651] Loss = 0.04037 Full = 0.04037 BBox = 0 Boxes = 0 Time = 229.7888s
Epoch = [ 41/ 50] Iter = [1600/4651] Loss = 0.03797 Full = 0.03797 BBox = 0 Boxes = 0 Time = 225.6074s
Epoch = [ 41/ 50] Iter = [1700/4651] Loss = 0.0515 Full = 0.0515 BBox = 0 Boxes = 0 Time = 228.8960s
Epoch = [ 41/ 50] Iter = [1800/4651] Loss = 0.07004 Full = 0.05044 BBox = 0.06535 Boxes = 1 Time = 225.1690s
Epoch = [ 41/ 50] Iter = [1900/4651] Loss = 0.07468 Full = 0.05297 BBox = 0.07237 Boxes = 1 Time = 224.9351s
Epoch = [ 41/ 50] Iter = [2000/4651] Loss = 0.08632 Full = 0.07248 BBox = 0.04614 Boxes = 2 Time = 225.0116s
Epoch = [ 41/ 50] Iter = [2100/4651] Loss = 0.03662 Full = 0.03662 BBox = 0 Boxes = 0 Time = 225.5836s
Epoch = [ 41/ 50] Iter = [2200/4651] Loss = 0.1108 Full = 0.08481 BBox = 0.08666 Boxes = 2 Time = 227.7327s
Epoch = [ 41/ 50] Iter = [2300/4651] Loss = 0.037 Full = 0.037 BBox = 0 Boxes = 0 Time = 225.6806s
Epoch = [ 41/ 50] Iter = [2400/4651] Loss = 0.1714 Full = 0.1714 BBox = 0 Boxes = 0 Time = 224.7517s
Epoch = [ 41/ 50] Iter = [2500/4651] Loss = 0.06544 Full = 0.06544 BBox = 0 Boxes = 0 Time = 224.4060s
Epoch = [ 41/ 50] Iter = [2600/4651] Loss = 0.0296 Full = 0.0296 BBox = 0 Boxes = 0 Time = 225.9544s
Epoch = [ 41/ 50] Iter = [2700/4651] Loss = 0.05522 Full = 0.05522 BBox = 0 Boxes = 0 Time = 224.9707s
Epoch = [ 41/ 50] Iter = [2800/4651] Loss = 0.0428 Full = 0.0428 BBox = 0 Boxes = 0 Time = 225.2522s
Epoch = [ 41/ 50] Iter = [2900/4651] Loss = 0.09018 Full = 0.09018 BBox = 0 Boxes = 0 Time = 225.0301s
Epoch = [ 41/ 50] Iter = [3000/4651] Loss = 0.05273 Full = 0.05273 BBox = 0 Boxes = 0 Time = 229.7463s
Epoch = [ 41/ 50] Iter = [3100/4651] Loss = 0.05799 Full = 0.05799 BBox = 0 Boxes = 0 Time = 224.0552s
Epoch = [ 41/ 50] Iter = [3200/4651] Loss = 0.1053 Full = 0.1053 BBox = 0 Boxes = 0 Time = 225.0040s
Epoch = [ 41/ 50] Iter = [3300/4651] Loss = 0.05643 Full = 0.04459 BBox = 0.03947 Boxes = 2 Time = 225.7054s
Epoch = [ 41/ 50] Iter = [3400/4651] Loss = 0.03726 Full = 0.03726 BBox = 0 Boxes = 0 Time = 229.7035s
Epoch = [ 41/ 50] Iter = [3500/4651] Loss = 0.05079 Full = 0.03916 BBox = 0.03877 Boxes = 1 Time = 224.5618s
Epoch = [ 41/ 50] Iter = [3600/4651] Loss = 0.04087 Full = 0.03604 BBox = 0.01612 Boxes = 1 Time = 227.2252s
Epoch = [ 41/ 50] Iter = [3700/4651] Loss = 0.04849 Full = 0.04849 BBox = 0 Boxes = 0 Time = 229.9947s
Epoch = [ 41/ 50] Iter = [3800/4651] Loss = 0.06722 Full = 0.06722 BBox = 0 Boxes = 0 Time = 224.8843s
Epoch = [ 41/ 50] Iter = [3900/4651] Loss = 0.0598 Full = 0.0598 BBox = 0 Boxes = 0 Time = 225.5266s
Epoch = [ 41/ 50] Iter = [4000/4651] Loss = 0.05445 Full = 0.04305 BBox = 0.038 Boxes = 3 Time = 224.4531s
Epoch = [ 41/ 50] Iter = [4100/4651] Loss = 0.03071 Full = 0.03071 BBox = 0 Boxes = 0 Time = 224.3095s
Epoch = [ 41/ 50] Iter = [4200/4651] Loss = 0.03818 Full = 0.03123 BBox = 0.02315 Boxes = 2 Time = 224.9585s
Epoch = [ 41/ 50] Iter = [4300/4651] Loss = 0.02596 Full = 0.02596 BBox = 0 Boxes = 0 Time = 224.1573s
Epoch = [ 41/ 50] Iter = [4400/4651] Loss = 0.07686 Full = 0.07686 BBox = 0 Boxes = 0 Time = 223.4233s
Epoch = [ 41/ 50] Iter = [4500/4651] Loss = 0.09586 Full = 0.09586 BBox = 0 Boxes = 0 Time = 224.4117s
Epoch = [ 41/ 50] Iter = [4600/4651] Loss = 0.06121 Full = 0.06121 BBox = 0 Boxes = 0 Time = 224.7552s
Epoch = [  41/  50] Train = 0.06476 TrainFull = 0.0586 TrainBBox = 0.05235 ValFull = 0.09025 ValBBox = 0.05821 ValObjective = 0.1077 ValSSIMFull = 0.9098 ValSSIMBBox = 0.9418 TrainAnnotatedSlices = 1824 TrainBoxes = 2593 ValAnnotatedSlices = 110 ValBoxes = 161 ValFullSlices = 791 LR = 1.8e-05 NextLR = 1.8e-05 TrainTime = 10493.9386s ValTime = 328.4547s
  Official validation by acceleration | full={'acc4': 0.922327691858465, 'acc8': 0.8971774680539966} bbox={'acc4': 0.9455455970541339, 'acc8': 0.9380418945241857}
Epoch #42 ............... promptmr8_metric_aligned_50ep_v1 ............... LR=1.8e-05
  mask-aug p = 1.000
  mr-aug   p = 0.482
Epoch = [ 42/ 50] Iter = [   0/4651] Loss = 0.05568 Full = 0.05568 BBox = 0 Boxes = 0 Time = 2.2255s
Epoch = [ 42/ 50] Iter = [ 100/4651] Loss = 0.04091 Full = 0.03303 BBox = 0.02627 Boxes = 2 Time = 225.7675s
Epoch = [ 42/ 50] Iter = [ 200/4651] Loss = 0.05759 Full = 0.05759 BBox = 0 Boxes = 0 Time = 225.3814s
Epoch = [ 42/ 50] Iter = [ 300/4651] Loss = 0.03208 Full = 0.03208 BBox = 0 Boxes = 0 Time = 227.1453s
Epoch = [ 42/ 50] Iter = [ 400/4651] Loss = 0.1055 Full = 0.07328 BBox = 0.1073 Boxes = 1 Time = 225.0979s
Epoch = [ 42/ 50] Iter = [ 500/4651] Loss = 0.1595 Full = 0.1399 BBox = 0.06536 Boxes = 1 Time = 224.0261s
Epoch = [ 42/ 50] Iter = [ 600/4651] Loss = 0.03003 Full = 0.03003 BBox = 0 Boxes = 0 Time = 224.5352s
Epoch = [ 42/ 50] Iter = [ 700/4651] Loss = 0.06255 Full = 0.06255 BBox = 0 Boxes = 0 Time = 224.5461s
Epoch = [ 42/ 50] Iter = [ 800/4651] Loss = 0.03926 Full = 0.0279 BBox = 0.03786 Boxes = 3 Time = 225.1319s
Epoch = [ 42/ 50] Iter = [ 900/4651] Loss = 0.08924 Full = 0.08924 BBox = 0 Boxes = 0 Time = 225.5784s
Epoch = [ 42/ 50] Iter = [1000/4651] Loss = 0.07854 Full = 0.07854 BBox = 0 Boxes = 0 Time = 224.4873s
Epoch = [ 42/ 50] Iter = [1100/4651] Loss = 0.117 Full = 0.0829 BBox = 0.1136 Boxes = 1 Time = 224.4730s
Epoch = [ 42/ 50] Iter = [1200/4651] Loss = 0.03661 Full = 0.02675 BBox = 0.03289 Boxes = 1 Time = 225.0857s
Epoch = [ 42/ 50] Iter = [1300/4651] Loss = 0.0453 Full = 0.0453 BBox = 0 Boxes = 0 Time = 225.9097s
Epoch = [ 42/ 50] Iter = [1400/4651] Loss = 0.08042 Full = 0.05659 BBox = 0.07942 Boxes = 1 Time = 224.5264s
Epoch = [ 42/ 50] Iter = [1500/4651] Loss = 0.07958 Full = 0.07958 BBox = 0 Boxes = 0 Time = 224.6096s
Epoch = [ 42/ 50] Iter = [1600/4651] Loss = 0.06758 Full = 0.06758 BBox = 0 Boxes = 0 Time = 224.1734s
Epoch = [ 42/ 50] Iter = [1700/4651] Loss = 0.03176 Full = 0.03176 BBox = 0 Boxes = 0 Time = 224.6287s
Epoch = [ 42/ 50] Iter = [1800/4651] Loss = 0.05346 Full = 0.04026 BBox = 0.04401 Boxes = 2 Time = 227.4555s
Epoch = [ 42/ 50] Iter = [1900/4651] Loss = 0.05307 Full = 0.05307 BBox = 0 Boxes = 0 Time = 224.9464s
Epoch = [ 42/ 50] Iter = [2000/4651] Loss = 0.124 Full = 0.124 BBox = 0 Boxes = 0 Time = 229.2188s
Epoch = [ 42/ 50] Iter = [2100/4651] Loss = 0.1028 Full = 0.1028 BBox = 0 Boxes = 0 Time = 225.2497s
Epoch = [ 42/ 50] Iter = [2200/4651] Loss = 0.01971 Full = 0.01971 BBox = 0 Boxes = 0 Time = 224.1263s
Epoch = [ 42/ 50] Iter = [2300/4651] Loss = 0.05666 Full = 0.05666 BBox = 0 Boxes = 0 Time = 224.7360s
Epoch = [ 42/ 50] Iter = [2400/4651] Loss = 0.115 Full = 0.08032 BBox = 0.1156 Boxes = 1 Time = 225.8054s
Epoch = [ 42/ 50] Iter = [2500/4651] Loss = 0.07106 Full = 0.05121 BBox = 0.06616 Boxes = 1 Time = 225.0821s
Epoch = [ 42/ 50] Iter = [2600/4651] Loss = 0.1219 Full = 0.1219 BBox = 0 Boxes = 0 Time = 224.5232s
Epoch = [ 42/ 50] Iter = [2700/4651] Loss = 0.05453 Full = 0.05453 BBox = 0 Boxes = 0 Time = 230.9330s
Epoch = [ 42/ 50] Iter = [2800/4651] Loss = 0.0288 Full = 0.0288 BBox = 0 Boxes = 0 Time = 224.3003s
Epoch = [ 42/ 50] Iter = [2900/4651] Loss = 0.01372 Full = 0.01372 BBox = 0 Boxes = 0 Time = 224.2009s
Epoch = [ 42/ 50] Iter = [3000/4651] Loss = 0.0465 Full = 0.0465 BBox = 0 Boxes = 0 Time = 224.8994s
Epoch = [ 42/ 50] Iter = [3100/4651] Loss = 0.04169 Full = 0.03538 BBox = 0.02103 Boxes = 1 Time = 225.1069s
Epoch = [ 42/ 50] Iter = [3200/4651] Loss = 0.0782 Full = 0.06675 BBox = 0.03817 Boxes = 1 Time = 224.7108s
Epoch = [ 42/ 50] Iter = [3300/4651] Loss = 0.06295 Full = 0.06295 BBox = 0 Boxes = 0 Time = 223.9725s
Epoch = [ 42/ 50] Iter = [3400/4651] Loss = 0.06908 Full = 0.05029 BBox = 0.06262 Boxes = 1 Time = 224.8750s
Epoch = [ 42/ 50] Iter = [3500/4651] Loss = 0.03697 Full = 0.03697 BBox = 0 Boxes = 0 Time = 224.6769s
Epoch = [ 42/ 50] Iter = [3600/4651] Loss = 0.1003 Full = 0.1003 BBox = 0 Boxes = 0 Time = 223.5437s
Epoch = [ 42/ 50] Iter = [3700/4651] Loss = 0.06021 Full = 0.06021 BBox = 0 Boxes = 0 Time = 224.8047s
Epoch = [ 42/ 50] Iter = [3800/4651] Loss = 0.03125 Full = 0.03125 BBox = 0 Boxes = 0 Time = 229.8605s
Epoch = [ 42/ 50] Iter = [3900/4651] Loss = 0.08821 Full = 0.07538 BBox = 0.04277 Boxes = 1 Time = 230.6305s
Epoch = [ 42/ 50] Iter = [4000/4651] Loss = 0.05926 Full = 0.05926 BBox = 0 Boxes = 0 Time = 225.1344s
Epoch = [ 42/ 50] Iter = [4100/4651] Loss = 0.08383 Full = 0.06739 BBox = 0.0548 Boxes = 1 Time = 225.2227s
Epoch = [ 42/ 50] Iter = [4200/4651] Loss = 0.06322 Full = 0.04735 BBox = 0.05291 Boxes = 1 Time = 225.2942s
Epoch = [ 42/ 50] Iter = [4300/4651] Loss = 0.05259 Full = 0.05259 BBox = 0 Boxes = 0 Time = 224.6321s
Epoch = [ 42/ 50] Iter = [4400/4651] Loss = 0.05531 Full = 0.0429 BBox = 0.04135 Boxes = 2 Time = 225.4605s
Epoch = [ 42/ 50] Iter = [4500/4651] Loss = 0.04515 Full = 0.04515 BBox = 0 Boxes = 0 Time = 225.3398s
Epoch = [ 42/ 50] Iter = [4600/4651] Loss = 0.04335 Full = 0.03561 BBox = 0.0258 Boxes = 1 Time = 223.8311s
Epoch = [  42/  50] Train = 0.06513 TrainFull = 0.05884 TrainBBox = 0.05358 ValFull = 0.09021 ValBBox = 0.0582 ValObjective = 0.1077 ValSSIMFull = 0.9098 ValSSIMBBox = 0.9418 TrainAnnotatedSlices = 1824 TrainBoxes = 2593 ValAnnotatedSlices = 110 ValBoxes = 161 ValFullSlices = 791 LR = 1.8e-05 NextLR = 1.8e-05 TrainTime = 10482.2696s ValTime = 331.4699s
  Official validation by acceleration | full={'acc4': 0.9224229772788008, 'acc8': 0.897151012904942} bbox={'acc4': 0.9456881006187368, 'acc8': 0.937914596663581}
Epoch #43 ............... promptmr8_metric_aligned_50ep_v1 ............... LR=1.8e-05
  mask-aug p = 1.000
  mr-aug   p = 0.487
Epoch = [ 43/ 50] Iter = [   0/4651] Loss = 0.08484 Full = 0.06463 BBox = 0.06736 Boxes = 1 Time = 2.2852s
Epoch = [ 43/ 50] Iter = [ 100/4651] Loss = 0.004158 Full = 0.004158 BBox = 0 Boxes = 0 Time = 224.7256s
Epoch = [ 43/ 50] Iter = [ 200/4651] Loss = 0.1439 Full = 0.1146 BBox = 0.09742 Boxes = 1 Time = 223.8226s
Epoch = [ 43/ 50] Iter = [ 300/4651] Loss = 0.08103 Full = 0.06125 BBox = 0.06592 Boxes = 1 Time = 225.6379s
Epoch = [ 43/ 50] Iter = [ 400/4651] Loss = 0.08933 Full = 0.08933 BBox = 0 Boxes = 0 Time = 224.0044s
Epoch = [ 43/ 50] Iter = [ 500/4651] Loss = 0.08929 Full = 0.08929 BBox = 0 Boxes = 0 Time = 224.7388s
Epoch = [ 43/ 50] Iter = [ 600/4651] Loss = 0.1118 Full = 0.0888 BBox = 0.07673 Boxes = 1 Time = 224.7155s
Epoch = [ 43/ 50] Iter = [ 700/4651] Loss = 0.07353 Full = 0.05456 BBox = 0.06325 Boxes = 1 Time = 225.2602s
Epoch = [ 43/ 50] Iter = [ 800/4651] Loss = 0.0703 Full = 0.0703 BBox = 0 Boxes = 0 Time = 229.6385s
Epoch = [ 43/ 50] Iter = [ 900/4651] Loss = 0.07745 Full = 0.06135 BBox = 0.05366 Boxes = 1 Time = 225.6419s
Epoch = [ 43/ 50] Iter = [1000/4651] Loss = 0.08022 Full = 0.07176 BBox = 0.02821 Boxes = 1 Time = 225.2450s
Epoch = [ 43/ 50] Iter = [1100/4651] Loss = 0.04997 Full = 0.04275 BBox = 0.02403 Boxes = 1 Time = 224.8119s
Epoch = [ 43/ 50] Iter = [1200/4651] Loss = 0.09179 Full = 0.0755 BBox = 0.05431 Boxes = 2 Time = 225.3587s
Epoch = [ 43/ 50] Iter = [1300/4651] Loss = 0.05684 Full = 0.05684 BBox = 0 Boxes = 0 Time = 224.7652s
Epoch = [ 43/ 50] Iter = [1400/4651] Loss = 0.06392 Full = 0.06002 BBox = 0.01301 Boxes = 1 Time = 236.1661s
Epoch = [ 43/ 50] Iter = [1500/4651] Loss = 0.0362 Full = 0.02649 BBox = 0.03235 Boxes = 1 Time = 225.1965s
Epoch = [ 43/ 50] Iter = [1600/4651] Loss = 0.05892 Full = 0.04422 BBox = 0.04901 Boxes = 1 Time = 224.8009s
Epoch = [ 43/ 50] Iter = [1700/4651] Loss = 0.02485 Full = 0.02485 BBox = 0 Boxes = 0 Time = 225.0716s
Epoch = [ 43/ 50] Iter = [1800/4651] Loss = 0.05954 Full = 0.04435 BBox = 0.05064 Boxes = 1 Time = 230.2509s
Epoch = [ 43/ 50] Iter = [1900/4651] Loss = 0.04222 Full = 0.04222 BBox = 0 Boxes = 0 Time = 223.9228s
Epoch = [ 43/ 50] Iter = [2000/4651] Loss = 0.04195 Full = 0.04195 BBox = 0 Boxes = 0 Time = 224.9656s
Epoch = [ 43/ 50] Iter = [2100/4651] Loss = 0.04276 Full = 0.04276 BBox = 0 Boxes = 0 Time = 225.6972s
Epoch = [ 43/ 50] Iter = [2200/4651] Loss = 0.0935 Full = 0.0935 BBox = 0 Boxes = 0 Time = 225.1210s
Epoch = [ 43/ 50] Iter = [2300/4651] Loss = 0.1531 Full = 0.1531 BBox = 0 Boxes = 0 Time = 224.8108s
Epoch = [ 43/ 50] Iter = [2400/4651] Loss = 0.06772 Full = 0.06772 BBox = 0 Boxes = 0 Time = 224.1041s
Epoch = [ 43/ 50] Iter = [2500/4651] Loss = 0.03862 Full = 0.03862 BBox = 0 Boxes = 0 Time = 225.1918s
Epoch = [ 43/ 50] Iter = [2600/4651] Loss = 0.07871 Full = 0.07871 BBox = 0 Boxes = 0 Time = 224.9788s
Epoch = [ 43/ 50] Iter = [2700/4651] Loss = 0.09761 Full = 0.09761 BBox = 0 Boxes = 0 Time = 224.5797s
Epoch = [ 43/ 50] Iter = [2800/4651] Loss = 0.08315 Full = 0.05888 BBox = 0.0809 Boxes = 3 Time = 224.6370s
Epoch = [ 43/ 50] Iter = [2900/4651] Loss = 0.04656 Full = 0.04656 BBox = 0 Boxes = 0 Time = 224.5568s
Epoch = [ 43/ 50] Iter = [3000/4651] Loss = 0.1022 Full = 0.07515 BBox = 0.09019 Boxes = 2 Time = 223.9373s
Epoch = [ 43/ 50] Iter = [3100/4651] Loss = 0.1332 Full = 0.1175 BBox = 0.05215 Boxes = 1 Time = 224.0846s
Epoch = [ 43/ 50] Iter = [3200/4651] Loss = 0.06767 Full = 0.06767 BBox = 0 Boxes = 0 Time = 225.1147s
Epoch = [ 43/ 50] Iter = [3300/4651] Loss = 0.1406 Full = 0.1144 BBox = 0.08731 Boxes = 1 Time = 225.3762s
Epoch = [ 43/ 50] Iter = [3400/4651] Loss = 0.04847 Full = 0.03065 BBox = 0.05941 Boxes = 1 Time = 225.3764s
Epoch = [ 43/ 50] Iter = [3500/4651] Loss = 0.04302 Full = 0.04302 BBox = 0 Boxes = 0 Time = 224.9978s
Epoch = [ 43/ 50] Iter = [3600/4651] Loss = 0.04525 Full = 0.04525 BBox = 0 Boxes = 0 Time = 224.7755s
Epoch = [ 43/ 50] Iter = [3700/4651] Loss = 0.1024 Full = 0.1024 BBox = 0 Boxes = 0 Time = 223.7502s
Epoch = [ 43/ 50] Iter = [3800/4651] Loss = 0.04332 Full = 0.04332 BBox = 0 Boxes = 0 Time = 224.5428s
Epoch = [ 43/ 50] Iter = [3900/4651] Loss = 0.07048 Full = 0.05738 BBox = 0.0437 Boxes = 1 Time = 225.3145s
Epoch = [ 43/ 50] Iter = [4000/4651] Loss = 0.02646 Full = 0.02646 BBox = 0 Boxes = 0 Time = 225.1922s
Epoch = [ 43/ 50] Iter = [4100/4651] Loss = 0.07512 Full = 0.06172 BBox = 0.04464 Boxes = 2 Time = 226.0925s
Epoch = [ 43/ 50] Iter = [4200/4651] Loss = 0.07199 Full = 0.07199 BBox = 0 Boxes = 0 Time = 223.7814s
Epoch = [ 43/ 50] Iter = [4300/4651] Loss = 0.1057 Full = 0.1057 BBox = 0 Boxes = 0 Time = 225.0578s
Epoch = [ 43/ 50] Iter = [4400/4651] Loss = 0.04111 Full = 0.04111 BBox = 0 Boxes = 0 Time = 224.8597s
Epoch = [ 43/ 50] Iter = [4500/4651] Loss = 0.07071 Full = 0.07071 BBox = 0 Boxes = 0 Time = 225.1370s
Epoch = [ 43/ 50] Iter = [4600/4651] Loss = 0.1081 Full = 0.1081 BBox = 0 Boxes = 0 Time = 224.6115s
Epoch = [  43/  50] Train = 0.06394 TrainFull = 0.05782 TrainBBox = 0.05189 ValFull = 0.09022 ValBBox = 0.05829 ValObjective = 0.1077 ValSSIMFull = 0.9098 ValSSIMBBox = 0.9417 TrainAnnotatedSlices = 1824 TrainBoxes = 2593 ValAnnotatedSlices = 110 ValBoxes = 161 ValFullSlices = 791 LR = 1.8e-05 NextLR = 1.8e-05 TrainTime = 10478.7761s ValTime = 325.9985s
  Official validation by acceleration | full={'acc4': 0.9223813316453001, 'acc8': 0.8971736589446664} bbox={'acc4': 0.9454357312104412, 'acc8': 0.937979954260367}
Epoch #44 ............... promptmr8_metric_aligned_50ep_v1 ............... LR=1.8e-05
  mask-aug p = 1.000
  mr-aug   p = 0.491
Epoch = [ 44/ 50] Iter = [   0/4651] Loss = 0.007908 Full = 0.007908 BBox = 0 Boxes = 0 Time = 2.2450s
Epoch = [ 44/ 50] Iter = [ 100/4651] Loss = 0.05479 Full = 0.04421 BBox = 0.03529 Boxes = 1 Time = 224.7143s
Epoch = [ 44/ 50] Iter = [ 200/4651] Loss = 0.04673 Full = 0.0362 BBox = 0.03512 Boxes = 1 Time = 224.4530s
Epoch = [ 44/ 50] Iter = [ 300/4651] Loss = 0.05885 Full = 0.04475 BBox = 0.04699 Boxes = 5 Time = 225.6645s
Epoch = [ 44/ 50] Iter = [ 400/4651] Loss = 0.06064 Full = 0.04599 BBox = 0.04884 Boxes = 3 Time = 225.2489s
Epoch = [ 44/ 50] Iter = [ 500/4651] Loss = 0.05853 Full = 0.04508 BBox = 0.04484 Boxes = 1 Time = 225.3194s
Epoch = [ 44/ 50] Iter = [ 600/4651] Loss = 0.08289 Full = 0.08289 BBox = 0 Boxes = 0 Time = 225.3673s
Epoch = [ 44/ 50] Iter = [ 700/4651] Loss = 0.0284 Full = 0.0284 BBox = 0 Boxes = 0 Time = 225.1613s
Epoch = [ 44/ 50] Iter = [ 800/4651] Loss = 0.08807 Full = 0.06954 BBox = 0.06177 Boxes = 1 Time = 224.3429s
Epoch = [ 44/ 50] Iter = [ 900/4651] Loss = 0.05148 Full = 0.05148 BBox = 0 Boxes = 0 Time = 229.9921s
Epoch = [ 44/ 50] Iter = [1000/4651] Loss = 0.1224 Full = 0.08641 BBox = 0.1199 Boxes = 1 Time = 224.4522s
Epoch = [ 44/ 50] Iter = [1100/4651] Loss = 0.07953 Full = 0.07953 BBox = 0 Boxes = 0 Time = 224.3149s
Epoch = [ 44/ 50] Iter = [1200/4651] Loss = 0.02266 Full = 0.02266 BBox = 0 Boxes = 0 Time = 224.2606s
Epoch = [ 44/ 50] Iter = [1300/4651] Loss = 0.1018 Full = 0.1018 BBox = 0 Boxes = 0 Time = 224.4493s
Epoch = [ 44/ 50] Iter = [1400/4651] Loss = 0.04449 Full = 0.04449 BBox = 0 Boxes = 0 Time = 225.1387s
Epoch = [ 44/ 50] Iter = [1500/4651] Loss = 0.04457 Full = 0.04457 BBox = 0 Boxes = 0 Time = 224.7741s
Epoch = [ 44/ 50] Iter = [1600/4651] Loss = 0.07995 Full = 0.06199 BBox = 0.05984 Boxes = 1 Time = 227.0114s
Epoch = [ 44/ 50] Iter = [1700/4651] Loss = 0.06917 Full = 0.06917 BBox = 0 Boxes = 0 Time = 225.2559s
Epoch = [ 44/ 50] Iter = [1800/4651] Loss = 0.06357 Full = 0.06357 BBox = 0 Boxes = 0 Time = 225.5339s
Epoch = [ 44/ 50] Iter = [1900/4651] Loss = 0.07291 Full = 0.07291 BBox = 0 Boxes = 0 Time = 225.6134s
Epoch = [ 44/ 50] Iter = [2000/4651] Loss = 0.05142 Full = 0.0391 BBox = 0.04107 Boxes = 1 Time = 224.0807s
Epoch = [ 44/ 50] Iter = [2100/4651] Loss = 0.06977 Full = 0.06977 BBox = 0 Boxes = 0 Time = 223.8582s
Epoch = [ 44/ 50] Iter = [2200/4651] Loss = 0.1163 Full = 0.09694 BBox = 0.06466 Boxes = 1 Time = 223.6875s
Epoch = [ 44/ 50] Iter = [2300/4651] Loss = 0.1535 Full = 0.1301 BBox = 0.078 Boxes = 1 Time = 225.7032s
Epoch = [ 44/ 50] Iter = [2400/4651] Loss = 0.08111 Full = 0.08111 BBox = 0 Boxes = 0 Time = 225.3026s
Epoch = [ 44/ 50] Iter = [2500/4651] Loss = 0.1136 Full = 0.1018 BBox = 0.03909 Boxes = 1 Time = 225.0780s
Epoch = [ 44/ 50] Iter = [2600/4651] Loss = 0.05759 Full = 0.05759 BBox = 0 Boxes = 0 Time = 228.9163s
Epoch = [ 44/ 50] Iter = [2700/4651] Loss = 0.02289 Full = 0.02289 BBox = 0 Boxes = 0 Time = 224.8993s
Epoch = [ 44/ 50] Iter = [2800/4651] Loss = 0.04865 Full = 0.03994 BBox = 0.02903 Boxes = 2 Time = 225.3994s
Epoch = [ 44/ 50] Iter = [2900/4651] Loss = 0.07416 Full = 0.07416 BBox = 0 Boxes = 0 Time = 224.5440s
Epoch = [ 44/ 50] Iter = [3000/4651] Loss = 0.02687 Full = 0.02687 BBox = 0 Boxes = 0 Time = 225.3903s
Epoch = [ 44/ 50] Iter = [3100/4651] Loss = 0.06787 Full = 0.06787 BBox = 0 Boxes = 0 Time = 224.5171s
Epoch = [ 44/ 50] Iter = [3200/4651] Loss = 0.02423 Full = 0.01812 BBox = 0.02038 Boxes = 3 Time = 224.2184s
Epoch = [ 44/ 50] Iter = [3300/4651] Loss = 0.1447 Full = 0.111 BBox = 0.1122 Boxes = 1 Time = 224.2067s
Epoch = [ 44/ 50] Iter = [3400/4651] Loss = 0.07822 Full = 0.07822 BBox = 0 Boxes = 0 Time = 225.2922s
Epoch = [ 44/ 50] Iter = [3500/4651] Loss = 0.02852 Full = 0.02852 BBox = 0 Boxes = 0 Time = 224.9896s
Epoch = [ 44/ 50] Iter = [3600/4651] Loss = 0.06377 Full = 0.06377 BBox = 0 Boxes = 0 Time = 224.3045s
Epoch = [ 44/ 50] Iter = [3700/4651] Loss = 0.08418 Full = 0.08418 BBox = 0 Boxes = 0 Time = 224.2164s
Epoch = [ 44/ 50] Iter = [3800/4651] Loss = 0.01743 Full = 0.01743 BBox = 0 Boxes = 0 Time = 225.9835s
Epoch = [ 44/ 50] Iter = [3900/4651] Loss = 0.0506 Full = 0.0506 BBox = 0 Boxes = 0 Time = 224.4110s
Epoch = [ 44/ 50] Iter = [4000/4651] Loss = 0.02615 Full = 0.02113 BBox = 0.01671 Boxes = 1 Time = 225.2174s
Epoch = [ 44/ 50] Iter = [4100/4651] Loss = 0.02862 Full = 0.02862 BBox = 0 Boxes = 0 Time = 224.7834s
Epoch = [ 44/ 50] Iter = [4200/4651] Loss = 0.0699 Full = 0.0699 BBox = 0 Boxes = 0 Time = 225.4132s
Epoch = [ 44/ 50] Iter = [4300/4651] Loss = 0.07499 Full = 0.07499 BBox = 0 Boxes = 0 Time = 224.4925s
Epoch = [ 44/ 50] Iter = [4400/4651] Loss = 0.03396 Full = 0.02635 BBox = 0.02537 Boxes = 1 Time = 224.2449s
Epoch = [ 44/ 50] Iter = [4500/4651] Loss = 0.02686 Full = 0.02686 BBox = 0 Boxes = 0 Time = 224.5273s
Epoch = [ 44/ 50] Iter = [4600/4651] Loss = 0.06482 Full = 0.06482 BBox = 0 Boxes = 0 Time = 224.7785s
Epoch = [  44/  50] Train = 0.06444 TrainFull = 0.0583 TrainBBox = 0.05265 ValFull = 0.09027 ValBBox = 0.05833 ValObjective = 0.1078 ValSSIMFull = 0.9097 ValSSIMBBox = 0.9417 TrainAnnotatedSlices = 1824 TrainBoxes = 2593 ValAnnotatedSlices = 110 ValBoxes = 161 ValFullSlices = 791 LR = 1.8e-05 NextLR = 1.8e-05 TrainTime = 10468.3767s ValTime = 325.4904s
  Official validation by acceleration | full={'acc4': 0.9223203029327955, 'acc8': 0.8971382601497074} bbox={'acc4': 0.9455531189374835, 'acc8': 0.9377830657694075}
Epoch #45 ............... promptmr8_metric_aligned_50ep_v1 ............... LR=1.8e-05
  mask-aug p = 1.000
  mr-aug   p = 0.494
Epoch = [ 45/ 50] Iter = [   0/4651] Loss = 0.04959 Full = 0.04959 BBox = 0 Boxes = 0 Time = 1.9431s
Epoch = [ 45/ 50] Iter = [ 100/4651] Loss = 0.1078 Full = 0.08904 BBox = 0.06253 Boxes = 2 Time = 224.2596s
Epoch = [ 45/ 50] Iter = [ 200/4651] Loss = 0.02299 Full = 0.02299 BBox = 0 Boxes = 0 Time = 226.9685s
Epoch = [ 45/ 50] Iter = [ 300/4651] Loss = 0.006452 Full = 0.006452 BBox = 0 Boxes = 0 Time = 224.5387s
Epoch = [ 45/ 50] Iter = [ 400/4651] Loss = 0.05617 Full = 0.04404 BBox = 0.04044 Boxes = 6 Time = 223.4669s
Epoch = [ 45/ 50] Iter = [ 500/4651] Loss = 0.1065 Full = 0.1065 BBox = 0 Boxes = 0 Time = 224.7396s
Epoch = [ 45/ 50] Iter = [ 600/4651] Loss = 0.1314 Full = 0.1018 BBox = 0.09851 Boxes = 1 Time = 225.3805s
Epoch = [ 45/ 50] Iter = [ 700/4651] Loss = 0.04485 Full = 0.04485 BBox = 0 Boxes = 0 Time = 229.6501s
Epoch = [ 45/ 50] Iter = [ 800/4651] Loss = 0.06088 Full = 0.04649 BBox = 0.04794 Boxes = 1 Time = 224.3471s
Epoch = [ 45/ 50] Iter = [ 900/4651] Loss = 0.02321 Full = 0.01761 BBox = 0.01868 Boxes = 1 Time = 224.8928s
Epoch = [ 45/ 50] Iter = [1000/4651] Loss = 0.08542 Full = 0.08542 BBox = 0 Boxes = 0 Time = 224.4661s
Epoch = [ 45/ 50] Iter = [1100/4651] Loss = 0.02606 Full = 0.01938 BBox = 0.02228 Boxes = 1 Time = 225.3821s
Epoch = [ 45/ 50] Iter = [1200/4651] Loss = 0.07409 Full = 0.07409 BBox = 0 Boxes = 0 Time = 224.4550s
Epoch = [ 45/ 50] Iter = [1300/4651] Loss = 0.1131 Full = 0.1131 BBox = 0 Boxes = 0 Time = 225.3241s
Epoch = [ 45/ 50] Iter = [1400/4651] Loss = 0.07332 Full = 0.06505 BBox = 0.02759 Boxes = 1 Time = 229.3478s
Epoch = [ 45/ 50] Iter = [1500/4651] Loss = 0.03253 Full = 0.03253 BBox = 0 Boxes = 0 Time = 225.4045s
Epoch = [ 45/ 50] Iter = [1600/4651] Loss = 0.07738 Full = 0.0617 BBox = 0.05228 Boxes = 3 Time = 224.8978s
Epoch = [ 45/ 50] Iter = [1700/4651] Loss = 0.04683 Full = 0.04683 BBox = 0 Boxes = 0 Time = 226.0325s
Epoch = [ 45/ 50] Iter = [1800/4651] Loss = 0.05636 Full = 0.05636 BBox = 0 Boxes = 0 Time = 225.0206s
Epoch = [ 45/ 50] Iter = [1900/4651] Loss = 0.03208 Full = 0.02551 BBox = 0.02189 Boxes = 1 Time = 225.6659s
Epoch = [ 45/ 50] Iter = [2000/4651] Loss = 0.05902 Full = 0.05902 BBox = 0 Boxes = 0 Time = 225.3558s
Epoch = [ 45/ 50] Iter = [2100/4651] Loss = 0.06675 Full = 0.06675 BBox = 0 Boxes = 0 Time = 224.4120s
Epoch = [ 45/ 50] Iter = [2200/4651] Loss = 0.03719 Full = 0.03127 BBox = 0.01972 Boxes = 1 Time = 225.0010s
Epoch = [ 45/ 50] Iter = [2300/4651] Loss = 0.07866 Full = 0.07866 BBox = 0 Boxes = 0 Time = 225.9860s
Epoch = [ 45/ 50] Iter = [2400/4651] Loss = 0.09848 Full = 0.07997 BBox = 0.06169 Boxes = 2 Time = 224.8823s
Epoch = [ 45/ 50] Iter = [2500/4651] Loss = 0.08202 Full = 0.0686 BBox = 0.04473 Boxes = 2 Time = 224.3618s
Epoch = [ 45/ 50] Iter = [2600/4651] Loss = 0.04254 Full = 0.04254 BBox = 0 Boxes = 0 Time = 226.0719s
Epoch = [ 45/ 50] Iter = [2700/4651] Loss = 0.07477 Full = 0.05771 BBox = 0.05688 Boxes = 1 Time = 229.9063s
Epoch = [ 45/ 50] Iter = [2800/4651] Loss = 0.04871 Full = 0.03268 BBox = 0.05344 Boxes = 1 Time = 225.8739s
Epoch = [ 45/ 50] Iter = [2900/4651] Loss = 0.02875 Full = 0.02365 BBox = 0.01698 Boxes = 1 Time = 224.1249s
Epoch = [ 45/ 50] Iter = [3000/4651] Loss = 0.05407 Full = 0.05407 BBox = 0 Boxes = 0 Time = 224.6741s
Epoch = [ 45/ 50] Iter = [3100/4651] Loss = 0.03433 Full = 0.03433 BBox = 0 Boxes = 0 Time = 223.6144s
Epoch = [ 45/ 50] Iter = [3200/4651] Loss = 0.06098 Full = 0.06098 BBox = 0 Boxes = 0 Time = 225.1270s
Epoch = [ 45/ 50] Iter = [3300/4651] Loss = 0.03152 Full = 0.027 BBox = 0.01507 Boxes = 1 Time = 225.3915s
Epoch = [ 45/ 50] Iter = [3400/4651] Loss = 0.0516 Full = 0.0516 BBox = 0 Boxes = 0 Time = 224.5691s
Epoch = [ 45/ 50] Iter = [3500/4651] Loss = 0.01808 Full = 0.01808 BBox = 0 Boxes = 0 Time = 224.4057s
Epoch = [ 45/ 50] Iter = [3600/4651] Loss = 0.09019 Full = 0.09019 BBox = 0 Boxes = 0 Time = 224.8946s
Epoch = [ 45/ 50] Iter = [3700/4651] Loss = 0.05753 Full = 0.05753 BBox = 0 Boxes = 0 Time = 226.1874s
Epoch = [ 45/ 50] Iter = [3800/4651] Loss = 0.02991 Full = 0.02991 BBox = 0 Boxes = 0 Time = 224.5758s
Epoch = [ 45/ 50] Iter = [3900/4651] Loss = 0.08677 Full = 0.08677 BBox = 0 Boxes = 0 Time = 224.5704s
Epoch = [ 45/ 50] Iter = [4000/4651] Loss = 0.02817 Full = 0.02817 BBox = 0 Boxes = 0 Time = 229.8026s
Epoch = [ 45/ 50] Iter = [4100/4651] Loss = 0.1097 Full = 0.1097 BBox = 0 Boxes = 0 Time = 224.0336s
Epoch = [ 45/ 50] Iter = [4200/4651] Loss = 0.05638 Full = 0.03562 BBox = 0.0692 Boxes = 2 Time = 224.5848s
Epoch = [ 45/ 50] Iter = [4300/4651] Loss = 0.0871 Full = 0.06637 BBox = 0.06912 Boxes = 1 Time = 230.4569s
Epoch = [ 45/ 50] Iter = [4400/4651] Loss = 0.08049 Full = 0.06526 BBox = 0.05077 Boxes = 1 Time = 224.1996s
Epoch = [ 45/ 50] Iter = [4500/4651] Loss = 0.0727 Full = 0.06045 BBox = 0.04085 Boxes = 2 Time = 224.0352s
Epoch = [ 45/ 50] Iter = [4600/4651] Loss = 0.03968 Full = 0.03968 BBox = 0 Boxes = 0 Time = 230.8894s
Epoch = [  45/  50] Train = 0.06445 TrainFull = 0.05826 TrainBBox = 0.05297 ValFull = 0.09024 ValBBox = 0.0584 ValObjective = 0.1078 ValSSIMFull = 0.9098 ValSSIMBBox = 0.9416 TrainAnnotatedSlices = 1824 TrainBoxes = 2593 ValAnnotatedSlices = 110 ValBoxes = 161 ValFullSlices = 791 LR = 1.8e-05 NextLR = 1.8e-05 TrainTime = 10490.9818s ValTime = 325.7511s
  Official validation by acceleration | full={'acc4': 0.9223459408382819, 'acc8': 0.8971793968230486} bbox={'acc4': 0.9455943514253492, 'acc8': 0.9375990088339206}
Epoch #46 ............... promptmr8_metric_aligned_50ep_v1 ............... LR=1.8e-05
  mask-aug p = 1.000
  mr-aug   p = 0.496
Epoch = [ 46/ 50] Iter = [   0/4651] Loss = 0.08771 Full = 0.06414 BBox = 0.07857 Boxes = 1 Time = 2.2731s
Epoch = [ 46/ 50] Iter = [ 100/4651] Loss = 0.07398 Full = 0.07398 BBox = 0 Boxes = 0 Time = 224.2802s
Epoch = [ 46/ 50] Iter = [ 200/4651] Loss = 0.07155 Full = 0.07155 BBox = 0 Boxes = 0 Time = 224.3055s
Epoch = [ 46/ 50] Iter = [ 300/4651] Loss = 0.02937 Full = 0.02937 BBox = 0 Boxes = 0 Time = 225.8377s
Epoch = [ 46/ 50] Iter = [ 400/4651] Loss = 0.06612 Full = 0.06612 BBox = 0 Boxes = 0 Time = 228.7202s
Epoch = [ 46/ 50] Iter = [ 500/4651] Loss = 0.05047 Full = 0.05047 BBox = 0 Boxes = 0 Time = 227.4216s
Epoch = [ 46/ 50] Iter = [ 600/4651] Loss = 0.06974 Full = 0.06974 BBox = 0 Boxes = 0 Time = 234.3758s
Epoch = [ 46/ 50] Iter = [ 700/4651] Loss = 0.05948 Full = 0.05948 BBox = 0 Boxes = 0 Time = 229.0046s
Epoch = [ 46/ 50] Iter = [ 800/4651] Loss = 0.0451 Full = 0.04205 BBox = 0.01015 Boxes = 1 Time = 226.8286s
Epoch = [ 46/ 50] Iter = [ 900/4651] Loss = 0.08287 Full = 0.07085 BBox = 0.04007 Boxes = 1 Time = 227.9832s
Epoch = [ 46/ 50] Iter = [1000/4651] Loss = 0.1173 Full = 0.1173 BBox = 0 Boxes = 0 Time = 229.1583s
Epoch = [ 46/ 50] Iter = [1100/4651] Loss = 0.03435 Full = 0.03435 BBox = 0 Boxes = 0 Time = 227.7597s
Epoch = [ 46/ 50] Iter = [1200/4651] Loss = 0.04635 Full = 0.04635 BBox = 0 Boxes = 0 Time = 227.7918s
Epoch = [ 46/ 50] Iter = [1300/4651] Loss = 0.1295 Full = 0.1295 BBox = 0 Boxes = 0 Time = 225.7351s
Epoch = [ 46/ 50] Iter = [1400/4651] Loss = 0.02803 Full = 0.02803 BBox = 0 Boxes = 0 Time = 228.5809s
Epoch = [ 46/ 50] Iter = [1500/4651] Loss = 0.06294 Full = 0.04392 BBox = 0.06342 Boxes = 2 Time = 226.3771s
Epoch = [ 46/ 50] Iter = [1600/4651] Loss = 0.03998 Full = 0.03622 BBox = 0.01254 Boxes = 1 Time = 225.0660s
Epoch = [ 46/ 50] Iter = [1700/4651] Loss = 0.02371 Full = 0.02371 BBox = 0 Boxes = 0 Time = 225.8558s
Epoch = [ 46/ 50] Iter = [1800/4651] Loss = 0.04272 Full = 0.03398 BBox = 0.02913 Boxes = 1 Time = 225.8881s
Epoch = [ 46/ 50] Iter = [1900/4651] Loss = 0.07932 Full = 0.06739 BBox = 0.03977 Boxes = 3 Time = 224.8556s
Epoch = [ 46/ 50] Iter = [2000/4651] Loss = 0.06919 Full = 0.06919 BBox = 0 Boxes = 0 Time = 225.2688s
Epoch = [ 46/ 50] Iter = [2100/4651] Loss = 0.1153 Full = 0.09082 BBox = 0.08168 Boxes = 1 Time = 226.5691s
Epoch = [ 46/ 50] Iter = [2200/4651] Loss = 0.07008 Full = 0.07008 BBox = 0 Boxes = 0 Time = 224.4544s
Epoch = [ 46/ 50] Iter = [2300/4651] Loss = 0.0715 Full = 0.0715 BBox = 0 Boxes = 0 Time = 225.2050s
Epoch = [ 46/ 50] Iter = [2400/4651] Loss = 0.03492 Full = 0.03071 BBox = 0.01404 Boxes = 1 Time = 225.4897s
Epoch = [ 46/ 50] Iter = [2500/4651] Loss = 0.03647 Full = 0.03647 BBox = 0 Boxes = 0 Time = 225.0595s
Epoch = [ 46/ 50] Iter = [2600/4651] Loss = 0.03406 Full = 0.03406 BBox = 0 Boxes = 0 Time = 223.9778s
Epoch = [ 46/ 50] Iter = [2700/4651] Loss = 0.1018 Full = 0.1018 BBox = 0 Boxes = 0 Time = 225.2892s
Epoch = [ 46/ 50] Iter = [2800/4651] Loss = 0.0626 Full = 0.04626 BBox = 0.05447 Boxes = 2 Time = 224.1368s
Epoch = [ 46/ 50] Iter = [2900/4651] Loss = 0.06459 Full = 0.06459 BBox = 0 Boxes = 0 Time = 226.0500s
Epoch = [ 46/ 50] Iter = [3000/4651] Loss = 0.03735 Full = 0.03735 BBox = 0 Boxes = 0 Time = 224.4434s
Epoch = [ 46/ 50] Iter = [3100/4651] Loss = 0.1027 Full = 0.1027 BBox = 0 Boxes = 0 Time = 224.9474s
Epoch = [ 46/ 50] Iter = [3200/4651] Loss = 0.04551 Full = 0.04551 BBox = 0 Boxes = 0 Time = 225.6856s
Epoch = [ 46/ 50] Iter = [3300/4651] Loss = 0.03834 Full = 0.03834 BBox = 0 Boxes = 0 Time = 224.5107s
Epoch = [ 46/ 50] Iter = [3400/4651] Loss = 0.0663 Full = 0.0663 BBox = 0 Boxes = 0 Time = 224.2397s
Epoch = [ 46/ 50] Iter = [3500/4651] Loss = 0.03063 Full = 0.03063 BBox = 0 Boxes = 0 Time = 227.6967s
Epoch = [ 46/ 50] Iter = [3600/4651] Loss = 0.02453 Full = 0.01807 BBox = 0.02152 Boxes = 1 Time = 223.9521s
Epoch = [ 46/ 50] Iter = [3700/4651] Loss = 0.03113 Full = 0.03113 BBox = 0 Boxes = 0 Time = 225.2657s
Epoch = [ 46/ 50] Iter = [3800/4651] Loss = 0.05208 Full = 0.05208 BBox = 0 Boxes = 0 Time = 225.5044s
Epoch = [ 46/ 50] Iter = [3900/4651] Loss = 0.06637 Full = 0.04776 BBox = 0.06203 Boxes = 4 Time = 224.3689s
Epoch = [ 46/ 50] Iter = [4000/4651] Loss = 0.1052 Full = 0.1052 BBox = 0 Boxes = 0 Time = 224.2608s
Epoch = [ 46/ 50] Iter = [4100/4651] Loss = 0.0537 Full = 0.0537 BBox = 0 Boxes = 0 Time = 223.9849s
Epoch = [ 46/ 50] Iter = [4200/4651] Loss = 0.1318 Full = 0.1318 BBox = 0 Boxes = 0 Time = 223.8931s
Epoch = [ 46/ 50] Iter = [4300/4651] Loss = 0.1495 Full = 0.1192 BBox = 0.1013 Boxes = 1 Time = 224.2260s
Epoch = [ 46/ 50] Iter = [4400/4651] Loss = 0.07996 Full = 0.06588 BBox = 0.04693 Boxes = 1 Time = 225.1184s
Epoch = [ 46/ 50] Iter = [4500/4651] Loss = 0.1098 Full = 0.1098 BBox = 0 Boxes = 0 Time = 230.2296s
Epoch = [ 46/ 50] Iter = [4600/4651] Loss = 0.0717 Full = 0.05371 BBox = 0.05999 Boxes = 2 Time = 224.2786s
Epoch = [  46/  50] Train = 0.06398 TrainFull = 0.05786 TrainBBox = 0.05221 ValFull = 0.09019 ValBBox = 0.05816 ValObjective = 0.1076 ValSSIMFull = 0.9098 ValSSIMBBox = 0.9418 TrainAnnotatedSlices = 1824 TrainBoxes = 2593 ValAnnotatedSlices = 110 ValBoxes = 161 ValFullSlices = 791 LR = 1.8e-05 NextLR = 1.8e-05 TrainTime = 10508.4116s ValTime = 330.2546s
  Official validation by acceleration | full={'acc4': 0.922385242705849, 'acc8': 0.8972346880473197} bbox={'acc4': 0.9454120720658347, 'acc8': 0.9382662784170221}
Epoch #47 ............... promptmr8_metric_aligned_50ep_v1 ............... LR=1.8e-05
  mask-aug p = 1.000
  mr-aug   p = 0.498
Epoch = [ 47/ 50] Iter = [   0/4651] Loss = 0.01521 Full = 0.01062 BBox = 0.01529 Boxes = 1 Time = 2.2327s
Epoch = [ 47/ 50] Iter = [ 100/4651] Loss = 0.06079 Full = 0.04697 BBox = 0.04606 Boxes = 1 Time = 225.3710s
Epoch = [ 47/ 50] Iter = [ 200/4651] Loss = 0.04386 Full = 0.04386 BBox = 0 Boxes = 0 Time = 224.8781s
Epoch = [ 47/ 50] Iter = [ 300/4651] Loss = 0.05304 Full = 0.03793 BBox = 0.05037 Boxes = 2 Time = 225.4185s
Epoch = [ 47/ 50] Iter = [ 400/4651] Loss = 0.04904 Full = 0.03939 BBox = 0.03218 Boxes = 1 Time = 224.8926s
Epoch = [ 47/ 50] Iter = [ 500/4651] Loss = 0.07813 Full = 0.07813 BBox = 0 Boxes = 0 Time = 225.6837s
Epoch = [ 47/ 50] Iter = [ 600/4651] Loss = 0.07389 Full = 0.07389 BBox = 0 Boxes = 0 Time = 225.3634s
Epoch = [ 47/ 50] Iter = [ 700/4651] Loss = 0.03586 Full = 0.03586 BBox = 0 Boxes = 0 Time = 225.8952s
Epoch = [ 47/ 50] Iter = [ 800/4651] Loss = 0.06502 Full = 0.06502 BBox = 0 Boxes = 0 Time = 224.1738s
Epoch = [ 47/ 50] Iter = [ 900/4651] Loss = 0.05666 Full = 0.04496 BBox = 0.03902 Boxes = 1 Time = 226.5035s
Epoch = [ 47/ 50] Iter = [1000/4651] Loss = 0.04998 Full = 0.03532 BBox = 0.04885 Boxes = 1 Time = 224.4859s
Epoch = [ 47/ 50] Iter = [1100/4651] Loss = 0.1117 Full = 0.07901 BBox = 0.1091 Boxes = 2 Time = 224.2034s
Epoch = [ 47/ 50] Iter = [1200/4651] Loss = 0.1031 Full = 0.1031 BBox = 0 Boxes = 0 Time = 225.0139s
Epoch = [ 47/ 50] Iter = [1300/4651] Loss = 0.05409 Full = 0.05409 BBox = 0 Boxes = 0 Time = 225.2530s
Epoch = [ 47/ 50] Iter = [1400/4651] Loss = 0.07111 Full = 0.07111 BBox = 0 Boxes = 0 Time = 225.0102s
Epoch = [ 47/ 50] Iter = [1500/4651] Loss = 0.05451 Full = 0.05451 BBox = 0 Boxes = 0 Time = 223.9620s
Epoch = [ 47/ 50] Iter = [1600/4651] Loss = 0.05696 Full = 0.04611 BBox = 0.03617 Boxes = 2 Time = 224.0680s
Epoch = [ 47/ 50] Iter = [1700/4651] Loss = 0.2059 Full = 0.2059 BBox = 0 Boxes = 0 Time = 224.9490s
Epoch = [ 47/ 50] Iter = [1800/4651] Loss = 0.07196 Full = 0.05212 BBox = 0.06612 Boxes = 1 Time = 224.7250s
Epoch = [ 47/ 50] Iter = [1900/4651] Loss = 0.05233 Full = 0.03722 BBox = 0.05035 Boxes = 1 Time = 224.8518s
Epoch = [ 47/ 50] Iter = [2000/4651] Loss = 0.05486 Full = 0.05486 BBox = 0 Boxes = 0 Time = 224.9177s
Epoch = [ 47/ 50] Iter = [2100/4651] Loss = 0.02172 Full = 0.01773 BBox = 0.01327 Boxes = 2 Time = 224.3637s
Epoch = [ 47/ 50] Iter = [2200/4651] Loss = 0.03297 Full = 0.02647 BBox = 0.02165 Boxes = 1 Time = 225.4077s
Epoch = [ 47/ 50] Iter = [2300/4651] Loss = 0.04499 Full = 0.04499 BBox = 0 Boxes = 0 Time = 224.7208s
Epoch = [ 47/ 50] Iter = [2400/4651] Loss = 0.1322 Full = 0.1322 BBox = 0 Boxes = 0 Time = 229.5234s
Epoch = [ 47/ 50] Iter = [2500/4651] Loss = 0.04661 Full = 0.04661 BBox = 0 Boxes = 0 Time = 225.9320s
Epoch = [ 47/ 50] Iter = [2600/4651] Loss = 0.05631 Full = 0.04102 BBox = 0.05096 Boxes = 2 Time = 233.7553s
Epoch = [ 47/ 50] Iter = [2700/4651] Loss = 0.0617 Full = 0.0617 BBox = 0 Boxes = 0 Time = 236.5337s
Epoch = [ 47/ 50] Iter = [2800/4651] Loss = 0.04443 Full = 0.03508 BBox = 0.03118 Boxes = 1 Time = 234.2464s
Epoch = [ 47/ 50] Iter = [2900/4651] Loss = 0.08596 Full = 0.08596 BBox = 0 Boxes = 0 Time = 237.8179s
Epoch = [ 47/ 50] Iter = [3000/4651] Loss = 0.07642 Full = 0.07642 BBox = 0 Boxes = 0 Time = 234.1767s
Epoch = [ 47/ 50] Iter = [3100/4651] Loss = 0.1521 Full = 0.1226 BBox = 0.09836 Boxes = 1 Time = 235.3615s
Epoch = [ 47/ 50] Iter = [3200/4651] Loss = 0.07998 Full = 0.07998 BBox = 0 Boxes = 0 Time = 235.1616s
Epoch = [ 47/ 50] Iter = [3300/4651] Loss = 0.1147 Full = 0.09397 BBox = 0.06905 Boxes = 1 Time = 233.9625s
Epoch = [ 47/ 50] Iter = [3400/4651] Loss = 0.05977 Full = 0.05977 BBox = 0 Boxes = 0 Time = 235.9687s
Epoch = [ 47/ 50] Iter = [3500/4651] Loss = 0.04646 Full = 0.04646 BBox = 0 Boxes = 0 Time = 235.6994s
Epoch = [ 47/ 50] Iter = [3600/4651] Loss = 0.04312 Full = 0.02896 BBox = 0.0472 Boxes = 1 Time = 240.3299s
Epoch = [ 47/ 50] Iter = [3700/4651] Loss = 0.08101 Full = 0.07024 BBox = 0.03588 Boxes = 1 Time = 235.7828s
Epoch = [ 47/ 50] Iter = [3800/4651] Loss = 0.02749 Full = 0.02749 BBox = 0 Boxes = 0 Time = 233.1320s
Epoch = [ 47/ 50] Iter = [3900/4651] Loss = 0.0717 Full = 0.05483 BBox = 0.05622 Boxes = 1 Time = 235.4326s
Epoch = [ 47/ 50] Iter = [4000/4651] Loss = 0.07468 Full = 0.06132 BBox = 0.04454 Boxes = 1 Time = 234.2268s
Epoch = [ 47/ 50] Iter = [4100/4651] Loss = 0.07516 Full = 0.05685 BBox = 0.06103 Boxes = 1 Time = 233.1126s
Epoch = [ 47/ 50] Iter = [4200/4651] Loss = 0.02001 Full = 0.02001 BBox = 0 Boxes = 0 Time = 235.6513s
Epoch = [ 47/ 50] Iter = [4300/4651] Loss = 0.05872 Full = 0.05872 BBox = 0 Boxes = 0 Time = 235.6833s
Epoch = [ 47/ 50] Iter = [4400/4651] Loss = 0.191 Full = 0.1382 BBox = 0.1761 Boxes = 2 Time = 234.4813s
Epoch = [ 47/ 50] Iter = [4500/4651] Loss = 0.07629 Full = 0.06241 BBox = 0.04628 Boxes = 1 Time = 234.6613s
Epoch = [ 47/ 50] Iter = [4600/4651] Loss = 0.05253 Full = 0.05253 BBox = 0 Boxes = 0 Time = 233.8953s
Epoch = [  47/  50] Train = 0.06398 TrainFull = 0.0579 TrainBBox = 0.05163 ValFull = 0.09024 ValBBox = 0.05837 ValObjective = 0.1077 ValSSIMFull = 0.9098 ValSSIMBBox = 0.9416 TrainAnnotatedSlices = 1824 TrainBoxes = 2593 ValAnnotatedSlices = 110 ValBoxes = 161 ValFullSlices = 791 LR = 1.8e-05 NextLR = 1.8e-05 TrainTime = 10689.5767s ValTime = 331.0223s
  Official validation by acceleration | full={'acc4': 0.9223503041325974, 'acc8': 0.8971723089925945} bbox={'acc4': 0.9453329995413807, 'acc8': 0.9379253453678555}
Epoch #48 ............... promptmr8_metric_aligned_50ep_v1 ............... LR=1.8e-05
  mask-aug p = 1.000
  mr-aug   p = 0.499
Epoch = [ 48/ 50] Iter = [   0/4651] Loss = 0.08303 Full = 0.08303 BBox = 0 Boxes = 0 Time = 2.3385s
Epoch = [ 48/ 50] Iter = [ 100/4651] Loss = 0.05539 Full = 0.04244 BBox = 0.04318 Boxes = 1 Time = 240.2436s
Epoch = [ 48/ 50] Iter = [ 200/4651] Loss = 0.03413 Full = 0.03413 BBox = 0 Boxes = 0 Time = 236.1895s
Epoch = [ 48/ 50] Iter = [ 300/4651] Loss = 0.03805 Full = 0.03805 BBox = 0 Boxes = 0 Time = 234.9868s
Epoch = [ 48/ 50] Iter = [ 400/4651] Loss = 0.0323 Full = 0.0323 BBox = 0 Boxes = 0 Time = 235.4055s
Epoch = [ 48/ 50] Iter = [ 500/4651] Loss = 0.04297 Full = 0.04297 BBox = 0 Boxes = 0 Time = 235.1542s
Epoch = [ 48/ 50] Iter = [ 600/4651] Loss = 0.07606 Full = 0.07606 BBox = 0 Boxes = 0 Time = 235.6326s
Epoch = [ 48/ 50] Iter = [ 700/4651] Loss = 0.02565 Full = 0.02565 BBox = 0 Boxes = 0 Time = 234.1163s
Epoch = [ 48/ 50] Iter = [ 800/4651] Loss = 0.07362 Full = 0.07362 BBox = 0 Boxes = 0 Time = 239.6331s
Epoch = [ 48/ 50] Iter = [ 900/4651] Loss = 0.09082 Full = 0.07827 BBox = 0.04184 Boxes = 1 Time = 235.2806s
Epoch = [ 48/ 50] Iter = [1000/4651] Loss = 0.05907 Full = 0.04788 BBox = 0.03733 Boxes = 1 Time = 233.3216s
Epoch = [ 48/ 50] Iter = [1100/4651] Loss = 0.07362 Full = 0.07362 BBox = 0 Boxes = 0 Time = 235.0332s
Epoch = [ 48/ 50] Iter = [1200/4651] Loss = 0.07607 Full = 0.05856 BBox = 0.05835 Boxes = 1 Time = 233.7002s
Epoch = [ 48/ 50] Iter = [1300/4651] Loss = 0.0657 Full = 0.05405 BBox = 0.03884 Boxes = 2 Time = 235.6427s
Epoch = [ 48/ 50] Iter = [1400/4651] Loss = 0.04367 Full = 0.04367 BBox = 0 Boxes = 0 Time = 234.9702s
Epoch = [ 48/ 50] Iter = [1500/4651] Loss = 0.02252 Full = 0.02252 BBox = 0 Boxes = 0 Time = 234.4961s
Epoch = [ 48/ 50] Iter = [1600/4651] Loss = 0.04526 Full = 0.04526 BBox = 0 Boxes = 0 Time = 234.6822s
Epoch = [ 48/ 50] Iter = [1700/4651] Loss = 0.08715 Full = 0.08715 BBox = 0 Boxes = 0 Time = 234.4530s
Epoch = [ 48/ 50] Iter = [1800/4651] Loss = 0.0869 Full = 0.0869 BBox = 0 Boxes = 0 Time = 234.8577s
Epoch = [ 48/ 50] Iter = [1900/4651] Loss = 0.03742 Full = 0.03742 BBox = 0 Boxes = 0 Time = 234.7184s
Epoch = [ 48/ 50] Iter = [2000/4651] Loss = 0.0661 Full = 0.0661 BBox = 0 Boxes = 0 Time = 237.3615s
Epoch = [ 48/ 50] Iter = [2100/4651] Loss = 0.04572 Full = 0.04572 BBox = 0 Boxes = 0 Time = 234.5633s
Epoch = [ 48/ 50] Iter = [2200/4651] Loss = 0.08849 Full = 0.06517 BBox = 0.07775 Boxes = 1 Time = 234.9610s
Epoch = [ 48/ 50] Iter = [2300/4651] Loss = 0.02586 Full = 0.01974 BBox = 0.02039 Boxes = 1 Time = 239.9150s
Epoch = [ 48/ 50] Iter = [2400/4651] Loss = 0.1154 Full = 0.09727 BBox = 0.06037 Boxes = 1 Time = 235.1657s
Epoch = [ 48/ 50] Iter = [2500/4651] Loss = 0.07158 Full = 0.07158 BBox = 0 Boxes = 0 Time = 235.1731s
Epoch = [ 48/ 50] Iter = [2600/4651] Loss = 0.03882 Full = 0.03882 BBox = 0 Boxes = 0 Time = 233.9342s
Epoch = [ 48/ 50] Iter = [2700/4651] Loss = 0.04132 Full = 0.04132 BBox = 0 Boxes = 0 Time = 233.4069s
Epoch = [ 48/ 50] Iter = [2800/4651] Loss = 0.0511 Full = 0.0511 BBox = 0 Boxes = 0 Time = 234.5533s
Epoch = [ 48/ 50] Iter = [2900/4651] Loss = 0.04957 Full = 0.04957 BBox = 0 Boxes = 0 Time = 235.5124s
Epoch = [ 48/ 50] Iter = [3000/4651] Loss = 0.06343 Full = 0.04226 BBox = 0.07057 Boxes = 1 Time = 234.2652s
Epoch = [ 48/ 50] Iter = [3100/4651] Loss = 0.0551 Full = 0.0551 BBox = 0 Boxes = 0 Time = 234.8525s
Epoch = [ 48/ 50] Iter = [3200/4651] Loss = 0.08153 Full = 0.08153 BBox = 0 Boxes = 0 Time = 236.4847s
Epoch = [ 48/ 50] Iter = [3300/4651] Loss = 0.03342 Full = 0.03342 BBox = 0 Boxes = 0 Time = 231.1278s
Epoch = [ 48/ 50] Iter = [3400/4651] Loss = 0.07431 Full = 0.07431 BBox = 0 Boxes = 0 Time = 224.3932s
Epoch = [ 48/ 50] Iter = [3500/4651] Loss = 0.06445 Full = 0.06445 BBox = 0 Boxes = 0 Time = 229.8079s
Epoch = [ 48/ 50] Iter = [3600/4651] Loss = 0.07283 Full = 0.05212 BBox = 0.06903 Boxes = 1 Time = 224.4771s
Epoch = [ 48/ 50] Iter = [3700/4651] Loss = 0.07483 Full = 0.06332 BBox = 0.03837 Boxes = 2 Time = 225.1780s
Epoch = [ 48/ 50] Iter = [3800/4651] Loss = 0.01032 Full = 0.008204 BBox = 0.007045 Boxes = 1 Time = 225.7868s
Epoch = [ 48/ 50] Iter = [3900/4651] Loss = 0.03515 Full = 0.03515 BBox = 0 Boxes = 0 Time = 224.6442s
Epoch = [ 48/ 50] Iter = [4000/4651] Loss = 0.06916 Full = 0.06916 BBox = 0 Boxes = 0 Time = 228.7435s
Epoch = [ 48/ 50] Iter = [4100/4651] Loss = 0.07408 Full = 0.05566 BBox = 0.0614 Boxes = 4 Time = 229.5138s
Epoch = [ 48/ 50] Iter = [4200/4651] Loss = 0.01052 Full = 0.01052 BBox = 0 Boxes = 0 Time = 224.5262s
Epoch = [ 48/ 50] Iter = [4300/4651] Loss = 0.054 Full = 0.054 BBox = 0 Boxes = 0 Time = 224.8281s
Epoch = [ 48/ 50] Iter = [4400/4651] Loss = 0.1531 Full = 0.1531 BBox = 0 Boxes = 0 Time = 225.1267s
Epoch = [ 48/ 50] Iter = [4500/4651] Loss = 0.0396 Full = 0.02771 BBox = 0.03964 Boxes = 1 Time = 224.9439s
Epoch = [ 48/ 50] Iter = [4600/4651] Loss = 0.06838 Full = 0.05946 BBox = 0.02973 Boxes = 1 Time = 230.0579s
Epoch = [  48/  50] Train = 0.06381 TrainFull = 0.05776 TrainBBox = 0.05144 ValFull = 0.0902 ValBBox = 0.05797 ValObjective = 0.1076 ValSSIMFull = 0.9098 ValSSIMBBox = 0.9420 TrainAnnotatedSlices = 1824 TrainBoxes = 2593 ValAnnotatedSlices = 110 ValBoxes = 161 ValFullSlices = 791 LR = 1.8e-05 NextLR = 1.8e-05 TrainTime = 10820.2352s ValTime = 326.7008s
  Official validation by acceleration | full={'acc4': 0.9224127314307473, 'acc8': 0.897179688171794} bbox={'acc4': 0.9455140784522084, 'acc8': 0.9385448583850154}
Epoch #49 ............... promptmr8_metric_aligned_50ep_v1 ............... LR=1.8e-05
  mask-aug p = 1.000
  mr-aug   p = 0.500
Epoch = [ 49/ 50] Iter = [   0/4651] Loss = 0.05034 Full = 0.05034 BBox = 0 Boxes = 0 Time = 2.2947s
Epoch = [ 49/ 50] Iter = [ 100/4651] Loss = 0.02055 Full = 0.02055 BBox = 0 Boxes = 0 Time = 225.3668s
Epoch = [ 49/ 50] Iter = [ 200/4651] Loss = 0.07471 Full = 0.07471 BBox = 0 Boxes = 0 Time = 226.6597s
Epoch = [ 49/ 50] Iter = [ 300/4651] Loss = 0.06332 Full = 0.06332 BBox = 0 Boxes = 0 Time = 224.1247s
Epoch = [ 49/ 50] Iter = [ 400/4651] Loss = 0.07622 Full = 0.05029 BBox = 0.08646 Boxes = 1 Time = 225.5959s
Epoch = [ 49/ 50] Iter = [ 500/4651] Loss = 0.06136 Full = 0.06136 BBox = 0 Boxes = 0 Time = 226.2803s
Epoch = [ 49/ 50] Iter = [ 600/4651] Loss = 0.04997 Full = 0.04044 BBox = 0.03177 Boxes = 2 Time = 224.4716s
Epoch = [ 49/ 50] Iter = [ 700/4651] Loss = 0.0407 Full = 0.0407 BBox = 0 Boxes = 0 Time = 224.7013s
Epoch = [ 49/ 50] Iter = [ 800/4651] Loss = 0.02475 Full = 0.02045 BBox = 0.01433 Boxes = 2 Time = 225.2472s
Epoch = [ 49/ 50] Iter = [ 900/4651] Loss = 0.02366 Full = 0.01582 BBox = 0.02611 Boxes = 2 Time = 225.2848s
Epoch = [ 49/ 50] Iter = [1000/4651] Loss = 0.08586 Full = 0.07103 BBox = 0.04945 Boxes = 1 Time = 225.2285s
Epoch = [ 49/ 50] Iter = [1100/4651] Loss = 0.00691 Full = 0.00691 BBox = 0 Boxes = 0 Time = 225.3516s
Epoch = [ 49/ 50] Iter = [1200/4651] Loss = 0.0617 Full = 0.05191 BBox = 0.03263 Boxes = 2 Time = 224.8369s
Epoch = [ 49/ 50] Iter = [1300/4651] Loss = 0.05489 Full = 0.05489 BBox = 0 Boxes = 0 Time = 225.0995s
Epoch = [ 49/ 50] Iter = [1400/4651] Loss = 0.05595 Full = 0.03955 BBox = 0.05466 Boxes = 2 Time = 224.8393s
Epoch = [ 49/ 50] Iter = [1500/4651] Loss = 0.04546 Full = 0.04546 BBox = 0 Boxes = 0 Time = 225.2311s
Epoch = [ 49/ 50] Iter = [1600/4651] Loss = 0.03934 Full = 0.03934 BBox = 0 Boxes = 0 Time = 225.6452s
Epoch = [ 49/ 50] Iter = [1700/4651] Loss = 0.03396 Full = 0.02318 BBox = 0.03594 Boxes = 1 Time = 224.0712s
Epoch = [ 49/ 50] Iter = [1800/4651] Loss = 0.08037 Full = 0.05951 BBox = 0.06953 Boxes = 1 Time = 225.8140s
Epoch = [ 49/ 50] Iter = [1900/4651] Loss = 0.06781 Full = 0.06781 BBox = 0 Boxes = 0 Time = 224.9422s
Epoch = [ 49/ 50] Iter = [2000/4651] Loss = 0.09098 Full = 0.09098 BBox = 0 Boxes = 0 Time = 225.1842s
Epoch = [ 49/ 50] Iter = [2100/4651] Loss = 0.03346 Full = 0.03346 BBox = 0 Boxes = 0 Time = 224.6265s
Epoch = [ 49/ 50] Iter = [2200/4651] Loss = 0.03945 Full = 0.03945 BBox = 0 Boxes = 0 Time = 230.6260s
Epoch = [ 49/ 50] Iter = [2300/4651] Loss = 0.07046 Full = 0.07046 BBox = 0 Boxes = 0 Time = 228.2546s
Epoch = [ 49/ 50] Iter = [2400/4651] Loss = 0.05866 Full = 0.05866 BBox = 0 Boxes = 0 Time = 224.1147s
Epoch = [ 49/ 50] Iter = [2500/4651] Loss = 0.05854 Full = 0.05854 BBox = 0 Boxes = 0 Time = 223.9130s
Epoch = [ 49/ 50] Iter = [2600/4651] Loss = 0.03694 Full = 0.02879 BBox = 0.02715 Boxes = 1 Time = 228.6141s
Epoch = [ 49/ 50] Iter = [2700/4651] Loss = 0.2447 Full = 0.1954 BBox = 0.1643 Boxes = 1 Time = 228.1308s
Epoch = [ 49/ 50] Iter = [2800/4651] Loss = 0.03872 Full = 0.02843 BBox = 0.03428 Boxes = 1 Time = 225.3939s
Epoch = [ 49/ 50] Iter = [2900/4651] Loss = 0.039 Full = 0.039 BBox = 0 Boxes = 0 Time = 225.8034s
Epoch = [ 49/ 50] Iter = [3000/4651] Loss = 0.08825 Full = 0.07799 BBox = 0.03421 Boxes = 1 Time = 224.4588s
Epoch = [ 49/ 50] Iter = [3100/4651] Loss = 0.07403 Full = 0.05625 BBox = 0.05929 Boxes = 1 Time = 224.6362s
Epoch = [ 49/ 50] Iter = [3200/4651] Loss = 0.1354 Full = 0.1354 BBox = 0 Boxes = 0 Time = 225.3087s
Epoch = [ 49/ 50] Iter = [3300/4651] Loss = 0.05824 Full = 0.05824 BBox = 0 Boxes = 0 Time = 224.3140s
Epoch = [ 49/ 50] Iter = [3400/4651] Loss = 0.05515 Full = 0.04408 BBox = 0.03691 Boxes = 1 Time = 224.1156s
Epoch = [ 49/ 50] Iter = [3500/4651] Loss = 0.04001 Full = 0.04001 BBox = 0 Boxes = 0 Time = 225.4728s
Epoch = [ 49/ 50] Iter = [3600/4651] Loss = 0.006556 Full = 0.006556 BBox = 0 Boxes = 0 Time = 226.2031s
Epoch = [ 49/ 50] Iter = [3700/4651] Loss = 0.08058 Full = 0.08058 BBox = 0 Boxes = 0 Time = 225.0432s
Epoch = [ 49/ 50] Iter = [3800/4651] Loss = 0.065 Full = 0.065 BBox = 0 Boxes = 0 Time = 224.6574s
Epoch = [ 49/ 50] Iter = [3900/4651] Loss = 0.05426 Full = 0.04015 BBox = 0.04704 Boxes = 1 Time = 224.5649s
Epoch = [ 49/ 50] Iter = [4000/4651] Loss = 0.08593 Full = 0.07338 BBox = 0.04185 Boxes = 2 Time = 225.2724s
Epoch = [ 49/ 50] Iter = [4100/4651] Loss = 0.04128 Full = 0.02851 BBox = 0.0426 Boxes = 1 Time = 225.7148s
Epoch = [ 49/ 50] Iter = [4200/4651] Loss = 0.1311 Full = 0.1311 BBox = 0 Boxes = 0 Time = 224.1538s
Epoch = [ 49/ 50] Iter = [4300/4651] Loss = 0.03922 Full = 0.03387 BBox = 0.01785 Boxes = 2 Time = 226.3899s
Epoch = [ 49/ 50] Iter = [4400/4651] Loss = 0.01836 Full = 0.01836 BBox = 0 Boxes = 0 Time = 225.1551s
Epoch = [ 49/ 50] Iter = [4500/4651] Loss = 0.08882 Full = 0.08882 BBox = 0 Boxes = 0 Time = 224.8318s
Epoch = [ 49/ 50] Iter = [4600/4651] Loss = 0.03149 Full = 0.02374 BBox = 0.02585 Boxes = 1 Time = 225.0127s
Epoch = [  49/  50] Train = 0.06375 TrainFull = 0.0576 TrainBBox = 0.05209 ValFull = 0.09029 ValBBox = 0.05812 ValObjective = 0.1077 ValSSIMFull = 0.9097 ValSSIMBBox = 0.9419 TrainAnnotatedSlices = 1824 TrainBoxes = 2593 ValAnnotatedSlices = 110 ValBoxes = 161 ValFullSlices = 791 LR = 1.8e-05 NextLR = 1.8e-05 TrainTime = 10483.1901s ValTime = 335.7054s
  Official validation by acceleration | full={'acc4': 0.9222344239162286, 'acc8': 0.8971950236397485} bbox={'acc4': 0.945484679993068, 'acc8': 0.9382769167423248}
